Collected 1 tests (*)

Processing * in sil environment
--------------------------------------------------------------------------------
Building...
LDF: Library Dependency Finder -> https://bit.ly/configure-pio-ldf
LDF Modes: Finder ~ chain, Compatibility ~ soft
Ignored library /Users/dervlagargan/Documents/Projects/HiPR/Code/croi/firmware/lib/braiteoiri
Ignored library /Users/dervlagargan/Documents/Projects/HiPR/Code/croi/firmware/lib/eigen
More details about "Library Compatibility Mode": https://docs.platformio.org/page/librarymanager/ldf.html#ldf-compat-mode
Found 4 compatible libraries
Scanning dependencies...
Dependency Graph
|-- comheadan @ 0.0.0 (License: Unknown, Path: /Users/dervlagargan/Documents/Projects/HiPR/Code/croi/firmware/lib/comheadan)
|-- tools (License: Unknown, Path: /Users/dervlagargan/Documents/Projects/HiPR/Code/croi/firmware/src/tools)
|   |-- comheadan @ 0.0.0 (License: Unknown, Path: /Users/dervlagargan/Documents/Projects/HiPR/Code/croi/firmware/lib/comheadan)
|-- Unity @ 2.6.1 (License: MIT, Path: /Users/dervlagargan/Documents/Projects/HiPR/Code/croi/firmware/.pio/libdeps/sil/Unity)
Building in test mode
g++ -o .pio/build/sil/test/test_fsm.o -c -std=gnu++17 -DPLATFORMIO=60119 -DUNIT_TEST -DPIO_UNIT_TESTING -DUNIT_TEST -DUNITY_INCLUDE_CONFIG_H -DUNITY_INCLUDE_CONFIG_H -Isrc -I.pio/libdeps/sil/Unity/src -I.pio/build/sil/unity_config -Isrc/tools -Ilib/comheadan/include -Ilib/comheadan/src -I.pio/build/sil/unity_config -Itest -Ilib/eigen -Ilib/braiteoiri/include -Iinclude test/test_fsm.cpp
g++ -o .pio/build/sil/program .pio/build/sil/unity_config_build/unity_config.o .pio/build/sil/libf17/comheadan/I2C/I2C_Pico.o .pio/build/sil/libf17/comheadan/I2C/I2C_STM.o .pio/build/sil/libf17/comheadan/SPI/SPI_Pico.o .pio/build/sil/lib0da/tools/fsm.o .pio/build/sil/lib0da/tools/kalman_filter.o .pio/build/sil/lib0da/tools/state_machine.o .pio/build/sil/lib695/Unity/unity.o .pio/build/sil/test/test_fsm.o -L.pio/build/sil


Testing...
Loading CSV from path: test/data/EuRoC24.csv
Loaded 12288 IMU samples and 12288 Baro samples
data 0 0.411878 0.000000 -0.020751 1
State Machine: Ready, accel: 0.020757, threshold: 2.038736 
data 1000 0.427383 -0.018873 -0.020757 1
State Machine: Ready, accel: 0.011029, threshold: 2.038736 
data 2000 0.413385 -0.031372 -0.011029 1
State Machine: Ready, accel: 0.011033, threshold: 2.038736 
data 3000 0.434349 -0.005154 -0.011033 1
State Machine: Ready, accel: 0.011038, threshold: 2.038736 
data 4000 0.450074 -0.010098 -0.011038 1
State Machine: Ready, accel: 0.011044, threshold: 2.038736 
data 5000 0.452737 -0.011212 -0.011044 1
State Machine: Ready, accel: 0.011050, threshold: 2.038736 
data 6000 0.455001 -0.008901 -0.011050 1
State Machine: Ready, accel: 0.011030, threshold: 2.038736 
data 7000 0.458789 -0.008173 -0.011030 1
State Machine: Ready, accel: 0.011011, threshold: 2.038736 
data 8000 0.462126 -0.007315 -0.011011 1
State Machine: Ready, accel: 0.010993, threshold: 2.038736 
data 9000 0.465235 -0.006739 -0.010993 1
State Machine: Ready, accel: 0.010976, threshold: 2.038736 
data 10000 0.468158 -0.006150 -0.010976 1
State Machine: Ready, accel: 0.008643, threshold: 2.038736 
data 11000 0.479662 -0.004286 0.008643 1
State Machine: Ready, accel: 0.028339, threshold: 2.038736 
data 12000 0.498259 0.014750 0.028339 1
State Machine: Ready, accel: 0.018834, threshold: 2.038736 
data 13000 0.516318 0.015551 0.018834 1
State Machine: Ready, accel: 0.018998, threshold: 2.038736 
data 14000 0.527180 0.003946 0.018998 1
State Machine: Ready, accel: 0.009429, threshold: 2.038736 
data 15000 0.538787 0.013388 0.009429 1
State Machine: Ready, accel: 0.029340, threshold: 2.038736 
data 16000 0.549825 -0.003494 -0.029340 1
State Machine: Ready, accel: 0.038918, threshold: 2.038736 
data 17000 0.558814 -0.017434 -0.038918 1
State Machine: Ready, accel: 0.038715, threshold: 2.038736 
data 18000 0.573255 -0.009823 -0.038715 1
State Machine: Ready, accel: 0.019869, threshold: 2.038736 
data 19000 0.588243 -0.015495 0.019869 1
State Machine: Ready, accel: 0.020063, threshold: 2.038736 
data 20000 0.605682 0.029059 0.020063 1
State Machine: Ready, accel: 0.020197, threshold: 2.038736 
data 21000 0.616783 -0.013795 0.020197 1
State Machine: Ready, accel: 0.030060, threshold: 2.038736 
data 22000 0.627394 0.026118 0.030060 1
State Machine: Ready, accel: 0.028428, threshold: 2.038736 
data 23000 0.624472 -0.007613 -0.028428 1
State Machine: Ready, accel: 0.028245, threshold: 2.038736 
data 24000 0.636431 -0.007714 -0.028245 1
State Machine: Ready, accel: 0.028068, threshold: 2.038736 
data 25000 0.650417 -0.006867 -0.028068 1
State Machine: Ready, accel: 0.018445, threshold: 2.038736 
data 26000 0.646798 -0.008464 -0.018445 1
State Machine: Ready, accel: 0.010561, threshold: 2.038736 
data 27000 0.638285 -0.001904 0.010561 1
State Machine: Ready, accel: 0.010457, threshold: 2.038736 
data 28000 0.635422 0.006884 0.010457 1
State Machine: Ready, accel: 0.010355, threshold: 2.038736 
data 29000 0.631804 -0.001842 0.010355 1
State Machine: Ready, accel: 0.010171, threshold: 2.038736 
data 30000 0.623035 0.006088 0.010171 1
State Machine: Ready, accel: 0.009990, threshold: 2.038736 
data 31000 0.614354 -0.001785 0.009990 1
State Machine: Ready, accel: 0.009810, threshold: 2.038736 
data 32000 0.605549 0.005674 0.009810 1
State Machine: Ready, accel: 0.009548, threshold: 2.038736 
data 33000 0.591644 -0.002055 0.009548 1
State Machine: Ready, accel: 0.009292, threshold: 2.038736 
data 34000 0.577844 0.005295 0.009292 1
State Machine: Ready, accel: 0.009039, threshold: 2.038736 
data 35000 0.564181 -0.002041 0.009039 1
State Machine: Ready, accel: 0.028255, threshold: 2.038736 
data 36000 0.550630 0.004965 0.028255 1
State Machine: Ready, accel: 0.028011, threshold: 2.038736 
data 37000 0.537467 0.005820 0.028011 1
State Machine: Ready, accel: 0.027772, threshold: 2.038736 
data 38000 0.524132 0.004674 0.027772 1
State Machine: Ready, accel: 0.027538, threshold: 2.038736 
data 39000 0.510950 0.005520 0.027538 1
State Machine: Ready, accel: 0.027392, threshold: 2.038736 
data 40000 0.503082 0.004684 0.027392 1
State Machine: Ready, accel: 0.027165, threshold: 2.038736 
data 41000 0.490101 0.005027 0.027165 1
State Machine: Ready, accel: 0.027217, threshold: 2.038736 
data 42000 0.494302 0.005257 0.027217 1
State Machine: Ready, accel: 0.027126, threshold: 2.038736 
data 43000 0.489696 0.004473 0.027126 1
State Machine: Ready, accel: 0.027037, threshold: 2.038736 
data 44000 0.485128 0.005060 0.027037 1
State Machine: Ready, accel: 0.026950, threshold: 2.038736 
data 45000 0.480602 0.004308 0.026950 1
State Machine: Ready, accel: 0.085391, threshold: 2.038736 
data 46000 0.484880 0.005262 0.085391 1
State Machine: Ready, accel: 0.085303, threshold: 2.038736 
data 47000 0.480876 0.023748 0.085303 1
State Machine: Ready, accel: 0.094950, threshold: 2.038736 
data 48000 0.476382 0.005069 0.094950 1
State Machine: Ready, accel: 0.444993, threshold: 2.038736 
data 49000 0.459944 0.025827 0.444993 1
State Machine: Ready, accel: 2.225524, threshold: 2.038736 
data 50000 0.446496 0.119644 2.225524 2
data 51000 0.444629 0.601106 12.929543 2
data 52000 0.503817 3.534032 19.994041 2
data 53000 0.534547 2.811814 23.039558 2
data 54000 0.541024 4.398549 24.177856 2
data 55000 0.537035 3.097288 29.101568 2
data 56000 0.572804 5.801450 29.101551 2
data 57000 0.580381 3.028449 32.098713 2
data 58000 0.607850 6.573487 37.129707 2
data 59000 0.650783 4.450244 41.537876 2
data 60000 0.705338 7.730021 44.943970 2
data 61000 0.761318 5.347661 45.012295 2
data 62000 0.801971 7.602057 45.966148 2
data 63000 0.851836 5.518674 46.842133 2
data 64000 0.873274 7.710020 48.106842 2
data 65000 0.901308 5.773320 49.400734 2
data 66000 0.919059 7.934493 50.091068 2
data 67000 0.952656 5.865159 50.217201 2
data 68000 1.021920 7.839420 50.275768 2
data 69000 1.060558 5.785301 50.460247 2
data 70000 1.099687 7.765855 50.985249 2
data 71000 1.144611 5.835699 51.013935 2
data 72000 1.222345 7.657956 51.228016 2
data 73000 1.304701 5.805948 51.412857 2
data 74000 1.390012 7.596341 52.045319 2
data 75000 1.487506 5.887774 52.093971 2
data 76000 1.587491 7.504694 52.356720 2
data 77000 1.693910 5.875619 52.638916 2
data 78000 1.805668 7.477603 52.804352 2
data 79000 1.922732 5.841669 53.144939 2
data 80000 2.045537 7.468628 53.592579 2
data 81000 2.174387 5.880861 54.030476 2
data 82000 2.308469 7.486547 54.468380 2
data 83000 2.448341 5.918857 54.526764 2
data 84000 2.592444 7.414047 54.682468 2
data 85000 2.742641 5.889633 55.042515 2
data 86000 2.898755 7.418364 55.052250 2
data 87000 3.059725 5.827988 55.509605 2
data 88000 3.227449 7.448110 55.587467 2
data 89000 3.400064 5.785668 55.636120 2
data 90000 3.578109 7.382936 56.365955 2
data 91000 3.763705 5.899157 56.628696 2
data 92000 3.953748 7.371190 57.339077 2
data 93000 4.150809 6.007556 57.504501 2
data 94000 4.352275 7.339139 57.767250 2
data 95000 4.559917 6.012369 57.893753 2
data 96000 4.773035 7.300675 58.059181 2
data 97000 4.992225 5.996450 58.487343 2
data 98000 5.217774 7.333294 58.487347 2
data 99000 5.448522 5.944860 58.526272 2
data 100000 5.685145 7.279313 58.565205 2
data 101000 5.927775 5.904331 58.604122 2
data 102000 6.176258 7.227881 59.197723 2
data 103000 6.431900 5.989339 59.236649 2
data 104000 6.692364 7.178851 59.499390 2
data 105000 6.959308 6.001178 59.528580 2
data 106000 7.231820 7.129954 59.655090 2
data 107000 7.510588 5.984211 59.674549 2
data 108000 7.795147 7.081090 59.703743 2
data 109000 8.085842 5.947513 59.839981 2
data 110000 8.382776 7.059617 59.839985 2
data 111000 8.685694 5.906181 59.839981 2
data 112000 8.994548 7.010374 59.742672 2
data 113000 9.309349 5.845635 60.024876 2
data 114000 9.630682 7.023393 59.762135 2
data 115000 9.957306 5.751681 59.762131 2
data 116000 10.290164 6.977395 59.762135 2
data 117000 10.629144 5.715629 59.762131 2
data 118000 10.974082 6.933101 59.762131 2
data 119000 11.325153 5.680985 60.599014 2
data 120000 11.683520 7.066118 60.725521 2
data 121000 12.047131 5.674191 60.968796 2
data 122000 12.416972 7.074647 61.319122 2
data 123000 12.793337 5.714939 61.416428 2
data 124000 13.175606 7.053806 61.523476 2
data 125000 13.564109 5.705693 61.562397 2
data 126000 13.958635 7.022124 61.562397 2
data 127000 14.359346 5.675330 62.156002 2
data 128000 14.767123 7.105558 62.243580 2
data 129000 15.180644 5.664038 62.642555 2
data 130000 15.600763 7.149220 62.652283 2
data 131000 16.026974 5.637784 62.662018 2
data 132000 16.459393 7.114207 62.739876 2
data 133000 16.898308 5.626314 62.778790 2
data 134000 17.343559 7.086288 62.739876 2
data 135000 17.795099 5.592086 62.739872 2
data 136000 18.252874 7.051611 62.730141 2
data 137000 18.716986 5.564696 62.691212 2
data 138000 19.187271 7.010241 62.730141 2
data 139000 19.664351 5.547910 62.739872 2
data 140000 20.147625 6.979700 62.739876 2
data 141000 20.637186 5.524126 62.827450 2
data 142000 21.133276 6.965594 62.827454 2
data 143000 21.635796 5.501153 63.615669 2
data 144000 22.145552 7.090723 63.615673 2
data 145000 22.660933 5.479002 63.615669 2
data 146000 23.182598 7.060286 63.615673 2
data 147000 23.710634 5.457579 63.664326 2
data 148000 24.244997 7.040283 63.664330 2
data 149000 24.786055 5.436852 63.664326 2
data 150000 25.333418 7.011564 63.683788 2
data 151000 25.887423 5.420577 63.956264 2
data 152000 26.448490 7.036662 63.966000 2
data 153000 27.015699 5.403033 63.965996 2
data 154000 27.589596 7.009340 64.082771 2
data 155000 28.170130 5.406782 64.160629 2
data 156000 28.757036 6.997818 64.160629 2
data 157000 29.350487 5.388443 64.170349 2
data 158000 29.950300 6.973812 64.170349 2
data 159000 30.556829 5.370668 64.442833 2
data 160000 31.170074 7.000860 64.442833 2
data 161000 31.790009 5.353459 64.530411 2
data 162000 32.416737 6.992884 64.530411 2
data 163000 33.049931 5.336769 64.530411 2
data 164000 33.689850 6.968772 64.559608 2
data 165000 34.336632 5.326124 64.579063 2
data 166000 34.989899 6.948991 64.705574 2
data 167000 35.649792 5.334350 64.802879 2
data 168000 36.316113 6.944534 64.822342 2
data 169000 36.988838 5.322657 64.822342 2
data 170000 37.668739 6.922200 64.822342 2
data 171000 38.355080 5.307714 64.822342 2
data 172000 39.048077 6.900427 64.822342 2
data 173000 39.747948 5.293200 64.822342 2
data 174000 40.454449 6.879200 64.734764 2
data 175000 41.167332 5.262691 64.686111 2
data 176000 41.886623 6.849391 64.608253 2
data 177000 42.612679 5.234491 64.608253 2
data 178000 43.345467 6.829211 64.608253 2
data 179000 44.084663 5.221249 64.686111 2
data 180000 44.830894 6.823998 64.715309 2
data 181000 45.583920 5.213803 64.832077 2
data 182000 46.344177 6.826390 64.851540 2
data 183000 47.111275 5.204887 64.987778 2
data 184000 47.885605 6.832716 65.094818 2
data 185000 48.667725 5.212489 65.279709 2
data 186000 49.456764 6.848320 65.279709 2
data 187000 50.252827 5.200596 65.279709 2
data 188000 51.055870 6.830142 65.279709 2
data 189000 51.865807 5.189016 65.279709 2
data 190000 52.682167 6.812376 65.377022 2
data 191000 53.506485 5.195589 65.377022 2
data 192000 54.337368 6.795026 65.377022 2
data 193000 55.175968 5.184554 65.162933 2
data 194000 56.020966 6.738954 65.133743 2
data 195000 56.872887 5.168442 65.075356 2
data 196000 57.732174 6.711851 65.075356 2
data 197000 58.597965 5.157937 65.133743 2
data 198000 59.470844 6.706402 65.289444 2
data 199000 60.350571 5.175991 65.289444 2
data 200000 61.237186 6.690670 65.289444 2
data 201000 62.130371 5.165932 65.289444 2
data 202000 63.030930 6.675289 65.600830 2
data 203000 63.938465 5.212449 65.610565 2
data 204000 64.852234 6.662020 65.630028 2
data 205000 65.772949 5.206247 66.058197 2
data 206000 66.700798 6.724532 66.496101 2
data 207000 67.635422 5.275692 66.681000 2
data 208000 68.576706 6.743253 66.700462 2
data 209000 69.524620 5.269788 66.846428 2
data 210000 70.479309 6.755135 66.856163 2
data 211000 71.441643 5.262373 66.875618 2
data 212000 72.410484 6.744520 67.332985 2
data 213000 73.387085 5.335339 67.527611 2
data 214000 74.371117 6.765582 67.809814 2
data 215000 75.364449 5.376881 68.111481 2
data 216000 76.364601 6.805912 68.237984 2
data 217000 77.372009 5.390645 68.335297 2
data 218000 78.386856 6.809873 68.354759 2
data 219000 79.409668 5.385468 68.354759 2
data 220000 80.440498 6.796717 68.354759 2
data 221000 81.478783 5.377014 68.617493 2
data 222000 82.524399 6.830483 68.617493 2
data 223000 83.576660 5.368775 68.656425 2
data 224000 84.638161 6.824639 68.656425 2
data 225000 85.706085 5.360724 68.617493 2
data 226000 86.782867 6.805226 68.617493 2
data 227000 87.866997 5.352856 68.520187 2
data 228000 88.958397 6.775750 68.520187 2
data 229000 90.060051 5.345178 68.520187 2
data 230000 91.168159 6.763735 68.393684 2
data 231000 92.285095 5.315354 68.325562 2
data 232000 93.409943 6.739938 67.965515 2
data 233000 94.543945 5.244662 67.644379 2
data 234000 95.687546 6.671877 67.420570 2
data 235000 96.838440 5.198265 67.420570 2
data 236000 97.997620 6.660604 67.410835 2
data 237000 99.165146 5.189744 67.391373 2
data 238000 100.339500 6.646112 67.391373 2
data 239000 101.520180 5.183064 67.391373 2
data 240000 102.710037 6.635260 67.401100 2
data 241000 103.906708 5.178234 67.420570 2
data 242000 105.109818 6.627985 67.420570 2
data 243000 106.321342 5.171868 68.257446 2
data 244000 107.541618 6.763620 68.383949 2
data 245000 108.768074 5.187789 68.880241 2
data 246000 110.002281 6.839552 68.987282 2
data 247000 111.243896 5.200438 69.026207 2
data 248000 112.493813 6.835757 69.026207 2
data 249000 113.752205 5.194539 69.035942 2
data 250000 115.022469 6.827075 69.035942 2
data 251000 116.299110 5.188750 69.035942 2
data 252000 117.585411 6.816856 68.987282 2
data 253000 118.880173 5.174655 68.958092 2
data 254000 120.184311 6.801741 68.938629 2
data 255000 121.497620 5.165766 68.743996 2
data 256000 122.817268 6.758131 68.471527 2
data 257000 124.145355 5.113179 68.053093 2
data 258000 125.480606 6.676060 67.994705 2
data 259000 126.828873 5.097839 67.157814 2
data 260000 128.182816 6.522069 66.788033 2
data 261000 129.545853 5.028759 66.778305 2
data 262000 130.918793 6.511401 66.768578 2
data 263000 132.304932 5.022089 66.136055 2
data 264000 133.698914 6.393540 66.077667 2
data 265000 135.100174 5.007030 65.844109 2
data 266000 136.509659 6.344828 65.824654 2
data 267000 137.929153 4.998784 65.269974 2
data 268000 139.356766 6.241161 65.269974 2
data 269000 140.791534 4.993910 65.269974 2
data 270000 142.232971 6.233159 65.269974 2
data 271000 143.682144 4.989135 65.269974 2
data 272000 145.137756 6.225283 65.279709 2
data 273000 146.604050 4.986145 65.484055 2
data 274000 148.076965 6.252552 65.649490 2
data 275000 149.559494 5.009929 66.301468 2
data 276000 151.048950 6.356479 66.301476 2
data 277000 152.548798 5.005491 66.301468 2
data 278000 154.057495 6.348749 66.301476 2
data 279000 155.575256 5.001128 66.301468 2
data 280000 157.104065 6.341154 66.301476 2
data 281000 158.639435 4.996825 65.960892 2
data 282000 160.182297 6.275535 65.620293 2
data 283000 161.740875 4.934542 65.065620 2
data 284000 163.306168 6.173640 64.063309 2
data 285000 164.880325 4.759662 64.063309 2
data 286000 166.464874 6.166478 63.674057 2
data 287000 168.059845 4.689661 63.469700 2
data 288000 169.666245 6.124627 63.391850 2
data 289000 171.282104 4.672822 63.236149 2
data 290000 172.907944 6.091208 62.282501 2
data 291000 174.541138 4.507291 61.951633 2
data 292000 176.180283 6.028095 61.815403 2
data 293000 177.824387 4.480909 61.815399 2
data 294000 179.481155 6.021380 61.815403 2
data 295000 181.142120 4.477740 61.815399 2
data 296000 182.816650 6.014768 61.815403 2
data 297000 184.495941 4.474638 62.010029 2
data 298000 186.185074 6.041191 62.876102 2
data 299000 187.882904 4.618201 62.876102 2
data 300000 189.593094 6.034804 62.876102 2
data 301000 191.307526 4.615001 62.876102 2
data 302000 193.031158 6.028488 62.876102 2
data 303000 194.765366 4.611893 62.389538 2
data 304000 196.512405 5.940125 62.214378 2
data 305000 198.267319 4.579216 62.204643 2
data 306000 200.032623 5.932448 61.698631 2
data 307000 201.809189 4.490888 61.319111 2
data 308000 203.595428 5.862475 61.309387 2
data 309000 205.388641 4.486360 60.696320 2
data 310000 207.195328 5.753416 60.190289 2
data 311000 209.007751 4.398255 59.246368 2
data 312000 210.831619 5.588938 59.110134 2
data 313000 212.664627 4.372531 58.973896 2
data 314000 214.505280 5.560668 58.973896 2
data 315000 216.353836 4.369785 58.973896 2
data 316000 218.213715 5.555437 59.110134 2
data 317000 220.080170 4.389961 59.246368 2
data 318000 221.954498 5.573144 59.684273 2
data 319000 223.843597 4.460818 59.752396 2
data 320000 225.735550 5.579455 59.752399 2
data 321000 227.645111 4.458158 59.752396 2
data 322000 229.560318 5.574409 59.752399 2
data 323000 231.488205 4.455514 59.752396 2
data 324000 233.422531 5.569427 59.382607 2
data 325000 235.367691 4.390979 58.526260 2
data 326000 237.326889 5.421210 58.477615 2
data 327000 239.294830 4.380251 58.282986 2
data 328000 241.273346 5.383980 57.241745 2
data 329000 243.257751 4.203617 57.241745 2
data 330000 245.255920 5.379327 57.241745 2
data 331000 247.258560 4.201320 57.241745 2
data 332000 249.275101 5.374735 57.241745 2
data 333000 251.302856 4.199102 57.241745 2
data 334000 253.338379 5.370169 57.426640 2
data 335000 255.384567 4.227763 57.494755 2
data 336000 257.437164 5.377029 57.630997 2
data 337000 259.496460 4.248271 57.630997 2
data 338000 261.566986 5.372612 57.494759 2
data 339000 263.641174 4.223360 57.426640 2
data 340000 265.722168 5.356869 57.377987 2
data 341000 267.818329 4.213171 57.319603 2
data 342000 269.923676 5.342832 57.319603 2
data 343000 272.048645 4.211147 57.154167 2
data 344000 274.174561 5.311006 56.482719 2
data 345000 276.315216 4.097474 55.713959 2
data 346000 278.464447 5.178992 55.003582 2
data 347000 280.627106 3.977507 54.916004 2
data 348000 282.800568 5.160358 54.916004 2
data 349000 284.979340 3.975689 54.916004 2
data 350000 287.168396 5.156335 54.886803 2
data 351000 289.359772 3.969039 54.886803 2
data 352000 291.564575 5.152376 54.916004 2
data 353000 293.772278 3.972116 54.925732 2
data 354000 295.987122 5.150053 55.451214 2
data 355000 298.221130 4.057549 55.451214 2
data 356000 300.457794 5.146182 55.451214 2
data 357000 302.707947 4.055788 55.334442 2
data 358000 304.966675 5.123050 54.925732 2
data 359000 307.230042 3.986346 54.925732 2
data 360000 309.508881 5.119318 54.594872 2
data 361000 311.798767 3.929968 54.555946 2
data 362000 314.097107 5.109111 53.699604 2
data 363000 316.409882 3.786857 53.699604 2
data 364000 318.732697 5.105328 53.699604 2
data 365000 321.062958 3.785471 53.456322 2
data 366000 323.402161 5.061397 53.388206 2
data 367000 325.747131 3.772831 53.349281 2
data 368000 328.100555 5.051305 53.349281 2
data 369000 330.473938 3.771550 53.388206 2
data 370000 332.852448 5.054093 53.388206 2
data 371000 335.230286 3.770193 53.933151 2
data 372000 337.622803 5.140403 53.933151 2
data 373000 340.033295 3.769005 53.991535 2
data 374000 342.451752 5.146375 53.991535 2
data 375000 344.874725 3.767772 53.991535 2
data 376000 347.306335 5.142757 53.991535 2
data 377000 349.751343 3.766607 53.991535 2
data 378000 352.203613 5.139160 53.281162 2
data 379000 354.667725 3.648537 53.242241 2
data 380000 357.150055 5.129195 53.144928 2
data 381000 359.629364 3.631446 53.008690 2
data 382000 362.122742 5.103234 52.415092 2
data 383000 364.623383 3.532842 52.162079 2
data 384000 367.129608 5.058062 52.162079 2
data 385000 369.642609 3.531945 52.561058 2
data 386000 372.168243 5.120144 52.561058 2
data 387000 374.703705 3.531106 52.084229 2
data 388000 377.254395 5.038356 51.879875 2
data 389000 379.807068 3.496657 51.879871 2
data 390000 382.369904 5.034943 51.772831 2
data 391000 384.945679 3.478302 51.772831 2
data 392000 387.541840 5.031608 51.733906 2
data 393000 390.140015 3.471100 51.354393 2
data 394000 392.736389 4.965963 51.188965 2
data 395000 395.354034 3.443254 51.188965 2
data 396000 397.973541 4.962650 51.188965 2
data 397000 400.598053 3.442488 51.188965 2
data 398000 403.228943 4.959391 51.052727 2
data 399000 405.865112 3.419421 50.653748 2
data 400000 408.508423 4.890834 50.653748 2
data 401000 411.181915 3.418795 50.595360 2
data 402000 413.858093 4.878124 50.556435 2
data 403000 416.544769 3.411709 50.400734 2
data 404000 419.225983 4.849499 50.400734 2
data 405000 421.917114 3.410997 50.332619 2
data 406000 424.628540 4.835389 50.332619 2
data 407000 427.341217 3.410250 50.332619 2
data 408000 430.064667 4.832411 50.332619 2
data 409000 432.796265 3.409548 50.089336 2
data 410000 435.543060 4.789742 50.089340 2
data 411000 438.282593 3.408765 50.089336 2
data 412000 441.034180 4.786870 50.099068 2
data 413000 443.795227 3.409665 50.089336 2
data 414000 446.566742 4.782429 50.089340 2
data 415000 449.338806 3.408943 49.982296 2
data 416000 452.120087 4.762135 49.807133 2
data 417000 454.907990 3.379682 49.670895 2
data 418000 457.712921 4.737153 49.427620 2
data 419000 460.532776 3.339390 48.921600 2
data 420000 463.359009 4.651880 48.814556 2
data 421000 466.199554 3.321326 48.795094 2
data 422000 469.038361 4.645981 48.795094 2
data 423000 471.896210 3.320758 48.795094 2
data 424000 474.761261 4.643324 48.795094 2
data 425000 477.618256 3.320073 48.795094 2
data 426000 480.489380 4.640724 48.765900 2
data 427000 483.363678 3.314700 48.765900 2
data 428000 486.244873 4.638113 48.765900 2
data 429000 489.117554 3.314041 48.765900 2
data 430000 492.003021 4.635555 48.834015 2
data 431000 494.909637 3.324613 49.018906 2
data 432000 497.816864 4.663034 48.989716 2
data 433000 500.738525 3.319341 48.834015 2
data 434000 503.657227 4.635117 48.834015 2
data 435000 506.580750 3.318774 48.834015 2
data 436000 509.515198 4.632619 48.834015 2
data 437000 512.465637 3.318268 48.775631 2
data 438000 515.429138 4.620667 48.512894 2
data 439000 518.402344 3.275070 48.337727 2
data 440000 521.398926 4.589817 48.337727 2
data 441000 524.388367 3.274498 48.269611 2
data 442000 527.393005 4.576361 48.133377 2
data 443000 530.415710 3.251935 47.948483 2
data 444000 533.427002 4.543864 47.880360 2
data 445000 536.438171 3.240360 47.695469 2
data 446000 539.448730 4.511474 47.880360 2
data 447000 542.461487 3.269833 47.948483 2
data 448000 545.478516 4.520198 47.948486 2
data 449000 548.493530 3.269293 47.880360 2
data 450000 551.525696 4.506906 47.821976 2
data 451000 554.549133 3.259264 47.637085 2
data 452000 557.583740 4.474696 47.471653 2
data 453000 560.626038 3.231978 47.471653 2
data 454000 563.684204 4.472494 47.354881 2
data 455000 566.757080 3.212629 46.498535 2
data 456000 569.849731 4.331682 46.303917 2
data 457000 572.932983 3.180545 46.303917 2
data 458000 576.012573 4.329530 46.303917 2
data 459000 579.094543 3.180055 46.498535 2
data 460000 582.175171 4.358890 46.352570 2
data 461000 585.279846 3.156071 46.352570 2
data 462000 588.390991 4.356779 46.352570 2
data 463000 591.515808 3.155680 46.352570 2
data 464000 594.646973 4.354685 46.352570 2
data 465000 597.765808 3.155186 46.352570 2
data 466000 600.908142 4.352673 45.710312 2
data 467000 604.070679 3.051051 45.428104 2
data 468000 607.233643 4.304935 45.165367 2
data 469000 610.410583 3.008302 44.922089 2
data 470000 613.589661 4.263546 44.922089 2
data 471000 616.771973 3.007978 44.922089 2
data 472000 619.971252 4.261562 44.853970 2
data 473000 623.184326 2.996706 44.785851 2
data 474000 626.397278 4.248516 44.318756 2
data 475000 629.611877 2.921007 44.221443 2
data 476000 632.827576 4.230755 43.832195 2
data 477000 636.052917 2.857986 43.676498 2
data 478000 639.286194 4.203612 43.579185 2
data 479000 642.524536 2.842098 43.579185 2
data 480000 645.758606 4.201560 43.345634 2
data 481000 649.006592 2.804302 43.306713 2
data 482000 652.269104 4.193310 43.219131 2
data 483000 655.519287 2.789971 43.180206 2
data 484000 658.768555 4.185014 43.180210 2
data 485000 662.034973 2.789892 43.180206 2
data 486000 665.297791 4.183002 43.219131 2
data 487000 668.563416 2.796030 43.180206 2
data 488000 671.828552 4.174751 43.180210 2
data 489000 675.104187 2.795925 43.180206 2
data 490000 678.386963 4.172822 43.180210 2
data 491000 681.687317 2.795855 43.180206 2
data 492000 684.994019 4.170893 42.440639 2
data 493000 688.303772 2.676694 42.246017 2
data 494000 691.621155 4.137614 42.187630 2
data 495000 694.940063 2.667250 42.080585 2
data 496000 698.258545 4.118436 41.954082 2
data 497000 701.569946 2.646823 42.041660 2
data 498000 704.886780 4.130607 41.954082 2
data 499000 708.205627 2.632725 41.954079 2
data 500000 711.535767 4.128712 41.876232 2
data 501000 714.871094 2.620221 41.827576 2
data 502000 718.211609 4.118978 41.584293 2
data 503000 721.571838 2.581187 40.825264 2
data 504000 724.927673 3.995054 40.796070 2
data 505000 728.297058 2.576525 40.796070 2
data 506000 731.677429 3.993269 40.504135 2
data 507000 735.059265 2.529617 40.484673 2
data 508000 738.427795 3.988255 40.231663 2
data 509000 741.785706 2.488963 40.231663 2
data 510000 745.157715 3.986473 40.231663 2
data 511000 748.539673 2.489057 40.231663 2
data 512000 751.908875 3.984596 40.027309 2
data 513000 755.300781 2.456400 39.861874 2
data 514000 758.676880 3.956156 39.754833 2
data 515000 762.074341 2.439379 39.754833 2
data 516000 765.482971 3.954396 39.667255 2
data 517000 768.895874 2.425432 39.589401 2
data 518000 772.323120 3.940161 39.141773 2
data 519000 775.740417 2.353697 39.141773 2
data 520000 779.169861 3.938400 39.141773 2
data 521000 782.597473 2.353832 38.606556 2
data 522000 786.016052 3.850762 38.606556 2
data 523000 789.436035 2.353952 38.791451 2
data 524000 792.872253 3.878735 38.528706 2
data 525000 796.317139 2.312005 38.470322 2
data 526000 799.760498 3.867623 38.431396 2
data 527000 803.214417 2.305966 38.431396 2
data 528000 806.673462 3.865900 37.925377 2
data 529000 810.140259 2.225104 37.925377 2
data 530000 813.611450 3.864155 37.925377 2
data 531000 817.090332 2.225358 37.925377 2
data 532000 820.563843 3.862380 37.594517 2
data 533000 824.020813 2.172547 37.360970 2
data 534000 827.480652 3.823240 37.360970 2
data 535000 830.940552 2.172795 37.360970 2
data 536000 834.419739 3.821588 37.360970 2
data 537000 837.909790 2.173084 37.224731 2
data 538000 841.410828 3.798102 36.251614 2
data 539000 844.916992 2.017653 36.212688 2
data 540000 848.404846 3.790047 36.212688 2
data 541000 851.911133 2.018071 36.212688 2
data 542000 855.410583 3.788274 35.901291 2
data 543000 858.910339 1.968621 35.667744 2
data 544000 862.420715 3.749214 35.667744 2
data 545000 865.920105 1.968949 35.667744 2
data 546000 869.422424 3.747506 35.667744 2
data 547000 872.936035 1.969359 35.619083 2
data 548000 876.454590 3.738031 35.054680 2
data 549000 879.991150 1.879588 34.645969 2
data 550000 901.497437 3.736304 33.877209 2
data 551000 912.156250 1.717717 33.877209 2
data 552000 919.371399 3.721988 33.877209 2
data 553000 924.908936 1.712164 33.877209 2
data 554000 929.549561 3.716958 33.877209 2
data 555000 934.101013 1.712373 33.877209 2
data 556000 938.174377 3.713465 33.877209 2
data 557000 942.056519 1.712220 33.877209 2
data 558000 945.775391 3.711122 33.877209 2
data 559000 949.442505 1.712570 33.877209 2
data 560000 953.307556 3.710084 33.877209 2
data 561000 957.197083 1.713192 33.877209 2
data 562000 960.833496 3.707447 33.877209 2
data 563000 964.355225 1.713319 33.877209 2
data 564000 967.958618 3.706013 33.877209 2
data 565000 971.493286 1.713611 33.877209 2
data 566000 974.872070 3.703750 33.877209 2
data 567000 978.175293 1.713880 33.877209 2
data 568000 981.433411 3.701890 33.877209 2
data 569000 984.657349 1.714296 33.877209 2
data 570000 987.938538 3.700401 33.877209 2
data 571000 991.204163 1.714777 33.877209 2
data 572000 994.396423 3.698464 33.877209 2
data 573000 997.609558 1.715386 33.877209 2
data 574000 1000.722107 3.696444 33.877209 2
data 575000 1003.979187 1.716424 33.877209 2
data 576000 1007.127319 3.694407 33.877209 2
data 577000 1010.179993 1.716627 33.877209 2
data 578000 1013.166504 3.692530 33.877209 2
data 579000 1016.164612 1.717201 33.877209 2
data 580000 1019.078674 3.690602 33.877209 2
data 581000 1021.911438 1.717456 33.877209 2
data 582000 1024.758667 3.689025 33.877209 2
data 583000 1027.587402 1.717926 33.877209 2
data 584000 1030.404785 3.687368 33.877209 2
data 585000 1033.177368 1.718307 33.877209 2
data 586000 1035.895752 3.685575 33.877209 2
data 587000 1038.621338 1.718865 33.877209 2
data 588000 1041.275269 3.683734 33.877209 2
data 589000 1043.877808 1.719224 33.877209 2
data 590000 1046.448120 3.682037 33.877209 2
data 591000 1049.067261 1.719923 33.877209 2
data 592000 1051.677734 3.680429 33.877209 2
data 593000 1054.292847 1.720471 33.877209 2
data 594000 1056.893188 3.678809 33.877209 2
data 595000 1059.497314 1.721015 33.877209 2
data 596000 1062.078613 3.677172 33.877209 2
data 597000 1064.629639 1.721445 33.877209 2
data 598000 1067.166382 3.675573 33.877209 2
data 599000 1069.648560 1.721794 33.877209 2
data 600000 1072.150146 3.674096 33.877209 2
data 601000 1074.607910 1.722179 33.877209 2
data 602000 1077.047485 3.672502 33.877209 2
data 603000 1079.488281 1.722713 33.877209 2
data 604000 1081.937256 3.671005 33.877209 2
data 605000 1084.340576 1.723091 33.877209 2
data 606000 1086.770874 3.669578 33.877209 2
data 607000 1089.191406 1.723588 33.877209 2
data 608000 1091.601929 3.668038 33.877209 2
data 609000 1093.955200 1.723929 33.877209 2
data 610000 1096.277954 3.666439 33.877209 2
data 611000 1098.631470 1.724557 33.877209 2
data 612000 1100.958618 3.664863 33.877209 2
data 613000 1103.336304 1.725250 33.877209 2
data 614000 1105.672974 3.663248 33.877209 2
data 615000 1107.955322 1.725599 33.877209 2
data 616000 1110.239380 3.661780 33.877209 2
data 617000 1112.524658 1.726129 33.877209 2
data 618000 1114.790527 3.660253 33.877209 2
data 619000 1117.034546 1.726585 33.877209 2
data 620000 1119.268555 3.658763 33.877209 2
data 621000 1121.458374 1.726967 33.877209 2
data 622000 1123.661133 3.657357 33.877209 2
data 623000 1125.856079 1.727466 33.877209 2
data 624000 1128.031982 3.655855 33.877209 2
data 625000 1130.157349 1.727829 33.877209 2
data 626000 1132.291504 3.654450 33.877209 2
data 627000 1134.384521 1.728221 33.877209 2
data 628000 1136.477417 3.653026 33.877209 2
data 629000 1138.581665 1.728779 33.877209 2
data 630000 1141.742676 3.654963 33.877209 2
data 631000 1144.906006 1.729305 33.877209 2
data 632000 1148.071777 3.653554 33.877209 2
data 633000 1151.240479 1.729832 33.877209 2
State Machine: Coasting, accel_x: -28.645555
data 634000 1154.408569 3.651152 -28.645555 3
data 635000 1157.569946 -8.180675 -28.869379 4
data 636000 1160.730347 3.610111 -29.054266 4
data 637000 1163.887085 -8.203771 -29.083466 4
data 638000 1167.039795 3.599944 -29.083462 4
data 639000 1170.188599 -8.197577 -29.093195 4
data 640000 1173.333252 3.592886 -29.093191 4
data 641000 1176.473877 -8.191410 -29.093195 4
data 642000 1179.610840 3.587396 -29.093191 4
data 643000 1182.743408 -8.185271 -29.044540 4
data 644000 1185.871704 3.589633 -29.005611 4
data 645000 1188.995483 -8.172992 -29.005615 4
data 646000 1192.114502 3.584183 -28.888836 4
data 647000 1195.228882 -8.148416 -28.888840 4
data 648000 1198.339600 3.578765 -28.849911 4
data 649000 1201.446411 -8.136202 -28.713678 4
data 650000 1204.548828 3.594940 -28.645555 4
data 651000 1207.646240 -8.119393 -28.616367 4
data 652000 1210.738892 3.594177 -28.616364 4
data 653000 1213.826416 -8.113400 -28.616367 4
data 654000 1216.910156 3.588819 -28.334158 4
data 655000 1219.988647 -8.062768 -28.334162 4
data 656000 1223.061768 3.583493 -28.256311 4
data 657000 1226.129761 -8.044533 -28.256315 4
data 658000 1229.193115 3.578194 -28.256311 4
data 659000 1232.251221 -8.038649 -28.246580 4
data 660000 1235.304199 3.574454 -28.236847 4
data 661000 1238.352051 -8.031251 -28.236851 4
data 662000 1241.394043 3.569193 -28.197922 4
data 663000 1244.431030 -8.019259 -28.139540 4
data 664000 1247.462646 3.573193 -28.032492 4
data 665000 1250.489380 -7.996518 -27.964378 4
data 666000 1253.510620 3.578751 -27.964375 4
data 667000 1256.526733 -7.990739 -27.964378 4
data 668000 1259.537354 3.573550 -27.954645 4
data 669000 1262.541870 -7.983448 -27.837873 4
data 670000 1265.540039 3.586833 -27.750290 4
data 671000 1268.531738 -7.963868 -27.691906 4
data 672000 1271.517090 3.590896 -27.691904 4
data 673000 1274.498413 -7.958157 -27.730831 4
data 674000 1277.473389 3.579592 -27.730829 4
data 675000 1280.442627 -7.952472 -27.438896 4
data 676000 1283.404785 3.620602 -27.263731 4
data 677000 1286.360352 -7.919118 -27.263735 4
data 678000 1289.309692 3.615478 -27.438892 4
data 679000 1292.255127 -7.941154 -27.458361 4
data 680000 1295.194336 3.607286 -27.652979 4
data 681000 1298.126465 -7.966276 -27.458361 4
data 682000 1301.050903 3.632924 -27.438892 4
data 683000 1303.968018 -7.957571 -27.263735 4
data 684000 1306.877197 3.655487 -27.263731 4
data 685000 1309.781372 -7.951950 -27.205349 4
data 686000 1312.678833 3.659614 -27.049644 4
data 687000 1315.568115 -7.921769 -27.039919 4
data 688000 1318.450073 3.656077 -27.020451 4
data 689000 1321.325562 -7.913135 -27.020454 4
data 690000 1324.194946 3.651026 -27.020451 4
data 691000 1327.055908 -7.907604 -27.049648 4
data 692000 1329.908081 3.641377 -27.049644 4
data 693000 1332.755371 -7.902087 -27.020454 4
data 694000 1335.594482 3.640970 -27.000990 4
data 695000 1338.426147 -7.893526 -27.000994 4
data 696000 1341.249756 3.635971 -27.020451 4
data 697000 1344.064331 -7.891137 -27.000994 4
data 698000 1346.871094 3.634064 -26.864754 4
data 699000 1349.669922 -7.864193 -26.864758 4
data 700000 1352.460938 3.629110 -26.855022 4
data 701000 1355.241943 -7.857250 -26.709057 4
data 702000 1358.014648 3.647202 -26.718784 4
data 703000 1360.779907 -7.853388 -26.855026 4
data 704000 1363.536621 3.620778 -26.864754 4
data 705000 1366.285767 -7.849553 -26.855026 4
data 706000 1369.024536 3.617405 -26.835560 4
data 707000 1371.754150 -7.841136 -26.718786 4
data 708000 1374.473511 3.630933 -26.709053 4
data 709000 1377.183350 -7.834268 -26.407391 4
data 710000 1379.887817 3.673633 -26.718784 4
data 711000 1382.581299 -7.878047 -26.504702 4
data 712000 1385.264038 3.702484 -26.397655 4
data 713000 1387.936401 -7.855828 -26.241962 4
data 714000 1390.602051 3.722143 -26.241961 4
data 715000 1393.259155 -7.850505 -26.397659 4
data 716000 1395.907471 3.692709 -26.504698 4
data 717000 1398.543945 -7.862093 -26.504702 4
data 718000 1401.169678 3.687840 -26.504698 4
data 719000 1403.783569 -7.856817 -26.290615 4
data 720000 1406.389404 3.716736 -26.241961 4
data 721000 1408.983521 -7.843884 -26.183573 4
data 722000 1411.565186 3.721085 -26.164110 4
data 723000 1414.138062 -7.835563 -26.057068 4
data 724000 1416.702271 3.733125 -25.891634 4
data 725000 1419.254395 -7.804268 -25.735941 4
data 726000 1421.795288 3.752838 -25.735937 4
data 727000 1424.327271 -7.799057 -25.891638 4
data 728000 1426.847046 3.723496 -25.950024 4
data 729000 1429.353882 -7.803082 -25.959757 4
data 730000 1431.853394 3.717189 -25.959753 4
data 731000 1434.343872 -7.797915 -25.950027 4
data 732000 1436.822144 3.713951 -25.950024 4
data 733000 1439.288086 -7.792776 -25.950027 4
data 734000 1441.740601 3.709194 -25.950024 4
data 735000 1444.182983 -7.787648 -25.813791 4
data 736000 1446.611328 3.725905 -25.706743 4
data 737000 1449.029541 -7.765677 -25.551048 4
data 738000 1451.434082 3.745691 -25.434271 4
data 739000 1453.824707 -7.742207 -25.424543 4
data 740000 1456.203247 3.742511 -25.414808 4
data 741000 1458.567017 -7.735619 -25.414812 4
data 742000 1460.919434 3.737817 -25.414808 4
data 743000 1463.260620 -7.730573 -25.375887 4
data 744000 1465.591797 3.739271 -25.298035 4
data 745000 1467.912598 -7.713289 -25.259113 4
data 746000 1470.220703 3.740734 -25.259109 4
data 747000 1472.514160 -7.708292 -25.259113 4
data 748000 1474.794922 3.736083 -25.346691 4
data 749000 1477.060669 -7.717095 -25.346693 4
data 750000 1479.315552 3.731451 -25.259109 4
data 751000 1481.557861 -7.698343 -25.210457 4
data 752000 1483.784424 3.734480 -25.210455 4
data 753000 1485.999512 -7.693388 -25.103415 4
data 754000 1488.203369 3.746721 -24.928251 4
data 755000 1490.393799 -7.660899 -24.860136 4
data 756000 1492.570312 3.752845 -24.860132 4
data 757000 1494.734253 -7.655988 -24.860136 4
data 758000 1496.884033 3.748266 -24.860132 4
data 759000 1499.020386 -7.651098 -24.860136 4
data 760000 1501.142578 3.743702 -24.860132 4
data 761000 1503.251587 -7.646224 -24.840673 4
data 762000 1505.344360 3.742212 -24.675240 4
data 763000 1507.421997 -7.615364 -24.840673 4
data 764000 1509.489014 3.711685 -24.928251 4
data 765000 1511.541626 -7.624318 -24.840673 4
data 766000 1513.579224 3.720953 -24.587658 4
data 767000 1515.600952 -7.579738 -24.480619 4
data 768000 1517.610596 3.733307 -24.480616 4
data 769000 1519.605835 -7.574960 -24.480619 4
data 770000 1521.586426 3.728835 -24.470886 4
data 771000 1523.553223 -7.568666 -24.383308 4
data 772000 1525.506592 3.738146 -24.383305 4
data 773000 1527.445435 -7.563919 -24.383308 4
data 774000 1529.366455 3.733690 -24.383305 4
data 775000 1531.275635 -7.559182 -24.470888 4
data 776000 1533.169312 3.715493 -24.470886 4
data 777000 1535.046509 -7.554477 -24.383308 4
data 778000 1536.909790 3.724844 -24.383305 4
data 779000 1538.755493 -7.549786 -24.285997 4
data 780000 1540.586548 3.735729 -24.285994 4
data 781000 1542.401245 -7.545105 -24.285997 4
data 782000 1544.203369 3.731341 -24.178949 4
data 783000 1545.997437 -7.523601 -23.935675 4
data 784000 1547.775879 3.765176 -23.925938 4
data 785000 1549.541016 -7.517410 -23.906481 4
data 786000 1551.288208 3.763848 -23.906477 4
data 787000 1553.021362 -7.512771 -24.178951 4
data 788000 1554.737305 3.716689 -24.188679 4
data 789000 1556.438232 -7.509689 -24.178951 4
data 790000 1558.128418 3.713898 -24.101099 4
data 791000 1559.802368 -7.492873 -24.101101 4
data 792000 1561.459717 3.709581 -24.101099 4
data 793000 1563.097656 -7.488311 -24.101101 4
data 794000 1564.718506 3.705277 -24.101099 4
data 795000 1566.327148 -7.483743 -23.906481 4
data 796000 1567.916382 3.731538 -23.624273 4
data 797000 1569.490845 -7.434891 -23.585350 4
data 798000 1571.051025 3.733382 -23.585348 4
data 799000 1572.595947 -7.430372 -23.585350 4
data 800000 1574.130493 3.729136 -23.585348 4
data 801000 1575.651611 -7.425865 -23.624275 4
data 802000 1577.157104 3.718782 -23.634005 4
data 803000 1578.647583 -7.422907 -23.634008 4
data 804000 1580.120972 3.714550 -23.634005 4
data 805000 1581.583740 -7.418425 -23.634008 4
data 806000 1583.034058 3.710343 -23.634005 4
data 807000 1584.466187 -7.413977 -23.614544 4
data 808000 1585.881104 3.709196 -23.342070 4
data 809000 1587.280396 -7.366786 -23.157181 4
data 810000 1588.666260 3.734035 -23.069597 4
data 811000 1590.033325 -7.348637 -22.972288 4
data 812000 1591.384888 3.745132 -22.972284 4
data 813000 1592.727051 -7.344221 -22.972288 4
data 814000 1594.053711 3.740971 -22.972284 4
data 815000 1595.364380 -7.339836 -22.972288 4
data 816000 1596.666504 3.736838 -23.098789 4
data 817000 1597.950928 -7.355309 -22.972288 4
data 818000 1599.218262 3.752533 -22.933359 4
data 819000 1600.480591 -7.344807 -22.933363 4
data 820000 1601.733154 3.748412 -22.933359 4
data 821000 1602.968872 -7.340456 -22.933363 4
data 822000 1604.185425 3.744285 -22.738735 4
data 823000 1605.385742 -7.305600 -22.553846 4
data 824000 1606.567993 3.769171 -22.534382 4
data 825000 1607.743652 -7.298204 -22.505192 4
data 826000 1608.901855 3.769646 -22.505190 4
data 827000 1610.043579 -7.293899 -22.505192 4
data 828000 1611.178101 3.765582 -22.505190 4
data 829000 1612.297485 -7.289605 -22.505192 4
data 830000 1613.401001 3.761509 -22.505190 4
data 831000 1614.491455 -7.285320 -22.505192 4
data 832000 1615.570190 3.757459 -22.505190 4
data 833000 1616.630493 -7.281062 -22.505192 4
data 834000 1617.677979 3.753420 -22.456533 4
data 835000 1618.721313 -7.269158 -22.388416 4
data 836000 1619.747559 3.760060 -22.388414 4
data 837000 1620.760742 -7.264915 -22.388416 4
data 838000 1621.760132 3.756041 -22.388414 4
data 839000 1622.744263 -7.260691 -22.349491 4
data 840000 1623.714722 3.758134 -22.349489 4
data 841000 1624.678711 -7.256458 -22.349491 4
data 842000 1625.634399 3.754154 -22.164597 4
data 843000 1626.579590 -7.223285 -22.349491 4
data 844000 1627.514404 3.721222 -22.388414 4
data 845000 1628.435669 -7.225215 -22.359224 4
data 846000 1629.341919 3.721843 -22.164597 4
data 847000 1630.238159 -7.190563 -22.125675 4
data 848000 1631.116699 3.724001 -22.038092 4
data 849000 1631.994751 -7.172682 -22.038094 4
data 850000 1632.854736 3.720074 -22.038092 4
data 851000 1633.701172 -7.168563 -21.765623 4
data 852000 1634.531738 3.758836 -21.707232 4
data 853000 1635.348999 -7.155303 -21.707235 4
data 854000 1636.156128 3.754937 -21.707232 4
data 855000 1636.961304 -7.151178 -21.707235 4
data 856000 1637.756592 3.751051 -21.707232 4
data 857000 1638.541504 -7.147087 -21.746161 4
data 858000 1639.315674 3.741079 -21.804544 4
data 859000 1640.075195 -7.152161 -21.804548 4
data 860000 1640.821045 3.737206 -21.804544 4
data 861000 1641.570190 -7.148061 -21.804548 4
data 862000 1642.309082 3.733355 -21.775351 4
data 863000 1643.035767 -7.139441 -21.775352 4
data 864000 1643.747681 3.729506 -21.707232 4
data 865000 1644.453613 -7.124727 -21.658579 4
data 866000 1645.144287 3.733288 -21.580727 4
data 867000 1645.824951 -7.108515 -21.522343 4
data 868000 1646.497070 3.738618 -21.522341 4
data 869000 1647.155640 -7.104511 -21.522343 4
data 870000 1647.805908 3.734820 -21.454224 4
data 871000 1648.456909 -7.089827 -21.454226 4
data 872000 1649.096802 3.731029 -21.454224 4
data 873000 1649.723389 -7.085853 -21.454226 4
data 874000 1650.336792 3.727246 -21.425028 4
data 875000 1650.943237 -7.077306 -21.317987 4
data 876000 1651.548950 3.740252 -21.317986 4
data 877000 1652.141235 -7.073353 -21.317987 4
data 878000 1652.723145 3.736491 -21.317986 4
data 879000 1653.296875 -7.069398 -21.123363 4
data 880000 1653.859985 3.763190 -21.113632 4
data 881000 1654.407593 -7.063941 -21.035784 4
data 882000 1654.961792 3.771657 -21.026051 4
data 883000 1655.511841 -7.058469 -21.026052 4
data 884000 1656.052246 3.767916 -21.026051 4
data 885000 1656.590942 -7.054526 -21.026052 4
data 886000 1657.120239 3.764187 -21.026051 4
data 887000 1657.645874 -7.050601 -21.026052 4
data 888000 1658.163452 3.760472 -21.055244 4
data 889000 1658.678223 -7.051250 -21.026052 4
data 890000 1659.179810 3.761322 -20.909275 4
data 891000 1659.683716 -7.029070 -20.909279 4
data 892000 1660.175171 3.757622 -20.880083 4
data 893000 1660.652710 -7.020640 -20.763311 4
data 894000 1661.125244 3.772210 -20.763309 4
data 895000 1661.602417 -7.016743 -20.753582 4
data 896000 1662.069946 3.770053 -20.743847 4
data 897000 1662.526855 -7.011370 -20.704926 4
data 898000 1662.973755 3.772470 -20.695190 4
data 899000 1663.415771 -7.005994 -20.656269 4
data 900000 1663.861938 3.774928 -20.636805 4
data 901000 1664.299683 -6.999117 -20.636806 4
data 902000 1664.730957 3.771285 -20.636805 4
data 903000 1665.151489 -6.995300 -20.636806 4
data 904000 1665.563354 3.767649 -20.636805 4
data 905000 1665.978882 -6.991461 -20.539495 4
data 906000 1666.387695 3.779237 -20.539494 4
data 907000 1666.789429 -6.987654 -20.539495 4
data 908000 1667.182251 3.775615 -20.539494 4
data 909000 1667.563843 -6.983866 -20.403259 4
data 910000 1667.951660 3.793330 -20.296211 4
data 911000 1668.327148 -6.963358 -20.296215 4
data 912000 1668.701538 3.789743 -20.296211 4
data 913000 1669.074463 -6.959573 -20.296215 4
data 914000 1669.440308 3.786153 -20.296211 4
data 915000 1669.819336 -6.955768 -20.335140 4
data 916000 1670.187256 3.776483 -20.335136 4
data 917000 1670.547729 -6.952021 -20.335140 4
data 918000 1670.900879 3.772916 -20.335136 4
data 919000 1671.247437 -6.948283 -20.335140 4
data 920000 1671.600220 3.769388 -20.315676 4
data 921000 1671.943481 -6.941518 -20.062668 4
data 922000 1672.283691 3.805377 -20.062666 4
data 923000 1672.625488 -6.937773 -20.062668 4
data 924000 1672.957886 3.801823 -20.004278 4
data 925000 1673.281128 -6.924942 -19.994547 4
data 926000 1673.606323 3.799825 -19.994545 4
data 927000 1673.933472 -6.921222 -19.994547 4
data 928000 1674.258179 3.796308 -19.926430 4
data 929000 1674.601318 -6.906838 -19.926432 4
data 930000 1674.934204 3.792787 -19.926430 4
data 931000 1675.262451 -6.903157 -19.858313 4
data 932000 1675.580811 3.799914 -19.858309 4
data 933000 1675.891846 -6.899490 -19.858313 4
data 934000 1676.208862 3.796443 -19.858309 4
data 935000 1676.527954 -6.895814 -19.897238 4
data 936000 1676.837524 3.786870 -19.897234 4
data 937000 1677.146729 -6.892156 -19.897238 4
data 938000 1677.450317 3.783397 -19.858309 4
data 939000 1677.750488 -6.882437 -19.858313 4
data 940000 1678.051270 3.779949 -19.751268 4
data 941000 1678.350098 -6.862091 -19.634495 4
data 942000 1678.643677 3.794736 -19.507988 4
data 943000 1678.944824 -6.838701 -19.507990 4
data 944000 1679.239014 3.791294 -19.507988 4
data 945000 1679.530884 -6.835098 -19.507990 4
data 946000 1679.819214 3.787869 -19.507988 4
data 947000 1680.104126 -6.831509 -19.517721 4
data 948000 1680.392944 3.782950 -19.517719 4
data 949000 1680.691895 -6.827902 -19.517721 4
data 950000 1680.982178 3.779534 -19.517719 4
data 951000 1681.267822 -6.824337 -19.517721 4
data 952000 1681.544312 3.776128 -19.391214 4
data 953000 1681.830078 -6.801008 -19.391216 4
data 954000 1682.112793 3.772748 -19.391214 4
data 955000 1682.395996 -6.797459 -19.371754 4
data 956000 1682.674316 3.772411 -19.352289 4
data 957000 1682.952515 -6.790884 -19.352291 4
data 958000 1683.232056 3.769059 -19.352289 4
data 959000 1683.510986 -6.787357 -19.352291 4
data 960000 1683.788696 3.765712 -19.245247 4
data 961000 1684.063843 -6.767143 -19.245249 4
data 962000 1684.332397 3.762366 -19.245247 4
data 963000 1684.613770 -6.763614 -19.186863 4
data 964000 1684.898926 3.768160 -19.186861 4
data 965000 1685.179688 -6.760128 -19.186863 4
data 966000 1685.453247 3.764828 -19.186861 4
data 967000 1685.732300 -6.756633 -19.186863 4
data 968000 1686.007935 3.761513 -19.186861 4
data 969000 1686.282837 -6.753160 -19.167398 4
data 970000 1686.563354 3.761264 -19.031160 4
data 971000 1686.846680 -6.728436 -19.011702 4
data 972000 1687.129517 3.761014 -18.963043 4
data 973000 1687.417480 -6.717386 -18.894926 4
data 974000 1687.700806 3.768355 -18.885193 4
data 975000 1687.979004 -6.712439 -18.885197 4
data 976000 1688.264404 3.765100 -18.885193 4
data 977000 1688.546143 -6.709016 -18.885197 4
data 978000 1688.829712 3.761843 -18.894924 4
data 979000 1689.109009 -6.707123 -18.963047 4
data 980000 1689.382568 3.747955 -18.963043 4
data 981000 1689.663818 -6.703699 -18.963047 4
data 982000 1689.948486 3.744722 -18.963043 4
data 983000 1690.233154 -6.700300 -18.963047 4
data 984000 1690.528442 3.741517 -18.671108 4
data 985000 1690.820923 -6.651395 -18.671110 4
data 986000 1691.105957 3.738292 -18.671108 4
data 987000 1691.403809 -6.648005 -18.671110 4
data 988000 1691.694824 3.735076 -18.671108 4
data 989000 1691.986816 -6.644648 -18.680840 4
data 990000 1692.273560 3.730356 -18.680838 4
data 991000 1692.563477 -6.641296 -18.680840 4
data 992000 1692.865845 3.727197 -18.680838 4
data 993000 1693.165039 -6.637967 -18.680840 4
data 994000 1693.458984 3.724012 -18.632183 4
data 995000 1693.755615 -6.627048 -18.534874 4
data 996000 1694.062744 3.736038 -18.486216 4
data 997000 1694.366211 -6.616151 -18.486217 4
data 998000 1694.674561 3.732888 -18.476484 4
data 999000 1694.983521 -6.611325 -18.486217 4
data 1000000 1695.304443 3.728244 -18.486216 4
data 1001000 1695.624756 -6.608028 -18.476486 4
data 1002000 1695.928589 3.726586 -18.466751 4
data 1003000 1696.223877 -6.603239 -18.457024 4
data 1004000 1696.507812 3.724946 -18.437561 4
data 1005000 1696.774414 -6.596960 -18.437563 4
data 1006000 1697.035767 3.721811 -18.427826 4
data 1007000 1697.281250 -6.592202 -18.281862 4
data 1008000 1697.521240 3.741429 -18.281860 4
data 1009000 1697.745239 -6.588966 -18.281862 4
data 1010000 1697.961426 3.738298 -18.281860 4
data 1011000 1698.165039 -6.585732 -18.281862 4
data 1012000 1698.359619 3.735172 -18.281860 4
data 1013000 1698.563477 -6.582463 -18.281862 4
data 1014000 1698.761719 3.732060 -18.281860 4
data 1015000 1698.944580 -6.579252 -18.281862 4
data 1016000 1699.122070 3.728959 -18.194281 4
data 1017000 1699.285278 -6.562399 -18.028851 4
data 1018000 1699.437134 3.751629 -18.028849 4
data 1019000 1699.583374 -6.559184 -18.028851 4
data 1020000 1699.721436 3.748533 -18.028849 4
data 1021000 1699.842529 -6.555998 -18.009390 4
data 1022000 1699.987305 3.748538 -18.009388 4
data 1023000 1700.113647 -6.552823 -18.009390 4
data 1024000 1700.224609 3.745441 -18.009388 4
data 1025000 1700.328613 -6.549634 -18.009390 4
data 1026000 1700.430420 3.742379 -18.009388 4
data 1027000 1700.538208 -6.546428 -17.941271 4
data 1028000 1700.629028 3.749906 -17.941269 4
data 1029000 1700.702881 -6.543272 -17.941271 4
data 1030000 1700.791016 3.746887 -17.941269 4
data 1031000 1700.874268 -6.540101 -17.873156 4
data 1032000 1700.944824 3.754435 -17.746647 4
data 1033000 1701.008789 -6.517239 -17.814766 4
data 1034000 1701.095825 3.740842 -17.873154 4
data 1035000 1701.186157 -6.523169 -17.873156 4
data 1036000 1701.271484 3.737813 -17.814764 4
data 1037000 1701.344238 -6.510949 -17.775843 4
data 1038000 1701.404541 3.740841 -17.727182 4
data 1039000 1701.449829 -6.500258 -17.678530 4
data 1040000 1701.504395 3.745433 -17.668797 4
data 1041000 1701.552490 -6.495622 -17.668798 4
data 1042000 1701.606934 3.742451 -17.513098 4
data 1043000 1701.673950 -6.468232 -17.513100 4
data 1044000 1701.740112 3.739467 -17.513098 4
data 1045000 1701.812866 -6.465110 -17.513100 4
data 1046000 1701.877075 3.736476 -17.513098 4
data 1047000 1701.957642 -6.461981 -17.688261 4
data 1048000 1702.025635 3.706215 -17.688259 4
data 1049000 1702.088623 -6.458906 -17.688261 4
data 1050000 1702.206421 3.703368 -17.688259 4
data 1051000 1702.314087 -6.455848 -17.688261 4
data 1052000 1702.410400 3.700408 -17.337938 4
data 1053000 1702.493774 -6.398272 -17.337940 4
data 1054000 1702.580200 3.697492 -17.337938 4
data 1055000 1702.682983 -6.395196 -17.337940 4
data 1056000 1702.796265 3.694597 -17.337938 4
data 1057000 1702.915405 -6.392149 -17.337940 4
data 1058000 1703.022705 3.691667 -17.376863 4
data 1059000 1703.150024 -6.395142 -17.376865 4
data 1060000 1703.282593 3.688775 -17.376863 4
data 1061000 1703.432739 -6.392086 -17.376865 4
data 1062000 1703.583740 3.685883 -17.299013 4
data 1063000 1703.734009 -6.376957 -17.279552 4
data 1064000 1703.878540 3.686018 -17.221165 4
data 1065000 1704.033447 -6.364848 -17.221167 4
data 1066000 1704.223633 3.683209 -17.201702 4
data 1067000 1704.431885 -6.358792 -17.201704 4
data 1068000 1704.655029 3.680368 -17.221165 4
data 1069000 1704.887817 -6.358818 -17.221167 4
data 1070000 1705.132080 3.677528 -17.221165 4
data 1071000 1705.375244 -6.355842 -17.221167 4
data 1072000 1705.632080 3.674699 -17.221165 4
data 1073000 1705.889893 -6.352870 -17.221167 4
data 1074000 1706.156128 3.671867 -17.172506 4
data 1075000 1706.414185 -6.342351 -17.162779 4
data 1076000 1706.703491 3.670601 -17.104389 4
data 1077000 1707.018555 -6.330265 -16.977884 4
data 1078000 1707.336792 3.687458 -16.977884 4
data 1079000 1707.696289 -6.327240 -16.977884 4
data 1080000 1708.049194 3.684616 -16.977884 4
data 1081000 1708.416504 -6.324272 -16.977884 4
data 1082000 1708.811646 3.681842 -17.153044 4
data 1083000 1709.211548 -6.348577 -17.153046 4
data 1084000 1709.610229 3.679017 -17.153044 4
data 1085000 1710.013672 -6.345634 -17.153046 4
data 1086000 1710.423706 3.676213 -17.153044 4
data 1087000 1710.855835 -6.342663 -16.968155 4
data 1088000 1711.282715 3.702153 -16.861111 4
data 1089000 1711.714233 -6.323078 -16.861113 4
data 1090000 1712.175537 3.699401 -16.861111 4
data 1091000 1712.642944 -6.320151 -16.831919 4
data 1092000 1713.100952 3.701123 -16.822186 4
data 1093000 1713.567139 -6.315713 -16.802725 4
data 1094000 1714.058838 3.701402 -16.802723 4
data 1095000 1714.560181 -6.312793 -16.802725 4
data 1096000 1715.069092 3.698628 -16.724874 4
data 1097000 1715.601074 -6.297750 -16.724876 4
data 1098000 1716.126709 3.695837 -16.715141 4
data 1099000 1716.659668 -6.293340 -16.724876 4
data 1100000 1717.188110 3.691544 -16.724874 4
data 1101000 1717.719971 -6.290457 -16.676218 4
data 1102000 1718.260864 3.696361 -16.676216 4
data 1103000 1718.810791 -6.287570 -16.676218 4
data 1104000 1719.392456 3.693658 -16.656755 4
data 1105000 1719.974731 -6.281679 -16.656757 4
data 1106000 1720.567017 3.690922 -16.656755 4
data 1107000 1721.148193 -6.278842 -16.637295 4
data 1108000 1721.737671 3.691217 -16.608099 4
data 1109000 1722.316162 -6.271473 -16.578907 4
data 1110000 1722.906616 3.693037 -16.559443 4
data 1111000 1723.506958 -6.265587 -16.559444 4
data 1112000 1724.139648 3.690360 -16.559443 4
data 1113000 1724.790771 -6.262715 -16.277241 4
data 1114000 1725.430054 3.731481 -16.277239 4
data 1115000 1726.082031 -6.259853 -16.277241 4
data 1116000 1726.744507 3.728765 -16.277239 4
data 1117000 1727.407837 -6.257019 -16.277241 4
data 1118000 1728.075806 3.726044 -16.355089 4
data 1119000 1728.731689 -6.266316 -16.355091 4
data 1120000 1729.377686 3.723301 -16.364820 4
data 1121000 1730.028687 -6.264997 -16.364822 4
data 1122000 1730.691772 3.720603 -16.364820 4
data 1123000 1731.381348 -6.262135 -16.364822 4
data 1124000 1732.100464 3.717943 -16.364820 4
data 1125000 1732.804810 -6.259352 -16.335629 4
data 1126000 1733.505737 3.719769 -16.257776 4
data 1127000 1734.223022 -6.244420 -16.218855 4
data 1128000 1734.932983 3.723107 -16.189659 4
data 1129000 1735.666138 -6.237047 -16.189661 4
data 1130000 1736.406006 3.720426 -16.179928 4
data 1131000 1737.138184 -6.232762 -16.179930 4
data 1132000 1737.878784 3.717754 -16.179928 4
data 1133000 1738.606445 -6.230005 -16.179930 4
data 1134000 1739.325195 3.715059 -16.160465 4
data 1135000 1740.080322 -6.224144 -16.131275 4
data 1136000 1740.839722 3.716929 -16.131273 4
data 1137000 1741.594727 -6.221385 -16.121542 4
data 1138000 1742.350708 3.715775 -16.111809 4
data 1139000 1743.095459 -6.217132 -16.082619 4
data 1140000 1743.841309 3.717652 -15.965843 4
data 1141000 1744.593506 -6.196222 -15.965845 4
data 1142000 1745.336426 3.714983 -15.965843 4
data 1143000 1746.109131 -6.193428 -15.965845 4
data 1144000 1746.870728 3.712317 -15.965843 4
data 1145000 1747.651367 -6.190658 -15.965845 4
data 1146000 1748.435791 3.709682 -16.024231 4
data 1147000 1749.210571 -6.197016 -16.024231 4
data 1148000 1749.990845 3.707055 -16.024231 4
data 1149000 1750.764893 -6.194301 -16.024231 4
data 1150000 1751.533081 3.704414 -16.024231 4
data 1151000 1752.308594 -6.191566 -15.800415 4
data 1152000 1753.091187 3.736570 -15.751758 4
data 1153000 1753.888550 -6.181260 -15.751759 4
data 1154000 1754.676392 3.733926 -15.751758 4
data 1155000 1755.480591 -6.178519 -15.751759 4
data 1156000 1756.276855 3.731291 -15.751758 4
data 1157000 1757.076416 -6.175807 -15.839339 4
data 1158000 1757.890259 3.715098 -15.839337 4
data 1159000 1758.692993 -6.173130 -15.839339 4
data 1160000 1759.512939 3.712522 -15.839337 4
data 1161000 1760.337402 -6.170431 -15.839339 4
data 1162000 1761.156860 3.709915 -15.771220 4
data 1163000 1761.963623 -6.157187 -15.693373 4
data 1164000 1762.762817 3.719401 -15.693371 4
data 1165000 1763.603516 -6.154438 -15.654449 4
data 1166000 1764.437500 3.722847 -15.586329 4
data 1167000 1765.260376 -6.141204 -15.586330 4
data 1168000 1766.092041 3.720280 -15.576596 4
data 1169000 1766.929321 -6.137019 -15.576598 4
data 1170000 1767.769165 3.717709 -15.576596 4
data 1171000 1768.599365 -6.134377 -15.576598 4
data 1172000 1769.421875 3.715126 -15.576596 4
data 1173000 1770.235352 -6.131742 -15.576598 4
data 1174000 1771.044434 3.712554 -15.576596 4
data 1175000 1771.859619 -6.129086 -15.576598 4
data 1176000 1772.692383 3.710026 -15.576596 4
data 1177000 1773.520630 -6.126453 -15.566868 4
data 1178000 1774.363159 3.709009 -15.498748 4
data 1179000 1775.193604 -6.113263 -15.420899 4
data 1180000 1776.032471 3.718566 -15.411166 4
data 1181000 1776.858154 -6.109146 -15.411168 4
data 1182000 1777.687988 3.716031 -15.411166 4
data 1183000 1778.533325 -6.106498 -15.411168 4
data 1184000 1779.368408 3.713477 -15.411166 4
data 1185000 1780.210327 -6.103873 -15.489017 4
data 1186000 1781.047607 3.698852 -15.489016 4
data 1187000 1781.884766 -6.101266 -15.489017 4
data 1188000 1782.713257 3.696315 -15.489016 4
data 1189000 1783.548706 -6.098654 -15.489017 4
data 1190000 1784.405029 3.693837 -15.274931 4
data 1191000 1785.256592 -6.062833 -15.216544 4
data 1192000 1786.099487 3.700383 -15.216543 4
data 1193000 1786.933838 -6.060266 -15.216544 4
data 1194000 1787.769653 3.697886 -15.216543 4
data 1195000 1788.606689 -6.057688 -15.216544 4
data 1196000 1789.464111 3.695425 -15.216543 4
data 1197000 1790.322510 -6.055117 -15.265201 4
data 1198000 1791.172241 3.685369 -15.284662 4
data 1199000 1792.012329 -6.055592 -15.313856 4
data 1200000 1792.891235 3.678421 -15.313855 4
data 1201000 1793.757324 -6.053056 -15.313856 4
data 1202000 1794.614868 3.675931 -15.313855 4
data 1203000 1795.461426 -6.050524 -15.313856 4
data 1204000 1796.295898 3.673441 -15.313855 4
data 1205000 1797.130615 -6.047978 -15.313856 4
data 1206000 1797.972046 3.670988 -15.294393 4
data 1207000 1798.830566 -6.042387 -15.158158 4
data 1208000 1799.692749 3.689678 -15.109501 4
data 1209000 1800.546875 -6.032311 -15.002460 4
data 1210000 1801.390381 3.703814 -15.002458 4
data 1211000 1802.224731 -6.029791 -15.002460 4
data 1212000 1803.071045 3.701378 -15.002458 4
data 1213000 1803.906982 -6.027280 -15.002460 4
data 1214000 1804.765137 3.698961 -15.128963 4
data 1215000 1805.630737 -6.044374 -15.148427 4
data 1216000 1806.500000 3.693496 -15.148425 4
data 1217000 1807.359985 -6.041868 -15.148427 4
data 1218000 1808.213379 3.691041 -15.148425 4
data 1219000 1809.056641 -6.039368 -15.148427 4
data 1220000 1809.896362 3.688597 -15.090038 4
data 1221000 1810.738892 -6.027790 -14.866223 4
data 1222000 1811.601807 3.720924 -14.866222 4
data 1223000 1812.458252 -6.025289 -14.866223 4
data 1224000 1813.336060 3.718523 -14.866222 4
data 1225000 1814.202148 -6.022802 -14.866223 4
data 1226000 1815.066772 3.716089 -14.905145 4
data 1227000 1815.920166 -6.026360 -14.953803 4
data 1228000 1816.784912 3.706132 -14.953801 4
data 1229000 1817.639648 -6.023881 -14.953803 4
data 1230000 1818.506836 3.703732 -14.953801 4
data 1231000 1819.367798 -6.021402 -14.953803 4
data 1232000 1820.242310 3.701341 -14.866222 4
data 1233000 1821.132568 -6.005306 -14.798104 4
data 1234000 1822.013672 3.709487 -14.788372 4
data 1235000 1822.889648 -6.001328 -14.749448 4
data 1236000 1823.769043 3.713127 -14.739717 4
data 1237000 1824.642212 -5.997355 -14.729985 4
data 1238000 1825.505615 3.712220 -14.729984 4
data 1239000 1826.372681 -5.994882 -14.729985 4
data 1240000 1827.245850 3.709835 -14.729984 4
data 1241000 1828.117676 -5.992422 -14.729985 4
data 1242000 1828.984741 3.707437 -14.729984 4
data 1243000 1829.854370 -5.989961 -14.729985 4
data 1244000 1830.719116 3.705044 -14.729984 4
data 1245000 1831.586548 -5.987505 -14.729985 4
data 1246000 1832.454102 3.702664 -14.729984 4
data 1247000 1833.320557 -5.985061 -14.700793 4
data 1248000 1834.183716 3.704812 -14.700791 4
data 1249000 1835.049438 -5.982613 -14.574287 4
data 1250000 1835.906006 3.722045 -14.525630 4
data 1251000 1836.759399 -5.972631 -14.525632 4
data 1252000 1837.609619 3.719671 -14.525630 4
data 1253000 1838.461548 -5.970195 -14.525632 4
data 1254000 1839.303467 3.717290 -14.525630 4
data 1255000 1840.176392 -5.967717 -14.525632 4
data 1256000 1841.044800 3.714921 -14.671598 4
data 1257000 1841.915771 -5.987924 -14.671600 4
data 1258000 1842.777588 3.712546 -14.671598 4
data 1259000 1843.651367 -5.985480 -14.671600 4
data 1260000 1844.517212 3.710178 -14.671598 4
data 1261000 1845.375366 -5.983073 -14.622944 4
data 1262000 1846.238525 3.715381 -14.613211 4
data 1263000 1847.109009 -5.979136 -14.603482 4
data 1264000 1847.990234 3.714564 -14.301814 4
data 1265000 1848.860962 -5.929970 -14.292084 4
data 1266000 1849.729736 3.713738 -14.292083 4
data 1267000 1850.590820 -5.927588 -14.292084 4
data 1268000 1851.464844 3.711431 -14.292083 4
data 1269000 1852.332397 -5.925210 -14.301815 4
data 1270000 1853.200317 3.707599 -14.379663 4
data 1271000 1854.072998 -5.934889 -14.399126 4
data 1272000 1854.939331 3.702251 -14.428318 4
data 1273000 1855.808228 -5.937030 -14.428320 4
data 1274000 1856.674194 3.699931 -14.428318 4
data 1275000 1857.542847 -5.934649 -14.428320 4
data 1276000 1858.415283 3.697627 -14.399125 4
data 1277000 1859.289185 -5.927750 -14.399126 4
data 1278000 1860.156616 3.695312 -14.379663 4
data 1279000 1861.017822 -5.922377 -14.369933 4
data 1280000 1861.884155 3.694529 -14.311544 4
data 1281000 1862.756592 -5.910955 -14.233696 4
data 1282000 1863.620361 3.704291 -14.194771 4
data 1283000 1864.475830 -5.902579 -14.146116 4
data 1284000 1865.343018 3.709561 -14.146114 4
data 1285000 1866.208496 -5.900230 -14.146116 4
data 1286000 1867.081177 3.707284 -14.146114 4
data 1287000 1867.948730 -5.897893 -14.165579 4
data 1288000 1868.812378 3.701978 -14.194771 4
data 1289000 1869.676636 -5.900077 -14.204503 4
data 1290000 1870.542603 3.698195 -14.204501 4
data 1291000 1871.413574 -5.897733 -14.204503 4
data 1292000 1872.301514 3.695947 -14.204501 4
data 1293000 1873.191895 -5.895398 -14.204503 4
data 1294000 1874.075928 3.693669 -14.175308 4
data 1295000 1874.956787 -5.888550 -14.087729 4
data 1296000 1875.829346 3.704967 -14.058534 4
data 1297000 1876.699097 -5.881707 -14.058536 4
data 1298000 1877.567139 3.702703 -14.058534 4
data 1299000 1878.425903 -5.879403 -14.058536 4
data 1300000 1879.304077 3.700476 -14.058534 4
data 1301000 1880.181519 -5.877092 -14.087729 4
data 1302000 1881.050659 3.693687 -14.126653 4
data 1303000 1881.921509 -5.880814 -14.126655 4
data 1304000 1882.798340 3.691449 -14.126653 4
data 1305000 1883.665771 -5.878525 -14.126655 4
data 1306000 1884.531738 3.689203 -14.126653 4
data 1307000 1885.390747 -5.876236 -14.126655 4
data 1308000 1886.249390 3.686965 -14.097459 4
data 1309000 1887.112061 -5.869411 -14.029342 4
data 1310000 1887.978760 3.695295 -13.883373 4
data 1311000 1888.860229 -5.844480 -13.844450 4
data 1312000 1889.734497 3.699089 -13.844449 4
data 1313000 1890.608154 -5.842198 -13.844450 4
data 1314000 1891.491211 3.696880 -13.844449 4
data 1315000 1892.369141 -5.839929 -13.844450 4
data 1316000 1893.237793 3.694646 -13.893105 4
data 1317000 1894.106079 -5.845195 -13.902837 4
data 1318000 1894.977173 3.690926 -13.970953 4
data 1319000 1895.859741 -5.853462 -13.980686 4
data 1320000 1896.745972 3.687210 -13.980684 4
data 1321000 1897.624023 -5.851207 -13.980686 4
data 1322000 1898.503662 3.685003 -13.980684 4
data 1323000 1899.376343 -5.848955 -13.970955 4
data 1324000 1900.244263 3.684299 -13.951491 4
data 1325000 1901.103149 -5.843694 -13.854180 4
data 1326000 1901.965088 3.697180 -13.854179 4
data 1327000 1902.825684 -5.841438 -13.766600 4
data 1328000 1903.690186 3.708554 -13.708212 4
data 1329000 1904.556641 -5.830135 -13.669290 4
data 1330000 1905.419434 3.712382 -13.669288 4
data 1331000 1906.278809 -5.827891 -13.669290 4
data 1332000 1907.151733 3.710209 -13.669288 4
data 1333000 1908.016724 -5.825658 -13.669290 4
data 1334000 1908.887817 3.708028 -13.747136 4
data 1335000 1909.756348 -5.835481 -13.834718 4
data 1336000 1910.618164 3.692265 -13.834717 4
data 1337000 1911.476562 -5.833251 -13.834718 4
data 1338000 1912.327271 3.690073 -13.834717 4
data 1339000 1913.173462 -5.831026 -13.834718 4
data 1340000 1914.022949 3.687904 -13.786061 4
data 1341000 1914.890503 -5.821235 -13.756869 4
data 1342000 1915.749146 3.690245 -13.562244 4
data 1343000 1916.598999 -5.788883 -13.533052 4
data 1344000 1917.442383 3.692597 -13.533051 4
data 1345000 1918.298462 -5.786653 -13.533052 4
data 1346000 1919.152222 3.690437 -13.533051 4
data 1347000 1920.003662 -5.784450 -13.533052 4
data 1348000 1920.865723 3.688299 -13.591437 4
data 1349000 1921.736084 -5.791278 -13.620633 4
data 1350000 1922.603882 3.681623 -13.708212 4
data 1351000 1923.466064 -5.802651 -13.708213 4
data 1352000 1924.338745 3.679490 -13.708212 4
data 1353000 1925.203369 -5.800465 -13.708213 4
data 1354000 1926.062378 3.677338 -13.708212 4
data 1355000 1926.922241 -5.798269 -13.620633 4
data 1356000 1927.785156 3.688766 -13.610900 4
data 1357000 1928.645630 -5.794572 -13.523321 4
data 1358000 1929.500610 3.700182 -13.435740 4
data 1359000 1930.350098 -5.778828 -13.426009 4
data 1360000 1931.206909 3.699566 -13.367621 4
data 1361000 1932.057129 -5.767614 -13.367622 4
data 1362000 1932.909424 3.697440 -13.367621 4
data 1363000 1933.769043 -5.765427 -13.367622 4
data 1364000 1934.619873 3.695302 -13.367621 4
data 1365000 1935.480103 -5.763242 -13.484396 4
data 1366000 1936.332642 3.675089 -13.494126 4
data 1367000 1937.189331 -5.762580 -13.552515 4
data 1368000 1938.041504 3.663930 -13.552513 4
data 1369000 1938.890259 -5.760427 -13.552515 4
data 1370000 1939.732666 3.661814 -13.552513 4
data 1371000 1940.594238 -5.758245 -13.552515 4
data 1372000 1941.454468 3.659710 -13.513588 4
data 1373000 1942.317871 -5.750062 -13.396815 4
data 1374000 1943.175659 3.675685 -13.338428 4
data 1375000 1944.025757 -5.738885 -13.328697 4
data 1376000 1944.867065 3.675084 -13.250847 4
data 1377000 1945.711548 -5.724686 -13.250848 4
data 1378000 1946.553833 3.672992 -13.250847 4
data 1379000 1947.396118 -5.722551 -13.250848 4
data 1380000 1948.240479 3.670909 -13.250847 4
data 1381000 1949.078369 -5.720429 -13.250848 4
data 1382000 1949.914185 3.668824 -13.299503 4
data 1383000 1950.755493 -5.725827 -13.338428 4
data 1384000 1951.607544 3.660734 -13.387084 4
data 1385000 1952.459473 -5.731236 -13.387085 4
data 1386000 1953.305786 3.658651 -13.387084 4
data 1387000 1954.145508 -5.729125 -13.387085 4
data 1388000 1954.987427 3.656583 -13.387084 4
data 1389000 1955.825073 -5.727013 -13.338428 4
data 1390000 1956.658325 3.662043 -13.172997 4
data 1391000 1957.493896 -5.699288 -13.134074 4
data 1392000 1958.323975 3.666000 -13.134072 4
data 1393000 1959.151001 -5.697187 -13.134074 4
data 1394000 1959.980225 3.663946 -13.134072 4
data 1395000 1960.809570 -5.695085 -13.134074 4
data 1396000 1961.634766 3.661886 -13.163266 4
data 1397000 1962.467651 -5.697495 -13.163268 4
data 1398000 1963.294067 3.659826 -13.163266 4
data 1399000 1964.112915 -5.695413 -13.221654 4
data 1400000 1964.929810 3.648739 -13.250847 4
data 1401000 1965.768799 -5.697811 -13.289773 4
data 1402000 1966.622925 3.640695 -13.289772 4
data 1403000 1967.473633 -5.695732 -13.289773 4
data 1404000 1968.320923 3.638653 -13.289772 4
data 1405000 1969.159302 -5.693664 -13.289773 4
data 1406000 1969.995483 3.636619 -13.202191 4
data 1407000 1970.822998 -5.678045 -13.163268 4
data 1408000 1971.645142 3.640610 -13.095148 4
data 1409000 1972.461914 -5.665439 -13.017301 4
data 1410000 1973.270142 3.650624 -12.997837 4
data 1411000 1974.095093 -5.660336 -12.958913 4
data 1412000 1974.915771 3.654623 -12.919988 4
data 1413000 1975.746460 -5.652235 -12.919989 4
data 1414000 1976.569458 3.652595 -12.919988 4
data 1415000 1977.384888 -5.650187 -12.919989 4
data 1416000 1978.197266 3.650578 -12.919988 4
data 1417000 1979.009766 -5.648134 -12.997838 4
data 1418000 1979.817139 3.636515 -13.036761 4
data 1419000 1980.628052 -5.652106 -13.143806 4
data 1420000 1981.442505 3.617953 -13.143804 4
data 1421000 1982.267212 -5.650050 -13.143806 4
data 1422000 1983.087524 3.615950 -13.143804 4
data 1423000 1983.900269 -5.648022 -13.143806 4
data 1424000 1984.704346 3.613946 -13.143804 4
data 1425000 1985.509888 -5.645986 -13.134074 4
data 1426000 1986.317871 3.613468 -13.027029 4
data 1427000 1987.137207 -5.627375 -12.929720 4
data 1428000 1987.950073 3.626534 -12.881063 4
data 1429000 1988.760986 -5.617822 -12.832408 4
data 1430000 1989.582031 3.632096 -12.832407 4
data 1431000 1990.397583 -5.615807 -12.832408 4
data 1432000 1991.204468 3.630105 -12.832407 4
data 1433000 1992.019409 -5.613777 -12.832408 4
data 1434000 1992.828857 3.628122 -12.851869 4
data 1435000 1993.630737 -5.614785 -12.929720 4
data 1436000 1994.426147 3.614097 -12.929719 4
data 1437000 1995.224243 -5.612772 -12.949183 4
data 1438000 1996.025024 3.609124 -12.949182 4
data 1439000 1996.818237 -5.610778 -12.949183 4
data 1440000 1997.604980 3.607154 -12.949182 4
data 1441000 1998.393433 -5.608774 -12.929720 4
data 1442000 1999.176636 3.608202 -12.832407 4
data 1443000 1999.986206 -5.591685 -12.832408 4
data 1444000 2000.789307 3.606241 -12.832407 4
data 1445000 2001.584717 -5.589704 -12.793483 4
data 1446000 2002.375977 3.610309 -12.754558 4
data 1447000 2003.168701 -5.581692 -12.744827 4
data 1448000 2003.966309 3.609877 -12.725364 4
data 1449000 2004.766479 -5.576694 -12.725365 4
data 1450000 2005.559082 3.607926 -12.725364 4
data 1451000 2006.350952 -5.574715 -12.725365 4
data 1452000 2007.145386 3.605991 -12.744826 4
data 1453000 2007.934570 -5.575757 -12.744827 4
data 1454000 2008.721802 3.604053 -12.832407 4
data 1455000 2009.523193 -5.587312 -12.851870 4
data 1456000 2010.316895 3.599098 -12.851869 4
data 1457000 2011.104126 -5.585349 -12.851870 4
data 1458000 2011.883667 3.597158 -12.851869 4
data 1459000 2012.679688 -5.583358 -12.851870 4
data 1460000 2013.472656 3.595229 -12.793482 4
data 1461000 2014.257935 -5.572373 -12.774021 4
data 1462000 2015.034424 3.596308 -12.657246 4
data 1463000 2015.821777 -5.552336 -12.540473 4
data 1464000 2016.614136 3.612462 -12.511279 4
data 1465000 2017.402222 -5.545871 -12.511280 4
data 1466000 2018.181519 3.610535 -12.511279 4
data 1467000 2018.952026 -5.543932 -12.511280 4
data 1468000 2019.719727 3.608621 -12.511279 4
data 1469000 2020.478760 -5.541996 -12.521010 4
data 1470000 2021.237427 3.605206 -12.657246 4
data 1471000 2022.002441 -5.561114 -12.657248 4
data 1472000 2022.772827 3.603305 -12.686439 4
data 1473000 2023.547241 -5.563679 -12.725365 4
data 1474000 2024.323364 3.595383 -12.725364 4
data 1475000 2025.095337 -5.561743 -12.725365 4
data 1476000 2025.861938 3.593475 -12.725364 4
data 1477000 2026.624512 -5.559811 -12.686440 4
data 1478000 2027.378296 3.597586 -12.637783 4
data 1479000 2028.135254 -5.550347 -12.618322 4
data 1480000 2028.884644 3.598692 -12.598859 4
data 1481000 2029.632446 -5.545408 -12.540473 4
data 1482000 2030.375122 3.605825 -12.462623 4
data 1483000 2031.114014 -5.531446 -12.413967 4
data 1484000 2031.858398 3.611470 -12.413966 4
data 1485000 2032.597778 -5.529528 -12.413967 4
data 1486000 2033.345093 3.609596 -12.413966 4
data 1487000 2034.102539 -5.527595 -12.413967 4
data 1488000 2034.853638 3.607705 -12.482084 4
data 1489000 2035.598389 -5.536219 -12.491817 4
data 1490000 2036.337891 3.604313 -12.491817 4
data 1491000 2037.100952 -5.534272 -12.511280 4
data 1492000 2037.859863 3.599420 -12.579396 4
data 1493000 2038.614624 -5.542900 -12.608591 4
data 1494000 2039.366577 3.593028 -12.608589 4
data 1495000 2040.112061 -5.540999 -12.608591 4
data 1496000 2040.855957 3.591155 -12.608589 4
data 1497000 2041.597046 -5.539096 -12.608591 4
data 1498000 2042.331787 3.589280 -12.569665 4
data 1499000 2043.057861 -5.531186 -12.452892 4
data 1500000 2043.805298 3.605500 -12.433429 4
data 1501000 2044.552368 -5.526275 -12.384774 4
data 1502000 2045.302612 3.611166 -12.297193 4
data 1503000 2046.046387 -5.510844 -12.268000 4
data 1504000 2046.789673 3.613820 -12.267999 4
data 1505000 2047.526611 -5.508958 -12.268000 4
data 1506000 2048.258301 3.611957 -12.267999 4
data 1507000 2048.990967 -5.507067 -12.268000 4
data 1508000 2049.726807 3.610107 -12.316655 4
data 1509000 2050.455078 -5.512713 -12.375043 4
data 1510000 2051.192871 3.599242 -12.384773 4
data 1511000 2051.924316 -5.512343 -12.384774 4
data 1512000 2052.654053 3.597392 -12.443160 4
data 1513000 2053.382568 -5.519491 -12.491817 4
data 1514000 2054.117920 3.588034 -12.501547 4
data 1515000 2054.846924 -5.519126 -12.501548 4
data 1516000 2055.569580 3.586185 -12.501547 4
data 1517000 2056.284424 -5.517262 -12.501548 4
data 1518000 2056.996826 3.584345 -12.491817 4
data 1519000 2057.729980 -5.513858 -12.423699 4
data 1520000 2058.458008 3.593035 -12.365311 4
data 1521000 2059.179443 -5.502970 -12.287462 4
data 1522000 2059.895020 3.603232 -12.190149 4
data 1523000 2060.616455 -5.486053 -12.122033 4
data 1524000 2061.337646 3.611933 -12.122031 4
data 1525000 2062.055176 -5.484195 -12.122033 4
data 1526000 2062.764893 3.610096 -12.122031 4
data 1527000 2063.470947 -5.482341 -12.122033 4
data 1528000 2064.168213 3.608260 -12.170687 4
data 1529000 2064.859375 -5.488015 -12.229075 4
data 1530000 2065.547607 3.597409 -12.287461 4
data 1531000 2066.234863 -5.495189 -12.365312 4
data 1532000 2066.923584 3.583559 -12.413966 4
data 1533000 2067.611084 -5.500862 -12.413967 4
data 1534000 2068.311279 3.581761 -12.413966 4
data 1535000 2069.016602 -5.499008 -12.413967 4
data 1536000 2069.715576 3.579941 -12.413966 4
data 1537000 2070.414551 -5.497164 -12.404237 4
data 1538000 2071.110840 3.579634 -12.355579 4
data 1539000 2071.804688 -5.487805 -12.297194 4
data 1540000 2072.495117 3.586851 -12.229074 4
data 1541000 2073.185791 -5.475437 -12.112302 4
data 1542000 2073.880371 3.603103 -12.053914 4
data 1543000 2074.567383 -5.464587 -12.053915 4
data 1544000 2075.249268 3.601297 -12.053914 4
data 1545000 2075.942871 -5.462741 -12.053915 4
data 1546000 2076.627686 3.599489 -12.053914 4
data 1547000 2077.315186 -5.460911 -12.102571 4
data 1548000 2077.994873 3.590165 -12.131762 4
data 1549000 2078.667236 -5.463609 -12.160957 4
data 1550000 2079.346436 3.583872 -12.209612 4
data 1551000 2080.020508 -5.469315 -12.248537 4
data 1552000 2080.698486 3.576074 -12.248536 4
data 1553000 2081.368896 -5.467507 -12.268000 4
data 1554000 2082.046387 3.571293 -12.267999 4
data 1555000 2082.718750 -5.465700 -12.268000 4
data 1556000 2083.394043 3.569517 -12.267999 4
data 1557000 2084.064697 -5.463894 -12.209613 4
data 1558000 2084.738037 3.576766 -12.190149 4
data 1559000 2085.414307 -5.459073 -12.122033 4
data 1560000 2086.084473 3.585510 -12.083107 4
data 1561000 2086.761475 -5.451241 -12.053915 4
data 1562000 2087.430908 3.588239 -12.024720 4
data 1563000 2088.095215 -5.444932 -11.985796 4
data 1564000 2088.750732 3.592473 -11.976064 4
data 1565000 2089.398926 -5.441636 -11.976065 4
data 1566000 2090.059570 3.590721 -11.976064 4
data 1567000 2090.711426 -5.439849 -11.966334 4
data 1568000 2091.355713 3.590450 -11.966333 4
data 1569000 2091.992676 -5.438064 -11.985796 4
data 1570000 2092.630127 3.585681 -11.985795 4
data 1571000 2093.263184 -5.436277 -11.995527 4
data 1572000 2093.887451 3.582406 -12.112300 4
data 1573000 2094.504395 -5.452542 -12.180420 4
data 1574000 2095.151611 3.570160 -12.199881 4
data 1575000 2095.792725 -5.453770 -12.199882 4
data 1576000 2096.430420 3.568401 -12.199881 4
data 1577000 2097.075439 -5.451976 -12.199882 4
data 1578000 2097.721191 3.566651 -12.199881 4
data 1579000 2098.360840 -5.450202 -12.160957 4
data 1580000 2098.994141 3.570910 -12.063644 4
data 1581000 2099.638916 -5.433372 -11.995527 4
data 1582000 2100.277832 3.579683 -11.907946 4
data 1583000 2100.910400 -5.418074 -11.907947 4
data 1584000 2101.543945 3.577945 -11.849559 4
data 1585000 2102.182129 -5.407277 -11.752248 4
data 1586000 2102.817139 3.591238 -11.752247 4
data 1587000 2103.447266 -5.405515 -11.752248 4
data 1588000 2104.068604 3.589490 -11.752247 4
data 1589000 2104.684082 -5.403757 -11.752248 4
data 1590000 2105.301758 3.587758 -11.849559 4
data 1591000 2105.938232 -5.417007 -11.985796 4
data 1592000 2106.575439 3.564979 -12.024720 4
data 1593000 2107.203613 -5.421276 -12.209613 4
data 1594000 2107.838135 3.534697 -12.209612 4
data 1595000 2108.463867 -5.419536 -12.209613 4
data 1596000 2109.082031 3.532969 -12.209612 4
data 1597000 2109.698242 -5.417790 -12.209613 4
data 1598000 2110.309814 3.531248 -12.160955 4
data 1599000 2110.912598 -5.408540 -12.151226 4
data 1600000 2111.531982 3.531062 -12.005258 4
data 1601000 2112.148193 -5.384254 -11.946872 4
data 1602000 2112.756836 3.538369 -11.781440 4
data 1603000 2113.370605 -5.356957 -11.693861 4
data 1604000 2113.983887 3.550198 -11.664666 4
data 1605000 2114.591309 -5.350726 -11.664668 4
data 1606000 2115.195557 3.548495 -11.664666 4
data 1607000 2115.796631 -5.349003 -11.664668 4
data 1608000 2116.391846 3.546792 -11.664666 4
data 1609000 2116.988281 -5.347279 -11.703591 4
data 1610000 2117.578857 3.539078 -11.800902 4
data 1611000 2118.173584 -5.360586 -11.830097 4
data 1612000 2118.760986 3.532866 -11.937140 4
data 1613000 2119.342529 -5.375408 -11.956602 4
data 1614000 2119.938232 3.528186 -11.976064 4
data 1615000 2120.527832 -5.376703 -11.985796 4
data 1616000 2121.134766 3.525016 -11.985795 4
data 1617000 2121.734131 -5.374997 -11.985796 4
data 1618000 2122.325928 3.523322 -11.985795 4
data 1619000 2122.910400 -5.373292 -11.985796 4
data 1620000 2123.494873 3.521639 -11.985795 4
data 1621000 2124.076416 -5.371585 -11.956602 4
data 1622000 2124.650635 3.524459 -11.946871 4
data 1623000 2125.221924 -5.368376 -11.830097 4
data 1624000 2125.800537 3.540825 -11.820365 4
data 1625000 2126.371826 -5.365173 -11.781441 4
data 1626000 2126.941895 3.545157 -11.732784 4
data 1627000 2127.513428 -5.355949 -11.674399 4
data 1628000 2128.086426 3.552500 -11.674397 4
data 1629000 2128.686279 -5.354213 -11.674399 4
data 1630000 2129.292969 3.550834 -11.674397 4
data 1631000 2129.892334 -5.352520 -11.664668 4
data 1632000 2130.482422 3.550654 -11.664666 4
data 1633000 2131.065186 -5.350831 -11.674399 4
data 1634000 2131.645020 3.547478 -11.674397 4
data 1635000 2132.216064 -5.349146 -11.693860 4
data 1636000 2132.781250 3.542798 -11.761978 4
data 1637000 2133.337891 -5.357984 -11.771710 4
data 1638000 2133.891602 3.539626 -11.800902 4
data 1639000 2134.442627 -5.360804 -11.800903 4
data 1640000 2134.988037 3.537955 -11.839828 4
data 1641000 2135.527588 -5.365132 -11.839828 4
data 1642000 2136.076904 3.536305 -11.839828 4
data 1643000 2136.648926 -5.363417 -11.839828 4
data 1644000 2137.215088 3.534640 -11.839828 4
data 1645000 2137.772461 -5.361741 -11.781441 4
data 1646000 2138.321289 3.541990 -11.742516 4
data 1647000 2138.865723 -5.354051 -11.645205 4
data 1648000 2139.406250 3.555357 -11.606279 4
data 1649000 2139.940918 -5.346364 -11.557625 4
data 1650000 2140.470215 3.561211 -11.528430 4
data 1651000 2141.007812 -5.340165 -11.528431 4
data 1652000 2141.544434 3.559558 -11.528430 4
data 1653000 2142.083008 -5.338486 -11.528431 4
data 1654000 2142.629883 3.557919 -11.528430 4
data 1655000 2143.169434 -5.336822 -11.577087 4
data 1656000 2143.701904 3.548752 -11.577086 4
data 1657000 2144.232178 -5.335155 -11.664668 4
data 1658000 2144.756592 3.533579 -11.732784 4
data 1659000 2145.277100 -5.344013 -11.742517 4
data 1660000 2145.795166 3.530434 -11.771709 4
data 1661000 2146.317383 -5.346852 -11.820366 4
data 1662000 2146.846436 3.521293 -11.820365 4
data 1663000 2147.373047 -5.345194 -11.820366 4
data 1664000 2147.892578 3.519652 -11.820365 4
data 1665000 2148.416016 -5.343531 -11.820366 4
data 1666000 2148.930664 3.518012 -11.761978 4
data 1667000 2149.446289 -5.332859 -11.684131 4
data 1668000 2149.962891 3.528407 -11.635472 4
data 1669000 2150.489746 -5.323680 -11.577087 4
data 1670000 2151.025391 3.535808 -11.538161 4
data 1671000 2151.557129 -5.316023 -11.470044 4
data 1672000 2152.089355 3.544703 -11.411655 4
data 1673000 2152.614258 -5.305368 -11.372732 4
data 1674000 2153.135254 3.549088 -11.372731 4
data 1675000 2153.649414 -5.303730 -11.372732 4
data 1676000 2154.156250 3.547460 -11.372731 4
data 1677000 2154.656250 -5.302095 -11.372732 4
data 1678000 2155.166992 3.545856 -11.401925 4
data 1679000 2155.672363 -5.304969 -11.431119 4
data 1680000 2156.201416 3.539761 -11.518699 4
data 1681000 2156.721680 -5.316861 -11.518700 4
data 1682000 2157.240967 3.538145 -11.616011 4
data 1683000 2157.751709 -5.330256 -11.664668 4
data 1684000 2158.266846 3.529024 -11.713322 4
data 1685000 2158.772949 -5.336141 -11.713323 4
data 1686000 2159.278809 3.527412 -11.732784 4
data 1687000 2159.779053 -5.337516 -11.732785 4
data 1688000 2160.270752 3.525793 -11.732784 4
data 1689000 2160.768799 -5.335875 -11.732785 4
data 1690000 2161.261475 3.524180 -11.693859 4
data 1691000 2161.745361 -5.328245 -11.664668 4
data 1692000 2162.222412 3.527077 -11.577086 4
data 1693000 2162.697510 -5.313098 -11.450582 4
data 1694000 2163.189209 3.545025 -11.411655 4
data 1695000 2163.683838 -5.305459 -11.353270 4
data 1696000 2164.166504 3.552425 -11.304613 4
data 1697000 2164.644043 -5.296330 -11.304614 4
data 1698000 2165.127930 3.550835 -11.304613 4
data 1699000 2165.605225 -5.294717 -11.304614 4
data 1700000 2166.087402 3.549246 -11.304613 4
data 1701000 2166.560791 -5.293111 -11.382463 4
data 1702000 2167.027344 3.535629 -11.411655 4
data 1703000 2167.487305 -5.296012 -11.499238 4
data 1704000 2167.945557 3.520520 -11.518699 4
data 1705000 2168.426025 -5.297382 -11.586819 4
data 1706000 2168.902832 3.508417 -11.616011 4
data 1707000 2169.372803 -5.300290 -11.616012 4
data 1708000 2169.834473 3.506827 -11.616011 4
data 1709000 2170.302734 -5.298678 -11.616012 4
data 1710000 2170.769531 3.505247 -11.616011 4
data 1711000 2171.238037 -5.297075 -11.596550 4
data 1712000 2171.715088 3.506686 -11.567355 4
data 1713000 2172.191895 -5.290969 -11.538162 4
data 1714000 2172.667236 3.509618 -11.450581 4
data 1715000 2173.138916 -5.275859 -11.392195 4
data 1716000 2173.602295 3.517052 -11.324076 4
data 1717000 2174.065674 -5.263752 -11.294883 4
data 1718000 2174.522217 3.519984 -11.255957 4
data 1719000 2174.979004 -5.256154 -11.226765 4
data 1720000 2175.432617 3.522921 -11.226764 4
data 1721000 2175.884766 -5.254569 -11.226765 4
data 1722000 2176.330322 3.521351 -11.226764 4
data 1723000 2176.777832 -5.252982 -11.226765 4
data 1724000 2177.243408 3.519812 -11.246225 4
data 1725000 2177.701904 -5.254411 -11.246226 4
data 1726000 2178.155518 3.518248 -11.265688 4
data 1727000 2178.600586 -5.255845 -11.324077 4
data 1728000 2179.037354 3.507671 -11.372731 4
data 1729000 2179.467529 -5.261785 -11.382463 4
data 1730000 2179.898438 3.504616 -11.450581 4
data 1731000 2180.345947 -5.270702 -11.479775 4
data 1732000 2180.788574 3.498552 -11.508968 4
data 1733000 2181.226318 -5.273639 -11.567356 4
data 1734000 2181.660889 3.487988 -11.567355 4
data 1735000 2182.101562 -5.272061 -11.567356 4
data 1736000 2182.541016 3.486440 -11.567355 4
data 1737000 2182.977295 -5.270496 -11.567356 4
data 1738000 2183.405029 3.484887 -11.508968 4
data 1739000 2183.831787 -5.259921 -11.489507 4
data 1740000 2184.277100 3.486372 -11.470043 4
data 1741000 2184.714111 -5.255364 -11.460313 4
data 1742000 2185.148193 3.486334 -11.333807 4
data 1743000 2185.599121 -5.234263 -11.314345 4
data 1744000 2186.041504 3.487796 -11.275419 4
data 1745000 2186.458984 -5.226729 -11.178109 4
data 1746000 2186.884766 3.501292 -11.109990 4
data 1747000 2187.307617 -5.214668 -11.080797 4
data 1748000 2187.727539 3.504265 -11.080796 4
data 1749000 2188.139404 -5.213127 -11.080797 4
data 1750000 2188.542969 3.502729 -11.080796 4
data 1751000 2188.942139 -5.211584 -11.080797 4
data 1752000 2189.333496 3.501195 -11.139184 4
data 1753000 2189.738770 -5.219032 -11.207302 4
data 1754000 2190.154541 3.489171 -11.285151 4
data 1755000 2190.571289 -5.229501 -11.382463 4
data 1756000 2191.000244 3.472649 -11.411655 4
data 1757000 2191.420654 -5.232475 -11.440850 4
data 1758000 2191.836670 3.466621 -11.489506 4
data 1759000 2192.244385 -5.238453 -11.489507 4
data 1760000 2192.643555 3.465096 -11.489506 4
data 1761000 2193.051514 -5.236906 -11.489507 4
data 1762000 2193.457031 3.463580 -11.489506 4
data 1763000 2193.863770 -5.235370 -11.470044 4
data 1764000 2194.262207 3.465063 -11.421388 4
data 1765000 2194.675293 -5.226312 -11.343538 4
data 1766000 2195.079834 3.475557 -11.265688 4
data 1767000 2195.485596 -5.212767 -11.197571 4
data 1768000 2195.873535 3.484540 -11.197570 4
data 1769000 2196.263184 -5.211236 -11.139185 4
data 1770000 2196.644775 3.492034 -11.071065 4
data 1771000 2197.044922 -5.199176 -11.022410 4
data 1772000 2197.440918 3.498033 -11.022409 4
data 1773000 2197.842285 -5.197645 -11.022410 4
data 1774000 2198.239258 3.496526 -11.022409 4
data 1775000 2198.643311 -5.196115 -11.022410 4
data 1776000 2199.039307 3.495015 -11.119721 4
data 1777000 2199.434814 -5.209608 -11.158648 4
data 1778000 2199.823975 3.487502 -11.178107 4
data 1779000 2200.208984 -5.211097 -11.314345 4
data 1780000 2200.591797 3.464983 -11.372731 4
data 1781000 2200.986084 -5.218578 -11.470044 4
data 1782000 2201.389648 3.448488 -11.479774 4
data 1783000 2201.788574 -5.218574 -11.499238 4
data 1784000 2202.188965 3.443999 -11.499237 4
data 1785000 2202.583252 -5.217071 -11.499238 4
data 1786000 2202.969238 3.442504 -11.499237 4
data 1787000 2203.348877 -5.215571 -11.499238 4
data 1788000 2203.720459 3.441011 -11.489506 4
data 1789000 2204.086182 -5.212570 -11.363001 4
data 1790000 2204.441895 3.459034 -11.353269 4
data 1791000 2204.791504 -5.209570 -11.304614 4
data 1792000 2205.145508 3.465064 -11.158647 4
data 1793000 2205.491699 -5.185558 -11.129454 4
data 1794000 2205.858154 3.468112 -11.119721 4
data 1795000 2206.228516 -5.182552 -11.002948 4
data 1796000 2206.596924 3.484648 -10.964023 4
data 1797000 2206.959473 -5.175055 -10.964024 4
data 1798000 2207.313965 3.483162 -10.964023 4
data 1799000 2207.687012 -5.173539 -10.964024 4
data 1800000 2208.055908 3.481684 -10.964023 4
data 1801000 2208.427002 -5.172043 -10.973754 4
data 1802000 2208.810547 3.478724 -11.012678 4
data 1803000 2209.185791 -5.176567 -11.109991 4
data 1804000 2209.557129 3.462239 -11.129453 4
data 1805000 2209.922363 -5.178088 -11.178108 4
data 1806000 2210.281494 3.453261 -11.207301 4
data 1807000 2210.638916 -5.181109 -11.275420 4
data 1808000 2210.994629 3.441288 -11.314344 4
data 1809000 2211.354736 -5.185627 -11.333808 4
data 1810000 2211.710938 3.436821 -11.343537 4
data 1811000 2212.096436 -5.185616 -11.363001 4
data 1812000 2212.473633 3.432352 -11.363000 4
data 1813000 2212.842529 -5.184148 -11.363001 4
data 1814000 2213.217773 3.430903 -11.363000 4
data 1815000 2213.584717 -5.182682 -11.363001 4
data 1816000 2213.929199 3.429426 -11.304613 4
data 1817000 2214.265869 -5.172212 -11.294883 4
data 1818000 2214.594727 3.429470 -11.236494 4
data 1819000 2214.930664 -5.161728 -11.217033 4
data 1820000 2215.258789 3.431017 -11.139184 4
data 1821000 2215.592041 -5.148249 -11.100260 4
data 1822000 2215.930176 3.435585 -11.012678 4
data 1823000 2216.269043 -5.133277 -10.993217 4
data 1824000 2216.610596 3.437150 -10.964023 4
data 1825000 2216.950684 -5.127317 -10.964024 4
data 1826000 2217.282959 3.435704 -10.964023 4
data 1827000 2217.609863 -5.125867 -10.964024 4
data 1828000 2217.933350 3.434265 -10.964023 4
data 1829000 2218.270508 -5.124398 -10.964024 4
data 1830000 2218.612793 3.432837 -10.973753 4
data 1831000 2218.960205 -5.124441 -10.993217 4
data 1832000 2219.299561 3.428395 -11.032141 4
data 1833000 2219.642090 -5.128992 -11.090528 4
data 1834000 2219.987305 3.417962 -11.158647 4
data 1835000 2220.333252 -5.138049 -11.197571 4
data 1836000 2220.673584 3.410524 -11.265688 4
data 1837000 2221.010254 -5.147112 -11.275420 4
data 1838000 2221.343506 3.407593 -11.275419 4
data 1839000 2221.688232 -5.145654 -11.275420 4
data 1840000 2222.033936 3.406170 -11.275419 4
data 1841000 2222.380371 -5.144210 -11.265689 4
data 1842000 2222.718750 3.406240 -11.246225 4
data 1843000 2223.049316 -5.139775 -11.236495 4
data 1844000 2223.374512 3.406316 -11.148914 4
data 1845000 2223.694336 -5.124835 -11.090528 4
data 1846000 2224.006592 3.413896 -11.051603 4
data 1847000 2224.311035 -5.117404 -10.954292 4
data 1848000 2224.619141 3.427492 -10.915366 4
data 1849000 2224.930908 -5.109960 -10.837518 4
data 1850000 2225.246338 3.438086 -10.837517 4
data 1851000 2225.556152 -5.108532 -10.837518 4
data 1852000 2225.863037 3.436668 -10.837517 4
data 1853000 2226.162598 -5.107107 -10.837518 4
data 1854000 2226.463623 3.435257 -10.856979 4
data 1855000 2226.766113 -5.108677 -10.876443 4
data 1856000 2227.074707 3.430852 -10.895904 4
data 1857000 2227.389160 -5.110244 -10.944561 4
data 1858000 2227.698242 3.421933 -11.022409 4
data 1859000 2228.002197 -5.120829 -11.080797 4
data 1860000 2228.298828 3.411513 -11.187839 4
data 1861000 2228.587891 -5.135918 -11.187840 4
data 1862000 2228.881104 3.410111 -11.187839 4
data 1863000 2229.191895 -5.134475 -11.226765 4
data 1864000 2229.510986 3.402713 -11.246225 4
data 1865000 2229.824707 -5.136059 -11.246226 4
data 1866000 2230.137451 3.401310 -11.246225 4
data 1867000 2230.442627 -5.134647 -11.246226 4
data 1868000 2230.747314 3.399909 -11.226764 4
data 1869000 2231.048828 -5.130231 -11.207302 4
data 1870000 2231.345215 3.401508 -11.178108 4
data 1871000 2231.650391 -5.124304 -11.168377 4
data 1872000 2231.948242 3.401606 -11.090528 4
data 1873000 2232.250000 -5.110882 -11.041873 4
data 1874000 2232.537354 3.407701 -11.012678 4
data 1875000 2232.824463 -5.104969 -10.934830 4
data 1876000 2233.104248 3.418306 -10.895904 4
data 1877000 2233.376953 -5.097564 -10.876443 4
data 1878000 2233.649414 3.419918 -10.818054 4
data 1879000 2233.933594 -5.087141 -10.769400 4
data 1880000 2234.210449 3.426025 -10.769399 4
data 1881000 2234.491943 -5.085731 -10.769400 4
data 1882000 2234.787354 3.424654 -10.769399 4
data 1883000 2235.084961 -5.084325 -10.769400 4
data 1884000 2235.375000 3.423261 -10.769399 4
data 1885000 2235.660156 -5.082929 -10.798593 4
data 1886000 2235.937988 3.417370 -10.847248 4
data 1887000 2236.208496 -5.089040 -10.886173 4
data 1888000 2236.469727 3.409977 -10.944560 4
data 1889000 2236.730957 -5.096646 -10.993217 4
data 1890000 2236.978027 3.401081 -11.012678 4
data 1891000 2237.225586 -5.098251 -11.061335 4
data 1892000 2237.473389 3.392203 -11.139184 4
data 1893000 2237.716797 -5.108865 -11.148915 4
data 1894000 2237.958008 3.389324 -11.187839 4
data 1895000 2238.221680 -5.113450 -11.187840 4
data 1896000 2238.478271 3.387943 -11.187839 4
data 1897000 2238.730225 -5.112063 -11.187840 4
data 1898000 2238.997559 3.386587 -11.187839 4
data 1899000 2239.262451 -5.110674 -11.100260 4
data 1900000 2239.522705 3.398714 -11.051603 4
data 1901000 2239.781006 -5.101785 -11.022410 4
data 1902000 2240.034668 3.401841 -10.954291 4
data 1903000 2240.293701 -5.089890 -10.925098 4
data 1904000 2240.552979 3.404976 -10.866711 4
data 1905000 2240.805420 -5.079511 -10.788862 4
data 1906000 2241.053223 3.415608 -10.759667 4
data 1907000 2241.294189 -5.073635 -10.759668 4
data 1908000 2241.533447 3.414244 -10.701282 4
data 1909000 2241.778564 -5.063248 -10.701282 4
data 1910000 2242.024414 3.412884 -10.701282 4
data 1911000 2242.263428 -5.061879 -10.701282 4
data 1912000 2242.523438 3.411548 -10.701282 4
data 1913000 2242.783936 -5.060504 -10.740206 4
data 1914000 2243.037598 3.404184 -10.759667 4
data 1915000 2243.296875 -5.062127 -10.837518 4
data 1916000 2243.536377 3.390808 -10.876442 4
data 1917000 2243.781982 -5.066753 -10.934830 4
data 1918000 2244.020752 3.380449 -10.964023 4
data 1919000 2244.252441 -5.069895 -11.012679 4
data 1920000 2244.477539 3.371592 -11.109990 4
data 1921000 2244.729492 -5.083503 -11.109991 4
data 1922000 2244.974365 3.370237 -11.109990 4
data 1923000 2245.212402 -5.082145 -11.109991 4
data 1924000 2245.454102 3.368894 -11.109990 4
data 1925000 2245.688965 -5.080789 -11.109991 4
data 1926000 2245.916992 3.367543 -11.109990 4
data 1927000 2246.153809 -5.079419 -11.080797 4
data 1928000 2246.384033 3.370694 -11.041872 4
data 1929000 2246.610107 -5.072063 -11.022410 4
data 1930000 2246.826904 3.372345 -11.002947 4
data 1931000 2247.039795 -5.067708 -10.866712 4
data 1932000 2247.254395 3.392007 -10.818054 4
data 1933000 2247.467529 -5.058851 -10.798593 4
data 1934000 2247.682373 3.393671 -10.711012 4
data 1935000 2247.895996 -5.043997 -10.672088 4
data 1936000 2248.119141 3.398345 -10.642894 4
data 1937000 2248.349121 -5.038137 -10.642895 4
data 1938000 2248.572510 3.397004 -10.642894 4
data 1939000 2248.810791 -5.036772 -10.642895 4
data 1940000 2249.041992 3.395665 -10.642894 4
data 1941000 2249.274658 -5.035422 -10.642895 4
data 1942000 2249.508789 3.394335 -10.691550 4
data 1943000 2249.744141 -5.041574 -10.711012 4
data 1944000 2249.967285 3.389992 -10.749936 4
data 1945000 2250.194580 -5.046225 -10.798593 4
data 1946000 2250.423584 3.381166 -10.856979 4
data 1947000 2250.645752 -5.053888 -10.895905 4
data 1948000 2250.864258 3.373835 -10.983484 4
data 1949000 2251.092529 -5.066035 -11.032142 4
data 1950000 2251.297607 3.364985 -11.061334 4
data 1951000 2251.512695 -5.069183 -11.071066 4
data 1952000 2251.723877 3.362157 -11.080796 4
data 1953000 2251.934082 -5.069344 -11.080797 4
data 1954000 2252.153809 3.360845 -11.080796 4
data 1955000 2252.375000 -5.068004 -11.080797 4
data 1956000 2252.589600 3.359518 -11.080796 4
data 1957000 2252.797852 -5.066674 -11.080797 4
data 1958000 2253.005127 3.358199 -11.051603 4
data 1959000 2253.206543 -5.060846 -11.032142 4
data 1960000 2253.401855 3.359877 -10.973753 4
data 1961000 2253.591553 -5.050520 -10.934830 4
data 1962000 2253.780762 3.364563 -10.876442 4
data 1963000 2253.989502 -5.040171 -10.818055 4
data 1964000 2254.192383 3.372245 -10.740205 4
data 1965000 2254.389404 -5.026851 -10.701282 4
data 1966000 2254.585693 3.376935 -10.613701 4
data 1967000 2254.778809 -5.012031 -10.594239 4
data 1968000 2254.986328 3.378643 -10.555313 4
data 1969000 2255.190674 -5.004714 -10.555314 4
data 1970000 2255.389404 3.377333 -10.555313 4
data 1971000 2255.589844 -5.003393 -10.555314 4
data 1972000 2255.789795 3.376030 -10.555313 4
data 1973000 2255.989014 -5.002077 -10.594239 4
data 1974000 2256.177979 3.368720 -10.633162 4
data 1975000 2256.366455 -5.006762 -10.691550 4
data 1976000 2256.556885 3.358425 -10.701282 4
data 1977000 2256.734863 -5.006962 -10.769400 4
data 1978000 2256.914795 3.346633 -10.837517 4
data 1979000 2257.099365 -5.016146 -10.925098 4
data 1980000 2257.278809 3.331837 -10.954291 4
data 1981000 2257.462646 -5.019333 -10.964024 4
data 1982000 2257.641357 3.329040 -11.051603 4
data 1983000 2257.822266 -5.031520 -11.051604 4
data 1984000 2258.000488 3.327746 -11.051603 4
data 1985000 2258.178223 -5.030214 -11.051604 4
data 1986000 2258.369873 3.326471 -11.051603 4
data 1987000 2258.556396 -5.028914 -11.041873 4
data 1988000 2258.737793 3.326678 -11.012678 4
data 1989000 2258.921387 -5.023109 -10.954292 4
data 1990000 2259.093018 3.334379 -10.856979 4
data 1991000 2259.266846 -5.006810 -10.847249 4
data 1992000 2259.435791 3.334591 -10.788861 4
data 1993000 2259.600098 -4.996518 -10.720743 4
data 1994000 2259.759766 3.343803 -10.662356 4
data 1995000 2259.921875 -4.986221 -10.603971 4
data 1996000 2260.079346 3.351517 -10.545582 4
data 1997000 2260.237061 -4.975929 -10.516389 4
data 1998000 2260.385742 3.354730 -10.506658 4
data 1999000 2260.534912 -4.973136 -10.506659 4
data 2000000 2260.675049 3.353445 -10.506658 4
data 2001000 2260.810791 -4.971850 -10.506659 4
data 2002000 2260.947021 3.352171 -10.506658 4
data 2003000 2261.079102 -4.970565 -10.506659 4
data 2004000 2261.207275 3.350893 -10.545582 4
data 2005000 2261.340576 -4.975272 -10.623432 4
data 2006000 2261.469727 3.337622 -10.652625 4
data 2007000 2261.606445 -4.978478 -10.711012 4
data 2008000 2261.739258 3.327352 -10.779130 4
data 2009000 2261.872559 -4.987692 -10.798593 4
data 2010000 2262.003906 3.323083 -10.847248 4
data 2011000 2262.160889 -4.993882 -10.886173 4
data 2012000 2262.318359 3.315819 -10.934829 4
data 2013000 2262.485107 -5.000089 -10.954292 4
data 2014000 2262.647461 3.311550 -10.993216 4
data 2015000 2262.805664 -5.004811 -10.993217 4
data 2016000 2262.954834 3.310277 -10.993216 4
data 2017000 2263.099854 -5.003536 -10.993217 4
data 2018000 2263.229492 3.309000 -10.993216 4
data 2019000 2263.355469 -5.002262 -10.964024 4
data 2020000 2263.477539 3.312233 -10.944560 4
data 2021000 2263.595703 -4.997991 -10.895905 4
data 2022000 2263.710205 3.318468 -10.847248 4
data 2023000 2263.821045 -4.989223 -10.827786 4
data 2024000 2263.966797 3.320244 -10.779130 4
data 2025000 2264.110596 -4.980455 -10.720743 4
data 2026000 2264.250732 3.327981 -10.662356 4
data 2027000 2264.391357 -4.970188 -10.623432 4
data 2028000 2264.532715 3.332726 -10.584507 4
data 2029000 2264.676758 -4.962919 -10.574777 4
data 2030000 2264.819336 3.332972 -10.526119 4
data 2031000 2264.955811 -4.954162 -10.516389 4
data 2032000 2265.090820 3.333220 -10.516388 4
data 2033000 2265.226562 -4.952898 -10.516389 4
data 2034000 2265.360840 3.331970 -10.516388 4
data 2035000 2265.500244 -4.951630 -10.516389 4
data 2036000 2265.656250 3.330739 -10.535851 4
data 2037000 2265.808350 -4.953372 -10.574777 4
data 2038000 2265.936279 3.323473 -10.603970 4
data 2039000 2266.060547 -4.956615 -10.642895 4
data 2040000 2266.190186 3.316238 -10.662356 4
data 2041000 2266.316406 -4.958362 -10.759668 4
data 2042000 2266.450195 3.300012 -10.769399 4
data 2043000 2266.584961 -4.958608 -10.847249 4
data 2044000 2266.715820 3.286777 -10.847248 4
data 2045000 2266.836426 -4.957369 -10.944561 4
data 2046000 2266.960205 3.270555 -10.944560 4
data 2047000 2267.080566 -4.956126 -10.954292 4
data 2048000 2267.201904 3.267826 -10.954291 4
data 2049000 2267.323975 -4.954880 -10.954292 4
data 2050000 2267.442871 3.266594 -10.954291 4
data 2051000 2267.558350 -4.953640 -10.954292 4
data 2052000 2267.670410 3.265364 -10.954291 4
data 2053000 2267.779053 -4.952402 -10.934830 4
data 2054000 2267.893311 3.267143 -10.895904 4
data 2055000 2268.020020 -4.945152 -10.837518 4
data 2056000 2268.147705 3.274915 -10.769399 4
data 2057000 2268.271973 -4.933424 -10.749937 4
data 2058000 2268.395020 3.276691 -10.662356 4
data 2059000 2268.514648 -4.918699 -10.623432 4
data 2060000 2268.630859 3.281466 -10.565044 4
data 2061000 2268.748535 -4.908469 -10.516389 4
data 2062000 2268.865234 3.287743 -10.506658 4
data 2063000 2268.978516 -4.905741 -10.467733 4
data 2064000 2269.095215 3.292526 -10.467732 4
data 2065000 2269.202148 -4.904520 -10.467733 4
data 2066000 2269.312500 3.291313 -10.467732 4
data 2067000 2269.419922 -4.903294 -10.467733 4
data 2068000 2269.523926 3.290095 -10.506658 4
data 2069000 2269.625000 -4.908065 -10.545583 4
data 2070000 2269.723145 3.282883 -10.565044 4
data 2071000 2269.820312 -4.909839 -10.603971 4
data 2072000 2269.912354 3.275670 -10.623431 4
data 2073000 2270.001465 -4.911616 -10.681819 4
data 2074000 2270.098877 3.265475 -10.701282 4
data 2075000 2270.197998 -4.913392 -10.788862 4
data 2076000 2270.293945 3.250775 -10.798592 4
data 2077000 2270.386963 -4.913675 -10.837518 4
data 2078000 2270.477051 3.243572 -10.876442 4
data 2079000 2270.564209 -4.918458 -10.876443 4
data 2080000 2270.648682 3.242367 -10.905635 4
data 2081000 2270.741455 -4.921730 -10.905636 4
data 2082000 2270.842773 3.241174 -10.915366 4
data 2083000 2270.943359 -4.922015 -10.915367 4
data 2084000 2271.041016 3.239971 -10.915366 4
data 2085000 2271.135742 -4.920804 -10.915367 4
data 2086000 2271.227539 3.238770 -10.905635 4
data 2087000 2271.323242 -4.918088 -10.866712 4
data 2088000 2271.416016 3.243566 -10.827785 4
data 2089000 2271.519531 -4.910871 -10.788862 4
data 2090000 2271.620117 3.248364 -10.711012 4
data 2091000 2271.718018 -4.897673 -10.672088 4
data 2092000 2271.822021 3.253173 -10.623431 4
data 2093000 2271.923096 -4.888975 -10.623432 4
data 2094000 2272.021240 3.251979 -10.584507 4
data 2095000 2272.116699 -4.881777 -10.516389 4
data 2096000 2272.204834 3.261275 -10.496926 4
data 2097000 2272.294922 -4.877573 -10.448271 4
data 2098000 2272.382324 3.267578 -10.438539 4
data 2099000 2272.462891 -4.874878 -10.438540 4
data 2100000 2272.540771 3.266387 -10.438539 4
data 2101000 2272.609619 -4.873686 -10.438540 4
data 2102000 2272.676025 3.265198 -10.438539 4
data 2103000 2272.739990 -4.872489 -10.438540 4
data 2104000 2272.808350 3.264017 -10.467732 4
data 2105000 2272.883301 -4.875782 -10.526120 4
data 2106000 2272.955811 3.253838 -10.565044 4
data 2107000 2273.025879 -4.880584 -10.623432 4
data 2108000 2273.093506 3.243661 -10.633162 4
data 2109000 2273.158936 -4.880892 -10.701282 4
data 2110000 2273.222168 3.231986 -10.808323 4
data 2111000 2273.280762 -4.896191 -10.827786 4
data 2112000 2273.337158 3.227807 -10.866711 4
data 2113000 2273.393799 -4.900994 -10.876443 4
data 2114000 2273.452637 3.225132 -10.925097 4
data 2115000 2273.502686 -4.907305 -10.944561 4
data 2116000 2273.557129 3.220962 -10.944560 4
data 2117000 2273.627197 -4.906100 -10.944561 4
data 2118000 2273.679688 3.219769 -10.944560 4
data 2119000 2273.732178 -4.904912 -10.944561 4
data 2120000 2273.795898 3.218606 -10.915366 4
data 2121000 2273.864014 -4.899223 -10.837518 4
data 2122000 2273.947754 3.229438 -10.827785 4
data 2123000 2274.029053 -4.896539 -10.759668 4
data 2124000 2274.108154 3.238755 -10.730474 4
data 2125000 2274.164795 -4.890876 -10.633163 4
data 2126000 2274.214844 3.252564 -10.594238 4
data 2127000 2274.267578 -4.883692 -10.506659 4
data 2128000 2274.338135 3.264896 -10.487195 4
data 2129000 2274.408691 -4.879508 -10.458002 4
data 2130000 2274.468262 3.268211 -10.419077 4
data 2131000 2274.525879 -4.872331 -10.389884 4
data 2132000 2274.581543 3.271535 -10.389883 4
data 2133000 2274.635254 -4.871150 -10.389884 4
data 2134000 2274.704834 3.270380 -10.389883 4
data 2135000 2274.772217 -4.869971 -10.419078 4
data 2136000 2274.837646 3.264715 -10.419077 4
data 2137000 2274.883545 -4.868811 -10.487196 4
data 2138000 2274.927490 3.253058 -10.516388 4
data 2139000 2274.967285 -4.872134 -10.516389 4
data 2140000 2275.005615 3.251892 -10.555313 4
data 2141000 2275.044189 -4.876953 -10.623432 4
data 2142000 2275.087891 3.240244 -10.681819 4
data 2143000 2275.129639 -4.884773 -10.740206 4
data 2144000 2275.169678 3.230091 -10.749936 4
data 2145000 2275.208008 -4.885102 -10.856980 4
data 2146000 2275.244629 3.212447 -10.886172 4
data 2147000 2275.279785 -4.888431 -10.895905 4
data 2148000 2275.313232 3.209791 -10.925097 4
data 2149000 2275.344971 -4.891760 -10.934830 4
data 2150000 2275.375000 3.207137 -10.934829 4
data 2151000 2275.403564 -4.890594 -10.934830 4
data 2152000 2275.417236 3.205971 -10.934829 4
data 2153000 2275.429688 -4.889430 -10.934830 4
data 2154000 2275.464844 3.204841 -10.905635 4
data 2155000 2275.498779 -4.883771 -10.856980 4
data 2156000 2275.531006 3.211183 -10.779130 4
data 2157000 2275.544189 -4.870638 -10.730474 4
data 2158000 2275.555908 3.217527 -10.720743 4
data 2159000 2275.557617 -4.867988 -10.652625 4
data 2160000 2275.558105 3.226869 -10.574776 4
data 2161000 2275.559814 -4.854838 -10.535851 4
data 2162000 2275.560303 3.231717 -10.467732 4
data 2163000 2275.559814 -4.843192 -10.448271 4
data 2164000 2275.558105 3.233570 -10.399614 4
data 2165000 2275.564209 -4.834538 -10.399615 4
data 2166000 2275.569336 3.232428 -10.399614 4
data 2167000 2275.564697 -4.833394 -10.399615 4
data 2168000 2275.567627 3.231295 -10.399614 4
data 2169000 2275.569580 -4.832242 -10.399615 4
data 2170000 2275.570557 3.230155 -10.438539 4
data 2171000 2275.561768 -4.837095 -10.467733 4
data 2172000 2275.552246 3.224521 -10.506658 4
data 2173000 2275.541748 -4.841940 -10.516389 4
data 2174000 2275.530518 3.221884 -10.603970 4
data 2175000 2275.526855 -4.854270 -10.603971 4
data 2176000 2275.522461 3.220744 -10.720743 4
data 2177000 2275.517090 -4.871101 -10.759668 4
data 2178000 2275.510986 3.213612 -10.779130 4
data 2179000 2275.503662 -4.872950 -10.798593 4
data 2180000 2275.502197 3.209483 -10.876442 4
data 2181000 2275.504150 -4.883785 -10.876443 4
data 2182000 2275.525146 3.208364 -10.905635 4
data 2183000 2275.545166 -4.887132 -10.905636 4
data 2184000 2275.563965 3.207227 -10.905635 4
data 2185000 2275.563965 -4.886002 -10.905636 4
data 2186000 2275.580811 3.206109 -10.905635 4
data 2187000 2275.611816 -4.884842 -10.905636 4
data 2188000 2275.626465 3.204961 -10.905635 4
data 2189000 2275.639893 -4.883698 -10.886173 4
data 2190000 2275.652344 3.206826 -10.856979 4
data 2191000 2275.666016 -4.878058 -10.847249 4
data 2192000 2275.678711 3.207195 -10.749936 4
data 2193000 2275.690430 -4.861935 -10.740206 4
data 2194000 2275.701172 3.207566 -10.730474 4
data 2195000 2275.699951 -4.859308 -10.652625 4
data 2196000 2275.689209 3.218418 -10.584507 4
data 2197000 2275.673340 -4.847686 -10.545583 4
data 2198000 2275.657715 3.223449 0.000000 4
data 2199000 2275.642334 -3.223011 -0.000000 4
data 2200000 2275.627441 3.222547 0.000000 4
data 2201000 2275.602051 -3.222119 -0.000000 4
data 2202000 2275.577148 3.221646 0.000000 4
data 2203000 2275.550537 -3.221220 -0.000000 4
data 2204000 2275.524414 3.220746 0.000000 4
data 2205000 2275.499023 -3.220319 -0.000000 4
data 2206000 2275.476318 3.219849 0.000000 4
data 2207000 2275.452148 -3.219421 -0.000000 4
data 2208000 2275.428467 3.218951 0.000000 4
data 2209000 2275.405273 -3.218523 -0.000000 4
data 2210000 2275.382568 3.218054 0.000000 4
data 2211000 2275.360352 -3.217626 -0.000000 4
data 2212000 2275.353760 3.217172 0.000000 4
data 2213000 2275.332275 -3.216744 -0.000000 4
data 2214000 2275.311279 3.216277 0.000000 4
data 2215000 2275.291016 -3.215848 -0.000000 4
data 2216000 2275.268799 3.215382 0.000000 4
data 2217000 2275.247070 -3.214955 -0.000000 4
data 2218000 2275.225830 3.214489 0.000000 4
data 2219000 2275.205078 -3.214061 -0.000000 4
data 2220000 2275.187256 3.213600 0.000000 4
data 2221000 2275.167480 -3.213172 -0.000000 4
data 2222000 2275.132812 3.212695 0.000000 4
data 2223000 2275.098877 -3.212281 -0.000000 4
data 2224000 2275.078857 3.211818 0.000000 4
data 2225000 2275.067871 -3.211384 -0.000000 4
data 2226000 2275.057129 3.210930 0.000000 4
data 2227000 2275.038086 -3.210503 -0.000000 4
data 2228000 2275.028320 3.210050 0.000000 4
data 2229000 2275.010254 -3.209623 -0.000000 4
data 2230000 2274.992432 3.209164 0.000000 4
data 2231000 2274.975342 -3.208736 -0.000000 4
data 2232000 2274.962891 3.208282 0.000000 4
data 2233000 2274.950928 -3.207851 -0.000000 4
data 2234000 2274.934814 3.207394 0.000000 4
data 2235000 2274.899414 -3.206984 -0.000000 4
data 2236000 2274.864746 3.206511 0.000000 4
data 2237000 2274.830811 -3.206100 -0.000000 4
data 2238000 2274.797363 3.205629 0.000000 4
data 2239000 2274.764404 -3.205218 -0.000000 4
data 2240000 2274.732178 3.204748 0.000000 4
data 2241000 2274.700439 -3.204336 -0.000000 4
data 2242000 2274.669434 3.203868 0.000000 4
data 2243000 2274.641113 -3.203454 -0.000000 4
data 2244000 2274.613525 3.202990 0.000000 4
data 2245000 2274.583984 -3.202577 -0.000000 4
data 2246000 2274.555176 3.202112 0.000000 4
data 2247000 2274.526855 -3.201699 -0.000000 4
data 2248000 2274.501465 3.201237 0.000000 4
data 2249000 2274.476562 -3.200821 -0.000000 4
data 2250000 2274.452148 3.200361 0.000000 4
data 2251000 2274.426025 -3.199947 -0.000000 4
data 2252000 2274.400391 3.199486 0.000000 4
data 2253000 2274.375244 -3.199072 -0.000000 4
data 2254000 2274.346191 3.198609 0.000000 4
data 2255000 2274.313477 -3.198201 -0.000000 4
data 2256000 2274.285889 3.197740 0.000000 4
data 2257000 2274.258789 -3.197328 -0.000000 4
data 2258000 2274.227783 3.196864 0.000000 4
data 2259000 2274.197266 -3.196456 -0.000000 4
data 2260000 2274.160889 3.195988 0.000000 4
data 2261000 2274.125244 -3.195584 -0.000000 4
data 2262000 2274.090088 3.195118 0.000000 4
data 2263000 2274.055664 -3.194714 -0.000000 4
data 2264000 2274.013184 3.194242 0.000000 4
data 2265000 2273.960449 -3.193854 -0.000000 4
data 2266000 2273.906250 3.193372 0.000000 4
data 2267000 2273.850586 -3.192988 -0.000000 4
data 2268000 2273.795654 3.192506 0.000000 4
data 2269000 2273.741699 -3.192120 -0.000000 4
data 2270000 2273.688721 3.191641 0.000000 4
data 2271000 2273.651855 -3.191241 -0.000000 4
data 2272000 2273.615723 3.190776 0.000000 4
data 2273000 2273.564941 -3.190389 -0.000000 4
data 2274000 2273.510498 3.189909 0.000000 4
data 2275000 2273.457031 -3.189524 -0.000000 4
data 2276000 2273.404297 3.189046 0.000000 4
data 2277000 2273.352539 -3.188661 -0.000000 4
data 2278000 2273.301514 3.188185 0.000000 4
data 2279000 2273.249268 -3.187800 -0.000000 4
data 2280000 2273.197754 3.187324 0.000000 4
data 2281000 2273.147217 -3.186939 -0.000000 4
data 2282000 2273.097412 3.186465 0.000000 4
data 2283000 2273.048584 -3.186078 -0.000000 4
data 2284000 2273.070557 3.185668 0.000000 4
data 2285000 2273.114502 -3.185200 -0.000000 4
data 2286000 2273.158203 3.184809 0.000000 4
data 2287000 2273.201660 -3.184342 -0.000000 4
data 2288000 2273.245117 3.183952 0.000000 4
data 2289000 2273.288574 -3.183486 -0.000000 4
data 2290000 2273.322998 3.183088 0.000000 4
data 2291000 2273.311279 -3.182670 -0.000000 4
data 2292000 2273.289062 3.182223 0.000000 4
data 2293000 2273.256348 -3.181825 -0.000000 4
data 2294000 2273.219971 3.181366 0.000000 4
data 2295000 2273.177490 -3.180976 -0.000000 4
data 2296000 2273.115967 3.180496 0.000000 4
data 2297000 2273.055420 -3.180123 -0.000000 4
data 2298000 2272.995605 3.179644 0.000000 4
data 2299000 2272.937012 -3.179270 -0.000000 4
data 2300000 2272.879395 3.178794 0.000000 4
data 2301000 2272.835449 -3.178407 -0.000000 4
data 2302000 2272.792480 3.177944 0.000000 4
data 2303000 2272.754639 -3.177552 -0.000000 4
data 2304000 2272.717529 3.177096 0.000000 4
data 2305000 2272.680908 -3.176703 -0.000000 4
data 2306000 2272.651611 3.176254 0.000000 4
data 2307000 2272.622803 -3.175855 -0.000000 4
data 2308000 2272.588135 3.175401 0.000000 4
data 2309000 2272.552002 -3.175009 -0.000000 4
data 2310000 2272.516357 3.174555 0.000000 4
data 2311000 2272.481445 -3.174162 -0.000000 4
data 2312000 2272.438477 3.173703 0.000000 4
data 2313000 2272.387451 -3.173324 -0.000000 4
data 2314000 2272.337158 3.172859 0.000000 4
data 2315000 2272.283447 -3.172483 -0.000000 4
data 2316000 2272.195557 3.171986 0.000000 4
data 2317000 2272.098145 -3.171648 -0.000000 4
data 2318000 2271.997559 3.171140 0.000000 4
data 2319000 2271.894043 -3.170809 -0.000000 4
data 2320000 2271.789795 3.170298 0.000000 4
data 2321000 2271.658447 -3.169991 -0.000000 4
data 2322000 2271.515625 3.169447 0.000000 4
data 2323000 2271.374756 -3.169149 -0.000000 4
data 2324000 2271.235596 3.168609 0.000000 4
data 2325000 2271.098389 -3.168308 -0.000000 4
data 2326000 2270.962891 3.167772 0.000000 4
data 2327000 2270.829102 -3.167468 -0.000000 4
data 2328000 2270.697266 3.166936 0.000000 4
data 2329000 2270.567139 -3.166629 -0.000000 4
data 2330000 2270.438721 3.166100 0.000000 4
data 2331000 2270.318848 -3.165785 -0.000000 4
data 2332000 2270.200684 3.165266 0.000000 4
data 2333000 2270.083984 -3.164948 -0.000000 4
data 2334000 2269.968994 3.164432 0.000000 4
data 2335000 2269.855713 -3.164112 -0.000000 4
data 2336000 2269.735352 3.163592 0.000000 4
data 2337000 2269.614502 -3.163279 -0.000000 4
data 2338000 2269.484619 3.162751 0.000000 4
data 2339000 2269.345703 -3.162454 -0.000000 4
data 2340000 2269.191162 3.161906 0.000000 4
data 2341000 2269.038574 -3.161620 -0.000000 4
data 2342000 2268.883789 3.161072 0.000000 4
data 2343000 2268.731445 -3.160787 -0.000000 4
data 2344000 2268.574463 3.160238 0.000000 4
data 2345000 2268.413330 -3.159961 -0.000000 4
data 2346000 2268.260742 3.159416 0.000000 4
data 2347000 2268.110352 -3.159130 -0.000000 4
data 2348000 2267.953369 3.158582 0.000000 4
data 2349000 2267.798828 -3.158300 -0.000000 4
data 2350000 2267.644287 3.157754 0.000000 4
data 2351000 2267.487549 -3.157475 -0.000000 4
data 2352000 2267.324463 3.156923 0.000000 4
data 2353000 2267.152832 -3.156656 -0.000000 4
data 2354000 2266.983643 3.156099 0.000000 4
data 2355000 2266.814697 -3.155830 -0.000000 4
data 2356000 2266.626221 3.155258 0.000000 4
data 2357000 2266.440430 -3.155003 -0.000000 4
data 2358000 2266.257324 3.154436 0.000000 4
data 2359000 2266.065918 -3.154187 -0.000000 4
data 2360000 2265.875000 3.153614 0.000000 4
data 2361000 2265.686768 -3.153362 -0.000000 4
data 2362000 2265.503662 3.152796 0.000000 4
data 2363000 2265.338379 -3.152525 -0.000000 4
data 2364000 2265.179932 3.151981 0.000000 4
data 2365000 2265.023926 -3.151702 -0.000000 4
data 2366000 2264.870605 3.151163 0.000000 4
data 2367000 2264.719482 -3.150881 -0.000000 4
data 2368000 2264.579590 3.150353 0.000000 4
data 2369000 2264.446289 -3.150056 -0.000000 4
data 2370000 2264.323975 3.149544 0.000000 4
data 2371000 2264.208252 -3.149233 -0.000000 4
data 2372000 2264.098877 3.148732 0.000000 4
data 2373000 2264.024170 -3.148386 -0.000000 4
data 2374000 2263.955566 3.147920 0.000000 4
data 2375000 2263.895020 -3.147563 -0.000000 4
data 2376000 2263.829590 3.147101 0.000000 4
data 2377000 2263.765381 -3.146747 -0.000000 4
data 2378000 2263.702881 3.146287 0.000000 4
data 2379000 2263.641846 -3.145931 -0.000000 4
data 2380000 2263.545166 3.145443 0.000000 4
data 2381000 2263.450195 -3.145117 -0.000000 4
data 2382000 2263.357178 3.144632 0.000000 4
data 2383000 2263.265869 -3.144303 -0.000000 4
data 2384000 2263.176514 3.143822 0.000000 4
data 2385000 2263.108398 -3.143473 -0.000000 4
data 2386000 2263.048340 3.143017 0.000000 4
data 2387000 2262.989746 -3.142661 -0.000000 4
data 2388000 2262.941406 3.142216 0.000000 4
data 2389000 2262.909668 -3.141837 -0.000000 4
data 2390000 2262.911865 3.141435 0.000000 4
data 2391000 2262.919434 -3.141024 -0.000000 4
data 2392000 2262.982178 3.140672 0.000000 4
data 2393000 2263.045166 -3.140216 -0.000000 4
data 2394000 2263.108154 3.139865 0.000000 4
data 2395000 2263.171387 -3.139408 -0.000000 4
data 2396000 2263.234619 3.139058 0.000000 4
data 2397000 2263.256348 -3.138637 -0.000000 4
data 2398000 2263.274414 3.138249 0.000000 4
data 2399000 2263.275391 -3.137846 -0.000000 4
data 2400000 2263.261719 3.137432 0.000000 4
data 2401000 2263.207520 -3.137075 -0.000000 4
data 2402000 2263.128418 3.136607 0.000000 4
data 2403000 2263.050537 -3.136270 -0.000000 4
data 2404000 2263.004883 3.135831 0.000000 4
data 2405000 2262.918945 -3.135501 -0.000000 4
data 2406000 2262.834473 3.135030 0.000000 4
data 2407000 2262.751709 -3.134697 -0.000000 4
data 2408000 2262.690186 3.134246 0.000000 4
data 2409000 2262.629883 -3.133895 -0.000000 4
data 2410000 2262.592773 3.133464 0.000000 4
data 2411000 2262.615967 -3.133045 -0.000000 4
data 2412000 2262.650635 3.132674 0.000000 4
data 2413000 2262.687500 -3.132244 -0.000000 4
data 2414000 2262.742188 3.131890 0.000000 4
data 2415000 2262.801270 -3.131442 -0.000000 4
data 2416000 2262.856201 3.131088 0.000000 4
data 2417000 2262.915527 -3.130641 -0.000000 4
data 2418000 2262.974854 3.130291 0.000000 4
data 2419000 2263.029785 -3.129848 -0.000000 4
data 2420000 2263.071533 3.129484 0.000000 4
data 2421000 2263.109131 -3.129056 -0.000000 4
data 2422000 2263.094482 3.128646 0.000000 4
data 2423000 2263.076172 -3.128263 -0.000000 4
data 2424000 2263.058594 3.127852 0.000000 4
data 2425000 2263.041748 -3.127469 -0.000000 4
data 2426000 2263.025635 3.127059 0.000000 4
data 2427000 2263.010254 -3.126675 -0.000000 4
data 2428000 2263.120117 3.126369 0.000000 4
data 2429000 2263.430908 -3.125717 -0.000000 4
data 2430000 2263.738770 3.125575 0.000000 4
data 2431000 2264.043945 -3.124928 -0.000000 4
data 2432000 2264.346191 3.124781 0.000000 4
data 2433000 2264.645752 -3.124140 -0.000000 4
data 2434000 2264.861572 3.123922 0.000000 4
data 2435000 2265.044922 -3.123377 -0.000000 4
data 2436000 2265.224365 3.123129 0.000000 4
data 2437000 2265.247070 -3.122716 -0.000000 4
data 2438000 2264.977051 3.122101 0.000000 4
data 2439000 2264.710205 -3.121926 -0.000000 4
data 2440000 2264.446533 3.121316 0.000000 4
data 2441000 2264.185547 -3.121136 -0.000000 4
data 2442000 2263.927979 3.120532 0.000000 4
data 2443000 2263.815186 -3.120231 -0.000000 4
data 2444000 2263.800049 3.119826 0.000000 4
data 2445000 2264.000000 -3.119270 -0.000000 4
data 2446000 2264.292236 3.119116 0.000000 4
data 2447000 2264.638672 -3.118441 -0.000000 4
data 2448000 2264.981689 3.118329 0.000000 4
data 2449000 2265.321289 -3.117660 -0.000000 4
data 2450000 2265.657715 3.117543 0.000000 4
data 2451000 2265.990723 -3.116880 -0.000000 4
data 2452000 2266.165283 3.116631 0.000000 4
data 2453000 2266.307373 -3.116124 -0.000000 4
data 2454000 2266.411133 3.115818 0.000000 4
data 2455000 2266.476562 -3.115374 -0.000000 4
data 2456000 2266.521729 3.115021 0.000000 4
data 2457000 2266.566406 -3.114594 -0.000000 4
data 2458000 2266.610596 3.114240 0.000000 4
data 2459000 2266.654785 -3.113815 -0.000000 4
data 2460000 2266.702881 3.113464 0.000000 4
data 2461000 2266.750488 -3.113036 -0.000000 4
data 2462000 2266.797607 3.112685 0.000000 4
data 2463000 2266.844238 -3.112259 -0.000000 4
data 2464000 2266.881836 3.111901 0.000000 4
data 2465000 2266.918701 -3.111482 -0.000000 4
data 2466000 2266.852783 3.111041 0.000000 4
data 2467000 2266.761230 -3.110727 -0.000000 4
data 2468000 2266.670898 3.110266 0.000000 4
data 2469000 2266.520264 -3.110000 -0.000000 4
data 2470000 2266.360352 3.109483 0.000000 4
data 2471000 2266.095215 -3.109310 -0.000000 4
data 2472000 2265.734619 3.108632 0.000000 4
data 2473000 2265.220947 -3.108660 -0.000000 4
data 2474000 2264.712891 3.107863 0.000000 4
data 2475000 2264.210205 -3.107883 -0.000000 4
data 2476000 2263.713135 3.107095 0.000000 4
data 2477000 2263.221436 -3.107106 -0.000000 4
data 2478000 2262.779053 3.106363 0.000000 4
data 2479000 2262.400391 -3.106283 -0.000000 4
data 2480000 2262.133057 3.105682 0.000000 4
data 2481000 2261.869141 -3.105510 -0.000000 4
data 2482000 2261.608398 3.104915 0.000000 4
data 2483000 2261.350830 -3.104738 -0.000000 4
data 2484000 2261.096680 3.104148 0.000000 4
data 2485000 2260.754150 -3.104040 -0.000000 4
data 2486000 2260.411377 3.103380 0.000000 4
data 2487000 2260.055420 -3.103282 -0.000000 4
data 2488000 2259.666504 3.102586 0.000000 4
data 2489000 2259.278320 -3.102514 -0.000000 4
data 2490000 2258.894775 3.101823 0.000000 4
data 2491000 2258.513916 -3.101745 -0.000000 4
data 2492000 2258.137695 3.101060 0.000000 4
data 2493000 2257.766357 -3.100976 -0.000000 4
data 2494000 2257.399658 3.100299 0.000000 4
data 2495000 2256.989746 -3.100245 -0.000000 4
data 2496000 2256.576416 3.099532 0.000000 4
data 2497000 2256.153076 -3.099489 -0.000000 4
data 2498000 2255.735107 3.098773 0.000000 4
data 2499000 2255.313721 -3.098728 -0.000000 4
data 2500000 2254.889160 3.098007 0.000000 4
data 2501000 2254.469971 -3.097961 -0.000000 4
data 2502000 2254.050049 3.097245 0.000000 4
data 2503000 2253.635742 -3.097195 -0.000000 4
data 2504000 2253.226807 3.096488 0.000000 4
data 2505000 2252.823242 -3.096430 -0.000000 4
data 2506000 2252.425049 3.095732 0.000000 4
data 2507000 2252.032471 -3.095665 -0.000000 4
data 2508000 2251.645264 3.094976 0.000000 4
data 2509000 2251.254639 -3.094908 -0.000000 4
data 2510000 2250.856445 3.094212 0.000000 4
data 2511000 2250.448730 -3.094157 -0.000000 4
data 2512000 2250.018311 3.093436 0.000000 4
data 2513000 2249.591553 -3.093396 -0.000000 4
data 2514000 2249.142578 3.092661 0.000000 4
data 2515000 2248.677979 -3.092652 -0.000000 4
data 2516000 2248.215576 3.091906 0.000000 4
data 2517000 2247.753174 -3.091896 -0.000000 4
data 2518000 2247.294678 3.091154 0.000000 4
data 2519000 2246.832031 -3.091144 -0.000000 4
data 2520000 2246.375732 3.090404 0.000000 4
data 2521000 2245.936768 -3.090375 -0.000000 4
data 2522000 2245.493408 3.089647 0.000000 4
data 2523000 2245.056152 -3.089616 -0.000000 4
data 2524000 2244.625488 3.088898 0.000000 4
data 2525000 2244.211914 -3.088850 -0.000000 4
data 2526000 2243.806641 3.088153 0.000000 4
data 2527000 2243.414307 -3.088087 -0.000000 4
data 2528000 2243.036621 3.087413 0.000000 4
data 2529000 2242.664795 -3.087331 -0.000000 4
data 2530000 2242.290039 3.086659 0.000000 4
data 2531000 2241.921143 -3.086576 -0.000000 4
data 2532000 2241.558105 3.085914 0.000000 4
data 2533000 2241.196533 -3.085824 -0.000000 4
data 2534000 2240.836182 3.085166 0.000000 4
data 2535000 2240.451172 -3.085095 -0.000000 4
data 2536000 2240.068115 3.084419 0.000000 4
data 2537000 2239.686768 -3.084345 -0.000000 4
data 2538000 2239.311523 3.083676 0.000000 4
data 2539000 2238.942383 -3.083593 -0.000000 4
data 2540000 2238.568359 3.082925 0.000000 4
data 2541000 2238.195801 -3.082845 -0.000000 4
data 2542000 2237.825195 3.082180 0.000000 4
data 2543000 2237.460449 -3.082094 -0.000000 4
data 2544000 2237.101807 3.081439 0.000000 4
data 2545000 2236.753418 -3.081341 -0.000000 4
data 2546000 2236.415283 3.080703 0.000000 4
data 2547000 2236.080811 -3.080593 -0.000000 4
data 2548000 2235.791260 3.079994 0.000000 4
data 2549000 2235.506836 -3.079845 -0.000000 4
data 2550000 2235.227783 3.079255 0.000000 4
data 2551000 2234.962646 -3.079092 -0.000000 4
data 2552000 2234.715576 3.078527 0.000000 4
data 2553000 2234.477783 -3.078342 -0.000000 4
data 2554000 2234.244873 3.077789 0.000000 4
data 2555000 2234.042725 -3.077577 -0.000000 4
data 2556000 2233.844971 3.077051 0.000000 4
data 2557000 2233.655762 -3.076829 -0.000000 4
data 2558000 2233.484131 3.076325 0.000000 4
data 2559000 2233.320801 -3.076083 -0.000000 4
data 2560000 2233.196533 3.075616 0.000000 4
data 2561000 2233.108398 -3.075315 -0.000000 4
data 2562000 2233.023438 3.074880 0.000000 4
data 2563000 2233.004639 -3.074526 -0.000000 4
data 2564000 2233.053711 3.074195 0.000000 4
data 2565000 2233.211426 -3.073703 -0.000000 4
data 2566000 2233.369629 3.073458 0.000000 4
data 2567000 2233.528320 -3.072966 -0.000000 4
data 2568000 2233.687500 3.072722 0.000000 4
data 2569000 2233.846924 -3.072230 -0.000000 4
data 2570000 2233.832275 3.071851 0.000000 4
data 2571000 2233.719727 -3.071571 -0.000000 4
data 2572000 2233.527832 3.071054 0.000000 4
data 2573000 2233.178711 -3.070958 -0.000000 4
data 2574000 2232.606934 3.070147 0.000000 4
data 2575000 2232.023682 -3.070233 -0.000000 4
data 2576000 2231.359375 3.069351 0.000000 4
data 2577000 2230.647705 -3.069537 -0.000000 4
data 2578000 2229.928223 3.068613 0.000000 4
data 2579000 2229.214111 -3.068800 -0.000000 4
data 2580000 2228.500977 3.067882 0.000000 4
data 2581000 2227.782227 -3.068073 -0.000000 4
data 2582000 2227.055908 3.067145 0.000000 4
data 2583000 2226.339600 -3.067334 -0.000000 4
data 2584000 2225.633301 3.066422 0.000000 4
data 2585000 2224.954346 -3.066583 -0.000000 4
data 2586000 2224.287109 3.065702 0.000000 4
data 2587000 2223.629639 -3.065846 -0.000000 4
data 2588000 2223.007568 3.065001 0.000000 4
data 2589000 2222.396729 -3.065108 -0.000000 4
data 2590000 2221.851562 3.064323 0.000000 4
data 2591000 2221.329834 -3.064362 -0.000000 4
data 2592000 2220.947021 3.063703 0.000000 4
data 2593000 2220.609863 -3.063600 -0.000000 4
data 2594000 2220.353027 3.063039 0.000000 4
data 2595000 2220.121338 -3.062854 -0.000000 4
data 2596000 2220.016602 3.062410 0.000000 4
data 2597000 2219.915771 -3.062125 -0.000000 4
data 2598000 2219.831787 3.061698 0.000000 4
data 2599000 2219.751465 -3.061398 -0.000000 4
data 2600000 2219.674561 3.060976 0.000000 4
data 2601000 2219.601562 -3.060670 -0.000000 4
data 2602000 2219.512207 3.060240 0.000000 4
data 2603000 2219.341553 -3.060009 -0.000000 4
data 2604000 2219.101562 3.059464 0.000000 4
data 2605000 2218.825439 -3.059314 -0.000000 4
data 2606000 2218.420166 3.058642 0.000000 4
data 2607000 2218.008789 -3.058597 -0.000000 4
data 2608000 2217.513428 3.057856 0.000000 4
data 2609000 2216.989014 -3.057898 -0.000000 4
data 2610000 2216.437988 3.057115 0.000000 4
data 2611000 2215.873779 -3.057187 -0.000000 4
data 2612000 2215.318359 3.056402 0.000000 4
data 2613000 2214.747559 -3.056479 -0.000000 4
data 2614000 2214.185547 3.055689 0.000000 4
data 2615000 2213.632324 -3.055753 -0.000000 4
data 2616000 2213.098633 3.054986 0.000000 4
data 2617000 2212.573486 -3.055028 -0.000000 4
data 2618000 2212.069824 3.054284 0.000000 4
data 2619000 2211.561279 -3.054314 -0.000000 4
data 2620000 2211.061279 3.053574 0.000000 4
data 2621000 2210.569336 -3.053591 -0.000000 4
data 2622000 2210.085693 3.052864 0.000000 4
data 2623000 2209.616699 -3.052863 -0.000000 4
data 2624000 2209.149170 3.052149 0.000000 4
data 2625000 2208.678711 -3.052150 -0.000000 4
data 2626000 2208.216309 3.051440 0.000000 4
data 2627000 2207.753174 -3.051436 -0.000000 4
data 2628000 2207.306641 3.050739 0.000000 4
data 2629000 2206.885498 -3.050702 -0.000000 4
data 2630000 2206.478516 3.050036 0.000000 4
data 2631000 2206.098389 -3.049968 -0.000000 4
data 2632000 2205.727539 3.049330 0.000000 4
data 2633000 2205.422607 -3.049206 -0.000000 4
data 2634000 2205.128174 3.048626 0.000000 4
data 2635000 2204.842285 -3.048487 -0.000000 4
data 2636000 2204.562500 3.047919 0.000000 4
data 2637000 2204.293457 -3.047768 -0.000000 4
data 2638000 2204.069580 3.047242 0.000000 4
data 2639000 2203.853271 -3.047051 -0.000000 4
data 2640000 2203.657471 3.046548 0.000000 4
data 2641000 2203.468994 -3.046336 -0.000000 4
data 2642000 2203.303223 3.045856 0.000000 4
data 2643000 2203.142334 -3.045623 -0.000000 4
data 2644000 2202.986328 3.045151 0.000000 4
data 2645000 2202.817871 -3.044924 -0.000000 4
data 2646000 2202.651855 3.044445 0.000000 4
data 2647000 2202.477783 -3.044222 -0.000000 4
data 2648000 2202.297852 3.043733 0.000000 4
data 2649000 2202.107666 -3.043523 -0.000000 4
data 2650000 2201.906982 3.043019 0.000000 4
data 2651000 2201.711670 -3.042813 -0.000000 4
data 2652000 2201.510498 3.042308 0.000000 4
data 2653000 2201.314453 -3.042103 -0.000000 4
data 2654000 2201.116943 3.041602 0.000000 4
data 2655000 2200.924561 -3.041394 -0.000000 4
data 2656000 2200.743896 3.040906 0.000000 4
data 2657000 2200.561279 -3.040692 -0.000000 4
data 2658000 2200.368408 3.040195 0.000000 4
data 2659000 2200.165527 -3.039996 -0.000000 4
data 2660000 2199.965576 3.039494 0.000000 4
data 2661000 2199.764160 -3.039294 -0.000000 4
data 2662000 2199.563232 3.038792 0.000000 4
data 2663000 2199.361084 -3.038593 -0.000000 4
data 2664000 2199.146240 3.038081 0.000000 4
data 2665000 2198.919434 -3.037900 -0.000000 4
data 2666000 2198.697998 3.037384 0.000000 4
data 2667000 2198.498779 -3.037183 -0.000000 4
data 2668000 2198.304688 3.036687 0.000000 4
data 2669000 2198.115723 -3.036479 -0.000000 4
data 2670000 2197.914062 3.035978 0.000000 4
data 2671000 2197.717529 -3.035776 -0.000000 4
data 2672000 2197.525879 3.035283 0.000000 4
data 2673000 2197.338867 -3.035074 -0.000000 4
data 2674000 2197.143799 3.034579 0.000000 4
data 2675000 2196.944824 -3.034379 -0.000000 4
data 2676000 2196.739990 3.033877 0.000000 4
data 2677000 2196.531494 -3.033684 -0.000000 4
data 2678000 2196.310303 3.033170 0.000000 4
data 2679000 2196.087891 -3.032988 -0.000000 4
data 2680000 2195.864258 3.032473 0.000000 4
data 2681000 2195.641357 -3.032292 -0.000000 4
data 2682000 2195.408203 3.031770 0.000000 4
data 2683000 2195.167480 -3.031602 -0.000000 4
data 2684000 2194.923340 3.031073 0.000000 4
data 2685000 2194.673584 -3.030912 -0.000000 4
data 2686000 2194.424805 3.030379 0.000000 4
data 2687000 2194.175049 -3.030218 -0.000000 4
data 2688000 2193.926270 3.029687 0.000000 4
data 2689000 2193.687012 -3.029518 -0.000000 4
data 2690000 2193.448975 3.028995 0.000000 4
data 2691000 2193.213867 -3.028823 -0.000000 4
data 2692000 2192.983887 3.028306 0.000000 4
data 2693000 2192.750488 -3.028134 -0.000000 4
data 2694000 2192.504639 3.027606 0.000000 4
data 2695000 2192.261963 -3.027441 -0.000000 4
data 2696000 2192.007324 3.026906 0.000000 4
data 2697000 2191.742920 -3.026757 -0.000000 4
data 2698000 2191.479736 3.026217 0.000000 4
data 2699000 2191.217773 -3.026066 -0.000000 4
data 2700000 2190.961182 3.025532 0.000000 4
data 2701000 2190.708008 -3.025375 -0.000000 4
data 2702000 2190.455566 3.024843 0.000000 4
data 2703000 2190.199951 -3.024688 -0.000000 4
data 2704000 2189.945312 3.024156 0.000000 4
data 2705000 2189.694092 -3.023998 -0.000000 4
data 2706000 2189.443848 3.023469 0.000000 4
data 2707000 2189.198730 -3.023307 -0.000000 4
data 2708000 2188.956787 3.022785 0.000000 4
data 2709000 2188.709229 -3.022625 -0.000000 4
data 2710000 2188.465088 3.022101 0.000000 4
data 2711000 2188.217529 -3.021941 -0.000000 4
data 2712000 2187.957764 3.021407 0.000000 4
data 2713000 2187.703613 -3.021252 -0.000000 4
data 2714000 2187.413574 3.020696 0.000000 4
data 2715000 2187.129150 -3.020563 -0.000000 4
data 2716000 2186.848389 3.020015 0.000000 4
data 2717000 2186.571289 -3.019877 -0.000000 4
data 2718000 2186.293213 3.019331 0.000000 4
data 2719000 2186.009766 -3.019197 -0.000000 4
data 2720000 2185.732178 3.018652 0.000000 4
data 2721000 2185.475098 -3.018500 -0.000000 4
data 2722000 2185.216797 3.017969 0.000000 4
data 2723000 2184.964111 -3.017814 -0.000000 4
data 2724000 2184.716797 3.017292 0.000000 4
data 2725000 2184.481201 -3.017124 -0.000000 4
data 2726000 2184.257324 3.016619 0.000000 4
data 2727000 2184.038574 -3.016440 -0.000000 4
data 2728000 2183.833496 3.015949 0.000000 4
data 2729000 2183.635498 -3.015754 -0.000000 4
data 2730000 2183.442139 3.015273 0.000000 4
data 2731000 2183.253418 -3.015072 -0.000000 4
data 2732000 2183.067383 3.014596 0.000000 4
data 2733000 2182.885986 -3.014390 -0.000000 4
data 2734000 2182.691650 3.013909 0.000000 4
data 2735000 2182.500000 -3.013710 -0.000000 4
data 2736000 2182.293457 3.013220 0.000000 4
data 2737000 2182.080811 -3.013037 -0.000000 4
data 2738000 2181.816895 3.012506 0.000000 4
data 2739000 2181.556152 -3.012358 -0.000000 4
data 2740000 2181.300537 3.011834 0.000000 4
data 2741000 2181.050293 -3.011678 -0.000000 4
data 2742000 2180.805420 3.011162 0.000000 4
data 2743000 2180.565674 -3.010999 -0.000000 4
data 2744000 2180.333252 3.010492 0.000000 4
data 2745000 2180.140381 -3.010296 -0.000000 4
data 2746000 2180.008545 3.009863 0.000000 4
data 2747000 2179.958496 -3.009562 -0.000000 4
data 2748000 2179.948486 3.009218 0.000000 4
data 2749000 2179.941162 -3.008887 -0.000000 4
data 2750000 2179.936523 3.008547 0.000000 4
data 2751000 2179.934326 -3.008212 -0.000000 4
data 2752000 2179.934570 3.007876 0.000000 4
data 2753000 2179.922363 -3.007549 -0.000000 4
data 2754000 2179.882568 3.007185 0.000000 4
data 2755000 2179.845459 -3.006876 -0.000000 4
data 2756000 2179.811035 3.006516 0.000000 4
data 2757000 2179.779541 -3.006203 -0.000000 4
data 2758000 2179.750732 3.005847 0.000000 4
data 2759000 2179.724365 -3.005531 -0.000000 4
data 2760000 2179.705078 3.005182 0.000000 4
data 2761000 2179.718506 -3.004838 -0.000000 4
data 2762000 2179.734375 3.004515 0.000000 4
data 2763000 2179.752197 -3.004168 -0.000000 4
data 2764000 2179.767578 3.003844 0.000000 4
data 2765000 2179.774414 -3.003505 -0.000000 4
data 2766000 2179.768066 3.003167 0.000000 4
data 2767000 2179.763916 -3.002836 -0.000000 4
data 2768000 2179.761963 3.002501 0.000000 4
data 2769000 2179.761963 -3.002168 -0.000000 4
data 2770000 2179.755371 3.001830 0.000000 4
data 2771000 2179.750977 -3.001500 -0.000000 4
data 2772000 2179.727051 3.001150 0.000000 4
data 2773000 2179.701172 -3.000836 -0.000000 4
data 2774000 2179.675293 3.000484 0.000000 4
data 2775000 2179.651855 -3.000169 -0.000000 4
data 2776000 2179.611084 2.999807 0.000000 4
data 2777000 2179.572510 -2.999503 -0.000000 4
data 2778000 2179.536377 2.999145 0.000000 4
data 2779000 2179.502441 -2.998837 -0.000000 4
data 2780000 2179.470947 2.998483 0.000000 4
data 2781000 2179.441650 -2.998173 -0.000000 4
data 2782000 2179.414551 2.997822 0.000000 4
data 2783000 2179.365723 -2.997526 -0.000000 4
data 2784000 2179.319092 2.997161 0.000000 4
data 2785000 2179.274902 -2.996862 -0.000000 4
data 2786000 2179.232910 2.996501 0.000000 4
data 2787000 2178.994141 -2.996342 -0.000000 4
data 2788000 2178.757568 2.995842 0.000000 4
data 2789000 2178.523193 -2.995679 -0.000000 4
data 2790000 2178.258301 2.995159 0.000000 4
data 2791000 2177.974609 -2.995033 -0.000000 4
data 2792000 2177.673828 2.994488 0.000000 4
data 2793000 2177.371582 -2.994374 -0.000000 4
data 2794000 2177.072021 2.993830 0.000000 4
data 2795000 2176.753662 -2.993729 -0.000000 4
data 2796000 2176.432129 2.993170 0.000000 4
data 2797000 2176.100586 -2.993078 -0.000000 4
data 2798000 2175.759033 2.992505 0.000000 4
data 2799000 2175.366943 -2.992456 -0.000000 4
data 2800000 2174.944336 2.991826 0.000000 4
data 2801000 2174.512939 -2.991805 -0.000000 4
data 2802000 2174.085938 2.991172 0.000000 4
data 2803000 2173.641602 -2.991161 -0.000000 4
data 2804000 2173.203613 2.990521 0.000000 4
data 2805000 2172.772461 -2.990500 -0.000000 4
data 2806000 2172.347656 2.989870 0.000000 4
data 2807000 2171.938232 -2.989834 -0.000000 4
data 2808000 2171.535156 2.989220 0.000000 4
data 2809000 2171.138428 -2.989175 -0.000000 4
data 2810000 2170.739502 2.988564 0.000000 4
data 2811000 2170.340332 -2.988521 -0.000000 4
data 2812000 2169.926025 2.987900 0.000000 4
data 2813000 2169.513916 -2.987866 -0.000000 4
data 2814000 2169.108398 2.987252 0.000000 4
data 2815000 2168.709473 -2.987209 -0.000000 4
data 2816000 2168.314697 2.986602 0.000000 4
data 2817000 2167.926270 -2.986552 -0.000000 4
data 2818000 2167.546387 2.985957 0.000000 4
data 2819000 2167.177246 -2.985893 -0.000000 4
data 2820000 2166.816406 2.985311 0.000000 4
data 2821000 2166.472412 -2.985230 -0.000000 4
data 2822000 2166.160400 2.984684 0.000000 4
data 2823000 2165.854004 -2.984576 -0.000000 4
data 2824000 2165.553223 2.984038 0.000000 4
data 2825000 2165.258057 -2.983922 -0.000000 4
data 2826000 2164.942627 2.983374 0.000000 4
data 2827000 2164.632812 -2.983269 -0.000000 4
data 2828000 2164.328613 2.982729 0.000000 4
data 2829000 2164.023438 -2.982621 -0.000000 4
data 2830000 2163.713379 2.982078 0.000000 4
data 2831000 2163.402588 -2.981973 -0.000000 4
data 2832000 2163.097412 2.981434 0.000000 4
data 2833000 2162.787109 -2.981330 -0.000000 4
data 2834000 2162.471680 2.980784 0.000000 4
data 2835000 2162.159912 -2.980680 -0.000000 4
data 2836000 2161.853760 2.980141 0.000000 4
data 2837000 2161.546875 -2.980035 -0.000000 4
data 2838000 2161.245850 2.979500 0.000000 4
data 2839000 2160.950195 -2.979385 -0.000000 4
data 2840000 2160.658203 2.978857 0.000000 4
data 2841000 2160.369629 -2.978738 -0.000000 4
data 2842000 2160.073486 2.978207 0.000000 4
data 2843000 2159.778564 -2.978093 -0.000000 4
data 2844000 2159.489258 2.977567 0.000000 4
data 2845000 2159.201416 -2.977448 -0.000000 4
data 2846000 2158.919189 2.976928 0.000000 4
data 2847000 2158.642578 -2.976801 -0.000000 4
data 2848000 2158.371094 2.976289 0.000000 4
data 2849000 2158.104980 -2.976155 -0.000000 4
data 2850000 2157.844482 2.975651 0.000000 4
data 2851000 2157.606201 -2.975497 -0.000000 4
data 2852000 2157.379639 2.975018 0.000000 4
data 2853000 2157.160156 -2.974851 -0.000000 4
data 2854000 2156.945312 2.974380 0.000000 4
data 2855000 2156.802490 -2.974159 -0.000000 4
data 2856000 2156.663574 2.973742 0.000000 4
data 2857000 2156.539551 -2.973509 -0.000000 4
data 2858000 2156.442871 2.973121 0.000000 4
data 2859000 2156.358643 -2.972861 -0.000000 4
data 2860000 2156.305420 2.972504 0.000000 4
data 2861000 2156.259521 -2.972217 -0.000000 4
data 2862000 2156.247070 2.971889 0.000000 4
data 2863000 2156.250000 -2.971567 -0.000000 4
data 2864000 2156.272705 2.971264 0.000000 4
data 2865000 2156.299805 -2.970927 -0.000000 4
data 2866000 2156.354736 2.970646 0.000000 4
data 2867000 2156.417969 -2.970284 -0.000000 4
data 2868000 2156.484863 2.970012 0.000000 4
data 2869000 2156.553467 -2.969646 -0.000000 4
data 2870000 2156.623535 2.969377 0.000000 4
data 2871000 2156.695068 -2.969009 -0.000000 4
data 2872000 2156.765869 2.968740 0.000000 4
data 2873000 2156.814209 -2.968389 -0.000000 4
data 2874000 2156.816895 2.968073 0.000000 4
data 2875000 2156.812988 -2.967759 -0.000000 4
data 2876000 2156.789795 2.967425 0.000000 4
data 2877000 2156.740479 -2.967143 -0.000000 4
data 2878000 2156.689697 2.966790 0.000000 4
data 2879000 2156.619873 -2.966522 -0.000000 4
data 2880000 2156.552490 2.966159 0.000000 4
data 2881000 2156.488037 -2.965887 -0.000000 4
data 2882000 2156.447754 2.965543 0.000000 4
data 2883000 2156.409912 -2.965253 -0.000000 4
data 2884000 2156.471436 2.964979 0.000000 4
data 2885000 2156.534180 -2.964620 -0.000000 4
data 2886000 2156.598145 2.964348 0.000000 4
data 2887000 2156.663330 -2.963988 -0.000000 4
data 2888000 2156.729736 2.963718 0.000000 4
data 2889000 2156.762695 -2.963380 -0.000000 4
data 2890000 2156.745361 2.963053 0.000000 4
data 2891000 2156.492920 -2.962912 -0.000000 4
data 2892000 2156.128174 2.962345 0.000000 4
data 2893000 2155.624756 -2.962378 -0.000000 4
data 2894000 2155.033691 2.961655 0.000000 4
data 2895000 2154.439941 -2.961751 -0.000000 4
data 2896000 2153.850098 2.961029 0.000000 4
data 2897000 2153.246582 -2.961132 -0.000000 4
data 2898000 2152.642822 2.960401 0.000000 4
data 2899000 2152.047363 -2.960498 -0.000000 4
data 2900000 2151.479492 2.959792 0.000000 4
data 2901000 2150.919678 -2.959865 -0.000000 4
data 2902000 2150.367920 2.959171 0.000000 4
data 2903000 2149.834717 -2.959225 -0.000000 4
data 2904000 2149.309082 2.958549 0.000000 4
data 2905000 2148.791260 -2.958593 -0.000000 4
data 2906000 2148.281250 2.957929 0.000000 4
data 2907000 2147.778809 -2.957962 -0.000000 4
data 2908000 2147.283936 2.957309 0.000000 4
data 2909000 2146.749268 -2.957364 -0.000000 4
data 2910000 2146.209473 2.956681 0.000000 4
data 2911000 2145.658447 -2.956747 -0.000000 4
data 2912000 2145.115723 2.956062 0.000000 4
data 2913000 2144.566162 -2.956128 -0.000000 4
data 2914000 2144.024658 2.955444 0.000000 4
data 2915000 2143.491455 -2.955498 -0.000000 4
data 2916000 2143.000977 2.954850 0.000000 4
data 2917000 2142.548340 -2.954849 -0.000000 4
data 2918000 2142.133057 2.954253 0.000000 4
data 2919000 2141.741943 -2.954210 -0.000000 4
data 2920000 2141.370605 2.953645 0.000000 4
data 2921000 2141.059326 -2.953547 -0.000000 4
data 2922000 2140.760498 2.953032 0.000000 4
data 2923000 2140.510742 -2.952892 -0.000000 4
data 2924000 2140.298340 2.952437 0.000000 4
data 2925000 2140.095459 -2.952265 -0.000000 4
data 2926000 2139.901611 2.951823 0.000000 4
data 2927000 2139.712402 -2.951642 -0.000000 4
data 2928000 2139.523438 2.951203 0.000000 4
data 2929000 2139.339111 -2.951019 -0.000000 4
data 2930000 2139.166016 2.950591 0.000000 4
data 2931000 2138.990723 -2.950401 -0.000000 4
data 2932000 2138.798584 2.949961 0.000000 4
data 2933000 2138.604736 -2.949784 -0.000000 4
data 2934000 2138.413086 2.949344 0.000000 4
data 2935000 2138.215332 -2.949170 -0.000000 4
data 2936000 2137.936279 2.948671 0.000000 4
data 2937000 2137.632812 -2.948570 -0.000000 4
data 2938000 2137.326416 2.948052 0.000000 4
data 2939000 2136.995850 -2.947969 -0.000000 4
data 2940000 2136.643066 2.947421 0.000000 4
data 2941000 2136.258057 -2.947375 -0.000000 4
data 2942000 2135.873291 2.946805 0.000000 4
data 2943000 2135.413574 -2.946810 -0.000000 4
data 2944000 2134.941895 2.946182 0.000000 4
data 2945000 2134.406738 -2.946238 -0.000000 4
data 2946000 2133.864990 2.945562 0.000000 4
data 2947000 2133.312256 -2.945630 -0.000000 4
data 2948000 2132.714355 2.944917 0.000000 4
data 2949000 2132.121338 -2.945013 -0.000000 4
data 2950000 2131.535156 2.944309 0.000000 4
data 2951000 2130.949219 -2.944399 -0.000000 4
data 2952000 2130.364014 2.943696 0.000000 4
data 2953000 2129.781250 -2.943784 -0.000000 4
data 2954000 2129.207520 2.943089 0.000000 4
data 2955000 2128.621338 -2.943180 -0.000000 4
data 2956000 2128.044434 2.942484 0.000000 4
data 2957000 2127.497803 -2.942548 -0.000000 4
data 2958000 2126.960205 2.941878 0.000000 4
data 2959000 2126.431396 -2.941930 -0.000000 4
data 2960000 2125.911133 2.941273 0.000000 4
data 2961000 2125.405762 -2.941309 -0.000000 4
data 2962000 2124.911133 2.940670 0.000000 4
data 2963000 2124.424805 -2.940693 -0.000000 4
data 2964000 2123.946777 2.940066 0.000000 4
data 2965000 2123.474854 -2.940079 -0.000000 4
data 2966000 2123.010986 2.939462 0.000000 4
data 2967000 2122.551025 -2.939467 -0.000000 4
data 2968000 2122.103516 2.938861 0.000000 4
data 2969000 2121.664062 -2.938853 -0.000000 4
data 2970000 2121.232422 2.938258 0.000000 4
data 2971000 2120.808594 -2.938240 -0.000000 4
data 2972000 2120.403076 2.937663 0.000000 4
data 2973000 2120.005371 -2.937627 -0.000000 4
data 2974000 2119.627930 2.937069 0.000000 4
data 2975000 2119.266357 -2.937009 -0.000000 4
data 2976000 2118.969971 2.936507 0.000000 4
data 2977000 2118.682129 -2.936397 -0.000000 4
data 2978000 2118.435059 2.935928 0.000000 4
data 2979000 2118.194092 -2.935786 -0.000000 4
data 2980000 2117.984619 2.935343 0.000000 4
data 2981000 2117.780762 -2.935177 -0.000000 4
data 2982000 2117.582520 2.934742 0.000000 4
data 2983000 2117.393799 -2.934566 -0.000000 4
data 2984000 2117.206055 2.934138 0.000000 4
data 2985000 2116.989258 -2.933981 -0.000000 4
data 2986000 2116.778076 2.933537 0.000000 4
data 2987000 2116.572266 -2.933373 -0.000000 4
data 2988000 2116.367676 2.932935 0.000000 4
data 2989000 2116.155518 -2.932775 -0.000000 4
data 2990000 2115.946533 2.932334 0.000000 4
data 2991000 2115.710693 -2.932190 -0.000000 4
data 2992000 2115.480713 2.931736 0.000000 4
data 2993000 2115.247559 -2.931590 -0.000000 4
data 2994000 2115.018066 2.931136 0.000000 4
data 2995000 2114.770508 -2.931000 -0.000000 4
data 2996000 2114.496582 2.930517 0.000000 4
data 2997000 2114.222412 -2.930399 -0.000000 4
data 2998000 2113.943359 2.929913 0.000000 4
data 2999000 2113.616699 -2.929830 -0.000000 4
data 3000000 2113.268799 2.929298 0.000000 4
data 3001000 2112.925537 -2.929227 -0.000000 4
data 3002000 2112.578369 2.928696 0.000000 4
data 3003000 2112.203613 -2.928646 -0.000000 4
data 3004000 2111.818604 2.928090 0.000000 4
data 3005000 2111.419434 -2.928056 -0.000000 4
data 3006000 2110.993164 2.927473 0.000000 4
data 3007000 2110.525146 -2.927485 -0.000000 4
data 3008000 2110.046143 2.926867 0.000000 4
data 3009000 2109.566895 -2.926887 -0.000000 4
data 3010000 2109.095703 2.926275 0.000000 4
data 3011000 2108.609131 -2.926300 -0.000000 4
data 3012000 2108.115967 2.925673 0.000000 4
data 3013000 2107.616211 -2.925707 -0.000000 4
data 3014000 2107.125000 2.925083 0.000000 4
data 3015000 2106.640137 -2.925106 -0.000000 4
data 3016000 2106.159424 2.924489 0.000000 4
data 3017000 2105.678467 -2.924510 -0.000000 4
data 3018000 2105.206055 2.923899 0.000000 4
data 3019000 2104.726807 -2.923919 -0.000000 4
data 3020000 2104.253906 2.923308 0.000000 4
data 3021000 2103.748779 -2.923345 -0.000000 4
data 3022000 2103.235107 2.922708 0.000000 4
data 3023000 2102.728027 -2.922746 -0.000000 4
data 3024000 2102.227539 2.922118 0.000000 4
data 3025000 2101.733643 -2.922148 -0.000000 4
data 3026000 2101.248535 2.921531 0.000000 4
data 3027000 2100.771973 -2.921549 -0.000000 4
data 3028000 2100.303955 2.920943 0.000000 4
data 3029000 2099.844238 -2.920950 -0.000000 4
data 3030000 2099.397461 2.920359 0.000000 4
data 3031000 2098.967529 -2.920347 -0.000000 4
data 3032000 2098.560547 2.919782 0.000000 4
data 3033000 2098.163574 -2.919748 -0.000000 4
data 3034000 2097.808594 2.919219 0.000000 4
data 3035000 2097.473877 -2.919143 -0.000000 4
data 3036000 2097.156982 2.918639 0.000000 4
data 3037000 2096.846924 -2.918548 -0.000000 4
data 3038000 2096.543701 2.918053 0.000000 4
data 3039000 2096.272949 -2.917936 -0.000000 4
data 3040000 2096.008789 2.917468 0.000000 4
data 3041000 2095.750732 -2.917342 -0.000000 4
data 3042000 2095.473145 2.916865 0.000000 4
data 3043000 2095.161377 -2.916775 -0.000000 4
data 3044000 2094.856445 2.916281 0.000000 4
data 3045000 2094.532715 -2.916199 -0.000000 4
data 3046000 2094.198730 2.915685 0.000000 4
data 3047000 2093.839600 -2.915627 -0.000000 4
data 3048000 2093.487793 2.915102 0.000000 4
data 3049000 2093.134766 -2.915040 -0.000000 4
data 3050000 2092.758789 2.914500 0.000000 4
data 3051000 2092.379639 -2.914455 -0.000000 4
data 3052000 2092.008057 2.913918 0.000000 4
data 3053000 2091.643799 -2.913863 -0.000000 4
data 3054000 2091.286865 2.913336 0.000000 4
data 3055000 2090.945801 -2.913266 -0.000000 4
data 3056000 2090.654785 2.912783 0.000000 4
data 3057000 2090.370361 -2.912676 -0.000000 4
data 3058000 2090.096680 2.912205 0.000000 4
data 3059000 2089.846680 -2.912076 -0.000000 4
data 3060000 2089.613525 2.911631 0.000000 4
data 3061000 2089.386230 -2.911487 -0.000000 4
data 3062000 2089.164795 2.911050 0.000000 4
data 3063000 2088.949219 -2.910899 -0.000000 4
data 3064000 2088.728516 2.910463 0.000000 4
data 3065000 2088.490234 -2.910326 -0.000000 4
data 3066000 2088.251221 2.909879 0.000000 4
data 3067000 2088.016357 -2.909740 -0.000000 4
data 3068000 2087.755127 2.909279 0.000000 4
data 3069000 2087.500000 -2.909153 -0.000000 4
data 3070000 2087.250977 2.908700 0.000000 4
data 3071000 2087.007812 -2.908567 -0.000000 4
data 3072000 2086.734375 2.908098 0.000000 4
data 3073000 2086.467285 -2.907981 -0.000000 4
data 3074000 2086.206543 2.907521 0.000000 4
data 3075000 2085.951904 -2.907396 -0.000000 4
data 3076000 2085.690186 2.906935 0.000000 4
data 3077000 2085.430420 -2.906814 -0.000000 4
data 3078000 2085.176758 2.906359 0.000000 4
data 3079000 2084.911865 -2.906241 -0.000000 4
data 3080000 2084.674561 2.905797 0.000000 4
data 3081000 2084.417236 -2.905674 -0.000000 4
data 3082000 2084.146729 2.905209 0.000000 4
data 3083000 2083.882568 -2.905091 -0.000000 4
data 3084000 2083.617920 2.904629 0.000000 4
data 3085000 2083.348633 -2.904515 -0.000000 4
data 3086000 2083.085449 2.904055 0.000000 4
data 3087000 2082.828369 -2.903932 -0.000000 4
data 3088000 2082.577148 2.903481 0.000000 4
data 3089000 2082.327393 -2.903354 -0.000000 4
data 3090000 2082.064453 2.902895 0.000000 4
data 3091000 2081.807617 -2.902772 -0.000000 4
data 3092000 2081.543945 2.902313 0.000000 4
data 3093000 2081.283936 -2.902193 -0.000000 4
data 3094000 2081.019043 2.901734 0.000000 4
data 3095000 2080.760498 -2.901613 -0.000000 4
data 3096000 2080.497070 2.901154 0.000000 4
data 3097000 2080.244141 -2.901030 -0.000000 4
data 3098000 2079.992432 2.900579 0.000000 4
data 3099000 2079.750977 -2.900448 -0.000000 4
data 3100000 2079.515381 2.900008 0.000000 4
data 3101000 2079.291748 -2.899865 -0.000000 4
data 3102000 2079.084229 2.899444 0.000000 4
data 3103000 2078.884521 -2.899286 -0.000000 4
data 3104000 2078.777344 2.898930 0.000000 4
data 3105000 2078.708984 -2.898687 -0.000000 4
data 3106000 2078.732178 2.898415 0.000000 4
data 3107000 2078.811768 -2.898077 -0.000000 4
data 3108000 2078.962158 2.897887 0.000000 4
data 3109000 2079.180420 -2.897460 -0.000000 4
data 3110000 2079.440186 2.897341 0.000000 4
data 3111000 2079.704346 -2.896885 -0.000000 4
data 3112000 2079.968506 2.896769 0.000000 4
data 3113000 2080.232910 -2.896313 -0.000000 4
data 3114000 2080.497314 2.896197 0.000000 4
data 3115000 2080.757324 -2.895744 -0.000000 4
data 3116000 2080.952881 2.895584 0.000000 4
data 3117000 2081.063477 -2.895228 -0.000000 4
data 3118000 2081.175537 2.895015 0.000000 4
data 3119000 2081.288818 -2.894657 -0.000000 4
data 3120000 2081.403320 2.894445 0.000000 4
data 3121000 2081.519043 -2.894086 -0.000000 4
data 3122000 2081.661621 2.893892 0.000000 4
data 3123000 2081.805176 -2.893516 -0.000000 4
data 3124000 2081.949707 2.893324 0.000000 4
data 3125000 2082.114258 -2.892934 -0.000000 4
data 3126000 2082.281250 2.892756 0.000000 4
data 3127000 2082.457520 -2.892359 -0.000000 4
data 3128000 2082.625488 2.892183 0.000000 4
data 3129000 2082.802246 -2.891785 -0.000000 4
data 3130000 2082.970703 2.891609 0.000000 4
data 3131000 2083.139404 -2.891218 -0.000000 4
data 3132000 2083.308594 2.891042 0.000000 4
data 3133000 2083.477783 -2.890651 -0.000000 4
data 3134000 2083.621338 2.890459 0.000000 4
data 3135000 2083.713867 -2.890116 -0.000000 4
data 3136000 2083.779541 2.889875 0.000000 4
data 3137000 2083.833740 -2.889557 -0.000000 4
data 3138000 2083.846191 2.889282 0.000000 4
data 3139000 2083.832275 -2.889009 -0.000000 4
data 3140000 2083.794678 2.888702 0.000000 4
data 3141000 2083.746582 -2.888450 -0.000000 4
data 3142000 2083.700684 2.888138 0.000000 4
data 3143000 2083.656982 -2.887884 -0.000000 4
data 3144000 2083.615234 2.887575 0.000000 4
data 3145000 2083.614014 -2.887294 -0.000000 4
data 3146000 2083.614502 2.887012 0.000000 4
data 3147000 2083.595215 -2.886742 -0.000000 4
data 3148000 2083.577881 2.886449 0.000000 4
data 3149000 2083.562256 -2.886178 -0.000000 4
data 3150000 2083.548340 2.885887 0.000000 4
data 3151000 2083.435791 -2.885677 -0.000000 4
data 3152000 2083.238281 2.885271 0.000000 4
data 3153000 2082.931152 -2.885184 -0.000000 4
data 3154000 2082.609619 2.884699 0.000000 4
data 3155000 2082.103027 -2.884740 -0.000000 4
data 3156000 2081.603271 2.884142 0.000000 4
data 3157000 2081.086914 -2.884188 -0.000000 4
data 3158000 2080.577637 2.883585 0.000000 4
data 3159000 2080.075439 -2.883623 -0.000000 4
data 3160000 2079.580322 2.883029 0.000000 4
data 3161000 2079.117676 -2.883041 -0.000000 4
data 3162000 2078.672363 2.882480 0.000000 4
data 3163000 2078.271973 -2.882453 -0.000000 4
data 3164000 2077.883789 2.881927 0.000000 4
data 3165000 2077.518799 -2.881878 -0.000000 4
data 3166000 2077.176758 2.881383 0.000000 4
data 3167000 2076.840332 -2.881315 -0.000000 4
data 3168000 2076.509033 2.880827 0.000000 4
data 3169000 2076.183350 -2.880753 -0.000000 4
data 3170000 2075.845947 2.880261 0.000000 4
data 3171000 2075.513916 -2.880191 -0.000000 4
data 3172000 2075.134033 2.879673 0.000000 4
data 3173000 2074.758301 -2.879631 -0.000000 4
data 3174000 2074.371338 2.879108 0.000000 4
data 3175000 2073.883789 -2.879137 -0.000000 4
data 3176000 2073.358643 2.878527 0.000000 4
data 3177000 2072.841064 -2.878575 -0.000000 4
data 3178000 2072.330811 2.877975 0.000000 4
data 3179000 2071.828369 -2.878013 -0.000000 4
data 3180000 2071.333496 2.877424 0.000000 4
data 3181000 2070.976074 -2.877371 -0.000000 4
data 3182000 2070.743896 2.876947 0.000000 4
data 3183000 2070.570068 -2.876779 -0.000000 4
data 3184000 2070.402344 2.876396 0.000000 4
data 3185000 2070.260010 -2.876208 -0.000000 4
data 3186000 2070.162109 2.875869 0.000000 4
data 3187000 2070.067383 -2.875651 -0.000000 4
data 3188000 2069.976074 2.875317 0.000000 4
data 3189000 2069.887939 -2.875095 -0.000000 4
data 3190000 2069.802979 2.874765 0.000000 4
data 3191000 2069.703857 -2.874550 -0.000000 4
data 3192000 2069.601562 2.874209 0.000000 4
data 3193000 2069.487549 -2.874004 -0.000000 4
data 3194000 2069.370605 2.873654 0.000000 4
data 3195000 2069.257324 -2.873449 -0.000000 4
data 3196000 2069.147217 2.873104 0.000000 4
data 3197000 2069.040283 -2.872895 -0.000000 4
data 3198000 2068.936523 2.872554 0.000000 4
data 3199000 2068.823242 -2.872349 -0.000000 4
data 3200000 2068.691895 2.871991 0.000000 4
data 3201000 2068.555420 -2.871800 -0.000000 4
data 3202000 2068.405518 2.871431 0.000000 4
data 3203000 2068.259277 -2.871247 -0.000000 4
data 3204000 2068.114502 2.870881 0.000000 4
data 3205000 2067.971191 -2.870695 -0.000000 4
data 3206000 2067.829346 2.870332 0.000000 4
data 3207000 2067.693359 -2.870142 -0.000000 4
data 3208000 2067.558350 2.869783 0.000000 4
data 3209000 2067.427002 -2.869590 -0.000000 4
data 3210000 2067.269043 2.869217 0.000000 4
data 3211000 2067.108398 -2.869042 -0.000000 4
data 3212000 2066.879150 2.868625 0.000000 4
data 3213000 2066.651855 -2.868492 -0.000000 4
data 3214000 2066.382080 2.868050 0.000000 4
data 3215000 2066.093750 -2.867955 -0.000000 4
data 3216000 2065.757080 2.867472 0.000000 4
data 3217000 2065.426270 -2.867404 -0.000000 4
data 3218000 2065.085938 2.866919 0.000000 4
data 3219000 2064.746826 -2.866856 -0.000000 4
data 3220000 2064.404785 2.866369 0.000000 4
data 3221000 2064.060059 -2.866310 -0.000000 4
data 3222000 2063.633545 2.865772 0.000000 4
data 3223000 2063.198975 -2.865769 -0.000000 4
data 3224000 2062.740967 2.865211 0.000000 4
data 3225000 2062.281494 -2.865223 -0.000000 4
data 3226000 2061.758789 2.864626 0.000000 4
data 3227000 2061.226562 -2.864684 -0.000000 4
data 3228000 2060.676758 2.864070 0.000000 4
data 3229000 2060.128418 -2.864137 -0.000000 4
data 3230000 2059.586182 2.863529 0.000000 4
data 3231000 2059.043213 -2.863593 -0.000000 4
data 3232000 2058.508545 2.862990 0.000000 4
data 3233000 2057.981934 -2.863044 -0.000000 4
data 3234000 2057.467285 2.862453 0.000000 4
data 3235000 2056.956543 -2.862497 -0.000000 4
data 3236000 2056.453613 2.861915 0.000000 4
data 3237000 2055.958496 -2.861949 -0.000000 4
data 3238000 2055.475342 2.861379 0.000000 4
data 3239000 2055.001953 -2.861400 -0.000000 4
data 3240000 2054.551025 2.860850 0.000000 4
data 3241000 2054.109619 -2.860852 -0.000000 4
data 3242000 2053.675537 2.860312 0.000000 4
data 3243000 2053.248779 -2.860305 -0.000000 4
data 3244000 2052.856689 2.859792 0.000000 4
data 3245000 2052.509521 -2.859735 -0.000000 4
data 3246000 2052.177490 2.859260 0.000000 4
data 3247000 2051.855713 -2.859188 -0.000000 4
data 3248000 2051.563477 2.858737 0.000000 4
data 3249000 2051.291992 -2.858634 -0.000000 4
data 3250000 2051.034668 2.858206 0.000000 4
data 3251000 2050.887451 -2.858026 -0.000000 4
data 3252000 2050.744385 2.857668 0.000000 4
data 3253000 2050.605469 -2.857484 -0.000000 4
data 3254000 2050.470947 2.857131 0.000000 4
data 3255000 2050.340576 -2.856941 -0.000000 4
data 3256000 2050.207764 2.856591 0.000000 4
data 3257000 2050.079102 -2.856400 -0.000000 4
data 3258000 2049.954346 2.856054 0.000000 4
data 3259000 2049.833740 -2.855859 -0.000000 4
data 3260000 2049.717041 2.855518 0.000000 4
data 3261000 2049.604248 -2.855318 -0.000000 4
data 3262000 2049.495117 2.854982 0.000000 4
data 3263000 2049.389648 -2.854778 -0.000000 4
data 3264000 2049.287842 2.854447 0.000000 4
data 3265000 2049.168457 -2.854252 -0.000000 4
data 3266000 2048.929199 2.853837 0.000000 4
data 3267000 2048.645996 -2.853742 -0.000000 4
data 3268000 2048.242676 2.853227 0.000000 4
data 3269000 2047.793091 -2.853234 -0.000000 4
data 3270000 2047.312500 2.852672 0.000000 4
data 3271000 2046.826660 -2.852701 -0.000000 4
data 3272000 2046.348511 2.852141 0.000000 4
data 3273000 2045.877930 -2.852160 -0.000000 4
data 3274000 2045.414917 2.851610 0.000000 4
data 3275000 2044.959473 -2.851621 -0.000000 4
data 3276000 2044.553955 2.851106 0.000000 4
data 3277000 2044.180908 -2.851066 -0.000000 4
data 3278000 2043.827271 2.850583 0.000000 4
data 3279000 2043.488525 -2.850523 -0.000000 4
data 3280000 2043.156128 2.850053 0.000000 4
data 3281000 2042.829956 -2.849985 -0.000000 4
data 3282000 2042.522827 2.849531 0.000000 4
data 3283000 2042.230103 -2.849442 -0.000000 4
data 3284000 2041.943237 2.849001 0.000000 4
data 3285000 2041.662109 -2.848906 -0.000000 4
data 3286000 2041.378174 2.848467 0.000000 4
data 3287000 2041.078735 -2.848383 -0.000000 4
data 3288000 2040.768188 2.847928 0.000000 4
data 3289000 2040.431641 -2.847867 -0.000000 4
data 3290000 2040.033447 2.847358 0.000000 4
data 3291000 2039.618774 -2.847345 -0.000000 4
data 3292000 2039.204834 2.846828 0.000000 4
data 3293000 2038.776733 -2.846822 -0.000000 4
data 3294000 2038.355957 2.846301 0.000000 4
data 3295000 2037.942383 -2.846287 -0.000000 4
data 3296000 2037.536133 2.845775 0.000000 4
data 3297000 2037.136841 -2.845752 -0.000000 4
data 3298000 2036.768188 2.845263 0.000000 4
data 3299000 2036.452881 -2.845189 -0.000000 4
data 3300000 2036.180054 2.844759 0.000000 4
data 3301000 2035.970459 -2.844621 -0.000000 4
data 3302000 2035.776611 2.844239 0.000000 4
data 3303000 2035.587769 -2.844089 -0.000000 4
data 3304000 2035.407959 2.843716 0.000000 4
data 3305000 2035.254272 -2.843545 -0.000000 4
data 3306000 2035.107178 2.843191 0.000000 4
data 3307000 2034.964478 -2.843014 -0.000000 4
data 3308000 2034.826172 2.842666 0.000000 4
data 3309000 2034.692139 -2.842483 -0.000000 4
data 3310000 2034.570801 2.842146 0.000000 4
data 3311000 2034.453491 -2.841953 -0.000000 4
data 3312000 2034.265747 2.841576 0.000000 4
data 3313000 2034.063599 -2.841435 -0.000000 4
data 3314000 2033.825806 2.841028 0.000000 4
data 3315000 2033.586914 -2.840909 -0.000000 4
data 3316000 2033.338379 2.840496 0.000000 4
data 3317000 2033.084595 -2.840385 -0.000000 4
data 3318000 2032.821289 2.839964 0.000000 4
data 3319000 2032.561401 -2.839858 -0.000000 4
data 3320000 2032.285645 2.839429 0.000000 4
data 3321000 2031.992188 -2.839343 -0.000000 4
data 3322000 2031.698120 2.838903 0.000000 4
data 3323000 2031.363281 -2.838842 -0.000000 4
data 3324000 2031.002686 2.838363 0.000000 4
data 3325000 2030.648682 -2.838314 -0.000000 4
data 3326000 2030.294800 2.837839 0.000000 4
data 3327000 2029.947388 -2.837785 -0.000000 4
data 3328000 2029.606323 2.837319 0.000000 4
data 3329000 2029.277954 -2.837254 -0.000000 4
data 3330000 2028.958008 2.836800 0.000000 4
data 3331000 2028.644165 -2.836727 -0.000000 4
data 3332000 2028.336426 2.836281 0.000000 4
data 3333000 2028.034668 -2.836200 -0.000000 4
data 3334000 2027.719727 2.835750 0.000000 4
data 3335000 2027.357910 -2.835706 -0.000000 4
data 3336000 2027.002563 2.835232 0.000000 4
data 3337000 2026.634766 -2.835191 -0.000000 4
data 3338000 2026.273560 2.834714 0.000000 4
data 3339000 2025.918945 -2.834666 -0.000000 4
data 3340000 2025.558228 2.834189 0.000000 4
data 3341000 2025.204102 -2.834140 -0.000000 4
data 3342000 2024.869263 2.833679 0.000000 4
data 3343000 2024.545166 -2.833613 -0.000000 4
data 3344000 2024.233643 2.833166 0.000000 4
data 3345000 2023.928223 -2.833089 -0.000000 4
data 3346000 2023.648071 2.832661 0.000000 4
data 3347000 2023.384277 -2.832559 -0.000000 4
data 3348000 2023.155884 2.832162 0.000000 4
data 3349000 2022.932739 -2.832036 -0.000000 4
data 3350000 2022.716919 2.831647 0.000000 4
data 3351000 2022.508423 -2.831512 -0.000000 4
data 3352000 2022.304932 2.831131 0.000000 4
data 3353000 2022.106567 -2.830990 -0.000000 4
data 3354000 2021.879150 2.830595 0.000000 4
data 3355000 2021.650513 -2.830472 -0.000000 4
data 3356000 2021.416504 2.830074 0.000000 4
data 3357000 2021.168579 -2.829963 -0.000000 4
data 3358000 2020.892212 2.829539 0.000000 4
data 3359000 2020.610840 -2.829448 -0.000000 4
data 3360000 2020.301392 2.829005 0.000000 4
data 3361000 2019.997925 -2.828927 -0.000000 4
data 3362000 2019.689941 2.828485 0.000000 4
data 3363000 2019.383789 -2.828409 -0.000000 4
data 3364000 2019.083618 2.827972 0.000000 4
data 3365000 2018.793579 -2.827887 -0.000000 4
data 3366000 2018.520020 2.827466 0.000000 4
data 3367000 2018.256470 -2.827365 -0.000000 4
data 3368000 2017.998535 2.826954 0.000000 4
data 3369000 2017.782227 -2.826824 -0.000000 4
data 3370000 2017.590210 2.826453 0.000000 4
data 3371000 2017.458252 -2.826273 -0.000000 4
data 3372000 2017.336792 2.825944 0.000000 4
data 3373000 2017.221558 -2.825755 -0.000000 4
data 3374000 2017.129395 2.825443 0.000000 4
data 3375000 2017.062134 -2.825226 -0.000000 4
data 3376000 2017.034546 2.824952 0.000000 4
data 3377000 2017.016357 -2.824706 -0.000000 4
data 3378000 2017.030884 2.824458 0.000000 4
data 3379000 2017.103149 -2.824158 -0.000000 4
data 3380000 2017.228394 2.823976 0.000000 4
data 3381000 2017.354858 -2.823644 -0.000000 4
data 3382000 2017.529419 2.823491 0.000000 4
data 3383000 2017.704712 -2.823131 -0.000000 4
data 3384000 2017.880737 2.822979 0.000000 4
data 3385000 2018.046631 -2.822625 -0.000000 4
data 3386000 2018.183472 2.822449 0.000000 4
data 3387000 2018.314819 -2.822116 -0.000000 4
data 3388000 2018.442993 2.821936 0.000000 4
data 3389000 2018.557129 -2.821613 -0.000000 4
data 3390000 2018.663940 2.821420 0.000000 4
data 3391000 2018.733521 -2.821123 -0.000000 4
data 3392000 2018.789673 2.820901 0.000000 4
data 3393000 2018.836792 -2.820618 -0.000000 4
data 3394000 2018.860107 2.820376 0.000000 4
data 3395000 2018.863892 -2.820119 -0.000000 4
data 3396000 2018.818726 2.819837 0.000000 4
data 3397000 2018.776123 -2.819607 -0.000000 4
data 3398000 2018.733887 2.819328 0.000000 4
data 3399000 2018.694092 -2.819096 -0.000000 4
data 3400000 2018.650269 2.818816 0.000000 4
data 3401000 2018.593994 -2.818594 -0.000000 4
data 3402000 2018.525513 2.818300 0.000000 4
data 3403000 2018.457520 -2.818085 -0.000000 4
data 3404000 2018.370972 2.817780 0.000000 4
data 3405000 2018.278809 -2.817580 -0.000000 4
data 3406000 2018.187378 2.817272 0.000000 4
data 3407000 2018.081909 -2.817080 -0.000000 4
data 3408000 2017.966675 2.816759 0.000000 4
data 3409000 2017.854492 -2.816571 -0.000000 4
data 3410000 2017.717773 2.816237 0.000000 4
data 3411000 2017.582275 -2.816063 -0.000000 4
data 3412000 2017.396973 2.815701 0.000000 4
data 3413000 2017.149658 -2.815592 -0.000000 4
data 3414000 2016.819824 2.815145 0.000000 4
data 3415000 2016.495361 -2.815082 -0.000000 4
data 3416000 2016.072266 2.814581 0.000000 4
data 3417000 2015.651123 -2.814575 -0.000000 4
data 3418000 2015.166504 2.814039 0.000000 4
data 3419000 2014.644409 -2.814091 -0.000000 4
data 3420000 2014.117065 2.813530 0.000000 4
data 3421000 2013.567383 -2.813599 -0.000000 4
data 3422000 2012.979004 2.813002 0.000000 4
data 3423000 2012.354370 -2.813115 -0.000000 4
data 3424000 2011.732056 2.812499 0.000000 4
data 3425000 2011.105591 -2.812613 -0.000000 4
data 3426000 2010.483765 2.811997 0.000000 4
data 3427000 2009.866333 -2.812106 -0.000000 4
data 3428000 2009.251343 2.811495 0.000000 4
data 3429000 2008.642944 -2.811598 -0.000000 4
data 3430000 2008.041138 2.810995 0.000000 4
data 3431000 2007.437500 -2.811095 -0.000000 4
data 3432000 2006.842651 2.810497 0.000000 4
data 3433000 2006.256470 -2.810587 -0.000000 4
data 3434000 2005.679077 2.809999 0.000000 4
data 3435000 2005.114502 -2.810077 -0.000000 4
data 3436000 2004.568848 2.809508 0.000000 4
data 3437000 2004.042114 -2.809564 -0.000000 4
data 3438000 2003.540527 2.809021 0.000000 4
data 3439000 2003.053223 -2.809053 -0.000000 4
data 3440000 2002.592773 2.808535 0.000000 4
data 3441000 2002.233032 -2.808493 -0.000000 4
data 3442000 2001.896729 2.808047 0.000000 4
data 3443000 2001.604858 -2.807966 -0.000000 4
data 3444000 2001.320801 2.807551 0.000000 4
data 3445000 2001.159180 -2.807395 -0.000000 4
data 3446000 2001.031616 2.807070 0.000000 4
data 3447000 2000.929321 -2.806879 -0.000000 4
data 3448000 2000.830933 2.806572 0.000000 4
data 3449000 2000.736206 -2.806377 -0.000000 4
data 3450000 2000.645264 2.806075 0.000000 4
data 3451000 2000.557983 -2.805876 -0.000000 4
data 3452000 2000.474365 2.805578 0.000000 4
data 3453000 2000.381470 -2.805382 -0.000000 4
data 3454000 2000.268921 2.805067 0.000000 4
data 3455000 2000.158081 -2.804882 -0.000000 4
data 3456000 2000.051025 2.804571 0.000000 4
data 3457000 1999.949829 -2.804380 -0.000000 4
data 3458000 1999.875610 2.804088 0.000000 4
data 3459000 1999.819458 -2.803871 -0.000000 4
data 3460000 1999.766479 2.803592 0.000000 4
data 3461000 1999.722900 -2.803368 -0.000000 4
data 3462000 1999.692993 2.803102 0.000000 4
data 3463000 1999.670044 -2.802867 -0.000000 4
data 3464000 1999.664795 2.802615 0.000000 4
data 3465000 1999.664185 -2.802367 -0.000000 4
data 3466000 1999.682861 2.802130 0.000000 4
data 3467000 1999.707886 -2.801867 -0.000000 4
data 3468000 1999.735107 2.801635 0.000000 4
data 3469000 1999.766479 -2.801368 -0.000000 4
data 3470000 1999.799805 2.801140 0.000000 4
data 3471000 1999.852051 -2.800862 -0.000000 4
data 3472000 1999.889038 2.800635 0.000000 4
data 3473000 1999.927856 -2.800365 -0.000000 4
data 3474000 1999.968506 2.800141 0.000000 4
data 3475000 2000.008789 -2.799870 -0.000000 4
data 3476000 2000.040161 2.799641 0.000000 4
data 3477000 2000.054199 -2.799386 -0.000000 4
data 3478000 2000.057495 2.799140 0.000000 4
data 3479000 2000.026855 -2.798911 -0.000000 4
data 3480000 1999.979492 2.798637 0.000000 4
data 3481000 1999.830811 -2.798475 -0.000000 4
data 3482000 1999.681396 2.798143 0.000000 4
data 3483000 1999.488892 -2.798006 -0.000000 4
data 3484000 1999.237061 2.797615 0.000000 4
data 3485000 1998.856445 -2.797587 -0.000000 4
data 3486000 1998.331543 2.797040 0.000000 4
data 3487000 1997.788818 -2.797104 -0.000000 4
data 3488000 1997.247437 2.796548 0.000000 4
data 3489000 1996.713867 -2.796607 -0.000000 4
data 3490000 1996.187988 2.796060 0.000000 4
data 3491000 1995.676147 -2.796107 -0.000000 4
data 3492000 1995.171875 2.795572 0.000000 4
data 3493000 1994.736328 -2.795576 -0.000000 4
data 3494000 1994.335083 2.795100 0.000000 4
data 3495000 1993.957275 -2.795071 -0.000000 4
data 3496000 1993.585693 2.794613 0.000000 4
data 3497000 1993.230835 -2.794570 -0.000000 4
data 3498000 1992.882080 2.794126 0.000000 4
data 3499000 1992.543579 -2.794074 -0.000000 4
data 3500000 1992.210815 2.793639 0.000000 4
data 3501000 1991.884033 -2.793580 -0.000000 4
data 3502000 1991.558716 2.793149 0.000000 4
data 3503000 1991.228638 -2.793093 -0.000000 4
data 3504000 1990.900146 2.792661 0.000000 4
data 3505000 1990.573242 -2.792603 -0.000000 4
data 3506000 1990.216309 2.792154 0.000000 4
data 3507000 1989.863403 -2.792111 -0.000000 4
data 3508000 1989.463745 2.791639 0.000000 4
data 3509000 1989.066528 -2.791621 -0.000000 4
data 3510000 1988.661011 2.791145 0.000000 4
data 3511000 1988.177734 -2.791177 -0.000000 4
data 3512000 1987.659790 2.790637 0.000000 4
data 3513000 1987.149780 -2.790684 -0.000000 4
data 3514000 1986.647583 2.790154 0.000000 4
data 3515000 1986.153320 -2.790192 -0.000000 4
data 3516000 1985.666748 2.789671 0.000000 4
data 3517000 1985.192017 -2.789697 -0.000000 4
data 3518000 1984.822144 2.789244 0.000000 4
data 3519000 1984.528564 -2.789167 -0.000000 4
data 3520000 1984.361328 2.788829 0.000000 4
data 3521000 1984.215454 -2.788668 -0.000000 4
data 3522000 1984.107666 2.788364 0.000000 4
data 3523000 1984.024780 -2.788168 -0.000000 4
data 3524000 1983.947632 2.787881 0.000000 4
data 3525000 1983.895020 -2.787668 -0.000000 4
data 3526000 1983.845703 2.787397 0.000000 4
data 3527000 1983.805664 -2.787177 -0.000000 4
data 3528000 1983.768677 2.786914 0.000000 4
data 3529000 1983.734741 -2.786690 -0.000000 4
data 3530000 1983.697266 2.786427 0.000000 4
data 3531000 1983.650024 -2.786211 -0.000000 4
data 3532000 1983.590942 2.785935 0.000000 4
data 3533000 1983.507446 -2.785741 -0.000000 4
data 3534000 1983.416748 2.785447 0.000000 4
data 3535000 1983.327271 -2.785256 -0.000000 4
data 3536000 1983.217896 2.784952 0.000000 4
data 3537000 1983.105713 -2.784774 -0.000000 4
data 3538000 1982.997070 2.784471 0.000000 4
data 3539000 1982.879272 -2.784295 -0.000000 4
data 3540000 1982.754395 2.783983 0.000000 4
data 3541000 1982.624756 -2.783815 -0.000000 4
data 3542000 1982.492554 2.783499 0.000000 4
data 3543000 1982.364014 -2.783330 -0.000000 4
data 3544000 1982.228394 2.783013 0.000000 4
data 3545000 1982.094482 -2.782847 -0.000000 4
data 3546000 1981.955811 2.782528 0.000000 4
data 3547000 1981.818726 -2.782364 -0.000000 4
data 3548000 1981.685425 2.782048 0.000000 4
data 3549000 1981.547241 -2.781885 -0.000000 4
data 3550000 1981.404297 2.781564 0.000000 4
data 3551000 1981.265137 -2.781402 -0.000000 4
data 3552000 1981.129639 2.781085 0.000000 4
data 3553000 1980.997803 -2.780919 -0.000000 4
data 3554000 1980.863281 2.780603 0.000000 4
data 3555000 1980.732422 -2.780437 -0.000000 4
data 3556000 1980.603027 2.780123 0.000000 4
data 3557000 1980.468628 -2.779959 -0.000000 4
data 3558000 1980.337891 2.779646 0.000000 4
data 3559000 1980.200073 -2.779483 -0.000000 4
data 3560000 1980.042725 2.779155 0.000000 4
data 3561000 1979.846802 -2.779025 -0.000000 4
data 3562000 1979.595947 2.778645 0.000000 4
data 3563000 1979.339233 -2.778549 -0.000000 4
data 3564000 1979.045166 2.778145 0.000000 4
data 3565000 1978.750000 -2.778071 -0.000000 4
data 3566000 1978.460083 2.777669 0.000000 4
data 3567000 1978.158447 -2.777600 -0.000000 4
data 3568000 1977.857910 2.777192 0.000000 4
data 3569000 1977.529053 -2.777137 -0.000000 4
data 3570000 1977.176147 2.776701 0.000000 4
data 3571000 1976.803711 -2.776670 -0.000000 4
data 3572000 1976.420532 2.776217 0.000000 4
data 3573000 1975.984619 -2.776223 -0.000000 4
data 3574000 1975.534302 2.775732 0.000000 4
data 3575000 1975.072021 -2.775752 -0.000000 4
data 3576000 1974.589478 2.775244 0.000000 4
data 3577000 1974.114380 -2.775271 -0.000000 4
data 3578000 1973.635986 2.774766 0.000000 4
data 3579000 1973.164917 -2.774791 -0.000000 4
data 3580000 1972.701172 2.774294 0.000000 4
data 3581000 1972.236328 -2.774316 -0.000000 4
data 3582000 1971.778809 2.773822 0.000000 4
data 3583000 1971.326538 -2.773837 -0.000000 4
data 3584000 1970.881348 2.773351 0.000000 4
data 3585000 1970.443359 -2.773358 -0.000000 4
data 3586000 1970.010498 2.772879 0.000000 4
data 3587000 1969.584595 -2.772879 -0.000000 4
data 3588000 1969.165771 2.772408 0.000000 4
data 3589000 1968.753906 -2.772400 -0.000000 4
data 3590000 1968.355347 2.771941 0.000000 4
data 3591000 1967.980469 -2.771913 -0.000000 4
data 3592000 1967.635254 2.771484 0.000000 4
data 3593000 1967.363892 -2.771398 -0.000000 4
data 3594000 1967.121216 2.771026 0.000000 4
data 3595000 1966.904907 -2.770910 -0.000000 4
data 3596000 1966.695557 2.770556 0.000000 4
data 3597000 1966.546021 -2.770403 -0.000000 4
data 3598000 1966.415405 2.770094 0.000000 4
data 3599000 1966.295166 -2.769924 -0.000000 4
data 3600000 1966.185181 2.769627 0.000000 4
data 3601000 1966.078979 -2.769450 -0.000000 4
data 3602000 1966.006104 2.769173 0.000000 4
data 3603000 1965.936523 -2.768976 -0.000000 4
data 3604000 1965.870239 2.768703 0.000000 4
data 3605000 1965.807251 -2.768502 -0.000000 4
data 3606000 1965.730469 2.768224 0.000000 4
data 3607000 1965.646484 -2.768035 -0.000000 4
data 3608000 1965.563843 2.767753 0.000000 4
data 3609000 1965.478149 -2.767565 -0.000000 4
data 3610000 1965.395874 2.767284 0.000000 4
data 3611000 1965.299927 -2.767102 -0.000000 4
data 3612000 1965.198975 2.766811 0.000000 4
data 3613000 1965.109985 -2.766625 -0.000000 4
data 3614000 1965.030762 2.766346 0.000000 4
data 3615000 1964.948364 -2.766157 -0.000000 4
data 3616000 1964.860718 2.765873 0.000000 4
data 3617000 1964.776367 -2.765685 -0.000000 4
data 3618000 1964.690918 2.765403 0.000000 4
data 3619000 1964.608765 -2.765214 -0.000000 4
data 3620000 1964.487549 2.764912 0.000000 4
data 3621000 1964.412109 -2.764720 -0.000000 4
data 3622000 1964.297485 2.764422 0.000000 4
data 3623000 1964.184326 -2.764250 -0.000000 4
data 3624000 1964.061890 2.763948 0.000000 4
data 3625000 1963.930298 -2.763787 -0.000000 4
data 3626000 1963.800293 2.763481 0.000000 4
data 3627000 1963.671631 -2.763318 -0.000000 4
data 3628000 1963.542358 2.763013 0.000000 4
data 3629000 1963.385010 -2.762866 -0.000000 4
data 3630000 1963.218750 2.762540 0.000000 4
data 3631000 1963.016357 -2.762418 -0.000000 4
data 3632000 1962.759277 2.762043 0.000000 4
data 3633000 1962.498657 -2.761953 -0.000000 4
data 3634000 1962.211304 2.761562 0.000000 4
data 3635000 1961.884888 -2.761508 -0.000000 4
data 3636000 1961.462891 2.761043 0.000000 4
data 3637000 1961.032837 -2.761046 -0.000000 4
data 3638000 1960.609497 2.760580 0.000000 4
data 3639000 1960.127563 -2.760612 -0.000000 4
data 3640000 1959.617065 2.760099 0.000000 4
data 3641000 1959.057251 -2.760173 -0.000000 4
data 3642000 1958.455078 2.759610 0.000000 4
data 3643000 1957.859619 -2.759704 -0.000000 4
data 3644000 1957.234741 2.759129 0.000000 4
data 3645000 1956.614624 -2.759237 -0.000000 4
data 3646000 1955.997192 2.758666 0.000000 4
data 3647000 1955.386597 -2.758768 -0.000000 4
data 3648000 1954.772339 2.758199 0.000000 4
data 3649000 1954.165039 -2.758300 -0.000000 4
data 3650000 1953.564575 2.757739 0.000000 4
data 3651000 1952.966675 -2.757834 -0.000000 4
data 3652000 1952.377808 2.757280 0.000000 4
data 3653000 1951.797852 -2.757366 -0.000000 4
data 3654000 1951.228760 2.756822 0.000000 4
data 3655000 1950.668457 -2.756897 -0.000000 4
data 3656000 1950.121094 2.756366 0.000000 4
data 3657000 1949.601196 -2.756419 -0.000000 4
data 3658000 1949.114868 2.755922 0.000000 4
data 3659000 1948.661743 -2.755939 -0.000000 4
data 3660000 1948.220459 2.755466 0.000000 4
data 3661000 1947.862671 -2.755430 -0.000000 4
data 3662000 1947.549438 2.755028 0.000000 4
data 3663000 1947.292847 -2.754937 -0.000000 4
data 3664000 1947.103149 2.754603 0.000000 4
data 3665000 1946.939453 -2.754462 -0.000000 4
data 3666000 1946.803711 2.754157 0.000000 4
data 3667000 1946.703857 -2.753981 -0.000000 4
data 3668000 1946.608032 2.753698 0.000000 4
data 3669000 1946.515991 -2.753518 -0.000000 4
data 3670000 1946.430054 2.753240 0.000000 4
data 3671000 1946.356323 -2.753050 -0.000000 4
data 3672000 1946.288330 2.752783 0.000000 4
data 3673000 1946.234375 -2.752582 -0.000000 4
data 3674000 1946.187988 2.752327 0.000000 4
data 3675000 1946.147095 -2.752119 -0.000000 4
data 3676000 1946.119995 2.751874 0.000000 4
data 3677000 1946.104248 -2.751653 -0.000000 4
data 3678000 1946.091431 2.751416 0.000000 4
data 3679000 1946.081421 -2.751192 -0.000000 4
data 3680000 1946.091064 2.750968 0.000000 4
data 3681000 1946.103271 -2.750732 -0.000000 4
data 3682000 1946.118042 2.750510 0.000000 4
data 3683000 1946.122559 -2.750279 -0.000000 4
data 3684000 1946.129639 2.750053 0.000000 4
data 3685000 1946.134766 -2.749821 -0.000000 4
data 3686000 1946.140381 2.749595 0.000000 4
data 3687000 1946.148438 -2.749362 -0.000000 4
data 3688000 1946.150391 2.749134 0.000000 4
data 3689000 1946.135864 -2.748913 -0.000000 4
data 3690000 1946.098389 2.748664 0.000000 4
data 3691000 1946.059570 -2.748456 -0.000000 4
data 3692000 1946.004639 2.748198 0.000000 4
data 3693000 1945.918823 -2.748016 -0.000000 4
data 3694000 1945.790039 2.747718 0.000000 4
data 3695000 1945.629028 -2.747577 -0.000000 4
data 3696000 1945.364502 2.747205 0.000000 4
data 3697000 1945.065063 -2.747139 -0.000000 4
data 3698000 1944.695435 2.746711 0.000000 4
data 3699000 1944.258301 -2.746720 -0.000000 4
data 3700000 1943.804810 2.746247 0.000000 4
data 3701000 1943.312256 -2.746285 -0.000000 4
data 3702000 1942.818726 2.745790 0.000000 4
data 3703000 1942.301270 -2.745842 -0.000000 4
data 3704000 1941.789429 2.745338 0.000000 4
data 3705000 1941.285400 -2.745383 -0.000000 4
data 3706000 1940.791138 2.744889 0.000000 4
data 3707000 1940.304565 -2.744924 -0.000000 4
data 3708000 1939.823486 2.744437 0.000000 4
data 3709000 1939.352051 -2.744464 -0.000000 4
data 3710000 1938.888184 2.743987 0.000000 4
data 3711000 1938.448486 -2.743997 -0.000000 4
data 3712000 1938.024414 2.743541 0.000000 4
data 3713000 1937.607300 -2.743539 -0.000000 4
data 3714000 1937.197266 2.743091 0.000000 4
data 3715000 1936.768921 -2.743095 -0.000000 4
data 3716000 1936.337280 2.742636 0.000000 4
data 3717000 1935.912842 -2.742638 -0.000000 4
data 3718000 1935.493530 2.742186 0.000000 4
data 3719000 1935.070801 -2.742187 -0.000000 4
data 3720000 1934.655151 2.741737 0.000000 4
data 3721000 1934.240356 -2.741734 -0.000000 4
data 3722000 1933.813843 2.741278 0.000000 4
data 3723000 1933.394531 -2.741278 -0.000000 4
data 3724000 1932.982422 2.740830 0.000000 4
data 3725000 1932.602539 -2.740808 -0.000000 4
data 3726000 1932.246338 2.740391 0.000000 4
data 3727000 1931.921875 -2.740340 -0.000000 4
data 3728000 1931.612183 2.739948 0.000000 4
data 3729000 1931.339966 -2.739868 -0.000000 4
data 3730000 1931.090332 2.739509 0.000000 4
data 3731000 1930.881958 -2.739395 -0.000000 4
data 3732000 1930.712158 2.739079 0.000000 4
data 3733000 1930.574463 -2.738927 -0.000000 4
data 3734000 1930.443115 2.738631 0.000000 4
data 3735000 1930.330566 -2.738467 -0.000000 4
data 3736000 1930.222046 2.738183 0.000000 4
data 3737000 1930.123901 -2.738011 -0.000000 4
data 3738000 1930.033691 2.737738 0.000000 4
data 3739000 1929.961914 -2.737551 -0.000000 4
data 3740000 1929.900024 2.737293 0.000000 4
data 3741000 1929.854004 -2.737093 -0.000000 4
data 3742000 1929.817505 2.736849 0.000000 4
data 3743000 1929.817871 -2.736625 -0.000000 4
data 3744000 1929.820801 2.736402 0.000000 4
data 3745000 1929.830566 -2.736172 -0.000000 4
data 3746000 1929.844971 2.735956 0.000000 4
data 3747000 1929.861694 -2.735723 -0.000000 4
data 3748000 1929.880859 2.735509 0.000000 4
data 3749000 1929.902344 -2.735273 -0.000000 4
data 3750000 1929.919800 2.735059 0.000000 4
data 3751000 1929.935303 -2.734826 -0.000000 4
data 3752000 1929.936157 2.734603 0.000000 4
data 3753000 1929.924805 -2.734385 -0.000000 4
data 3754000 1929.901245 2.734149 0.000000 4
data 3755000 1929.825439 -2.733966 -0.000000 4
data 3756000 1929.740234 2.733697 0.000000 4
data 3757000 1929.637085 -2.733529 -0.000000 4
data 3758000 1929.484863 2.733224 0.000000 4
data 3759000 1929.311279 -2.733093 -0.000000 4
data 3760000 1929.139771 2.732779 0.000000 4
data 3761000 1928.963867 -2.732649 -0.000000 4
data 3762000 1928.773193 2.732325 0.000000 4
data 3763000 1928.559448 -2.732216 -0.000000 4
data 3764000 1928.287109 2.731848 0.000000 4
data 3765000 1927.994751 -2.731781 -0.000000 4
data 3766000 1927.695068 2.731399 0.000000 4
data 3767000 1927.398682 -2.731333 -0.000000 4
data 3768000 1927.025879 2.730913 0.000000 4
data 3769000 1926.644531 -2.730893 -0.000000 4
data 3770000 1926.227417 2.730449 0.000000 4
data 3771000 1925.800171 -2.730453 -0.000000 4
data 3772000 1925.369263 2.730003 0.000000 4
data 3773000 1924.911621 -2.730023 -0.000000 4
data 3774000 1924.458984 2.729561 0.000000 4
data 3775000 1924.000854 -2.729582 -0.000000 4
data 3776000 1923.541626 2.729117 0.000000 4
data 3777000 1923.085449 -2.729136 -0.000000 4
data 3778000 1922.634399 2.728676 0.000000 4
data 3779000 1922.177979 -2.728696 -0.000000 4
data 3780000 1921.728882 2.728236 0.000000 4
data 3781000 1921.286987 -2.728249 -0.000000 4
data 3782000 1920.850220 2.727796 0.000000 4
data 3783000 1920.420532 -2.727802 -0.000000 4
data 3784000 1919.997925 2.727357 0.000000 4
data 3785000 1919.592773 -2.727350 -0.000000 4
data 3786000 1919.213379 2.726928 0.000000 4
data 3787000 1918.867920 -2.726890 -0.000000 4
data 3788000 1918.545410 2.726499 0.000000 4
data 3789000 1918.268799 -2.726424 -0.000000 4
data 3790000 1918.029297 2.726076 0.000000 4
data 3791000 1917.796997 -2.725978 -0.000000 4
data 3792000 1917.593018 2.725650 0.000000 4
data 3793000 1917.429443 -2.725515 -0.000000 4
data 3794000 1917.276489 2.725214 0.000000 4
data 3795000 1917.134155 -2.725069 -0.000000 4
data 3796000 1916.995972 2.724776 0.000000 4
data 3797000 1916.861816 -2.724626 -0.000000 4
data 3798000 1916.725464 2.724334 0.000000 4
data 3799000 1916.593140 -2.724183 -0.000000 4
data 3800000 1916.441650 2.723883 0.000000 4
data 3801000 1916.296387 -2.723740 -0.000000 4
data 3802000 1916.153198 2.723445 0.000000 4
data 3803000 1916.014160 -2.723298 -0.000000 4
data 3804000 1915.874878 2.723005 0.000000 4
data 3805000 1915.743774 -2.722854 -0.000000 4
data 3806000 1915.612427 2.722565 0.000000 4
data 3807000 1915.484863 -2.722413 -0.000000 4
data 3808000 1915.359131 2.722127 0.000000 4
data 3809000 1915.237183 -2.721972 -0.000000 4
data 3810000 1915.116821 2.721689 0.000000 4
data 3811000 1915.000122 -2.721531 -0.000000 4
data 3812000 1914.885010 2.721252 0.000000 4
data 3813000 1914.773560 -2.721091 -0.000000 4
data 3814000 1914.644653 2.720804 0.000000 4
data 3815000 1914.517456 -2.720652 -0.000000 4
data 3816000 1914.389771 2.720366 0.000000 4
data 3817000 1914.263672 -2.720214 -0.000000 4
data 3818000 1914.086792 2.719902 0.000000 4
data 3819000 1913.914062 -2.719774 -0.000000 4
data 3820000 1913.734985 2.719462 0.000000 4
data 3821000 1913.560303 -2.719335 -0.000000 4
data 3822000 1913.372925 2.719018 0.000000 4
data 3823000 1913.175171 -2.718903 -0.000000 4
data 3824000 1912.977661 2.718582 0.000000 4
data 3825000 1912.782349 -2.718466 -0.000000 4
data 3826000 1912.580933 2.718142 0.000000 4
data 3827000 1912.358765 -2.718040 -0.000000 4
data 3828000 1912.128662 2.717702 0.000000 4
data 3829000 1911.899048 -2.717604 -0.000000 4
data 3830000 1911.667969 2.717265 0.000000 4
data 3831000 1911.412231 -2.717181 -0.000000 4
data 3832000 1911.142578 2.716823 0.000000 4
data 3833000 1910.836182 -2.716765 -0.000000 4
data 3834000 1910.472412 2.716358 0.000000 4
data 3835000 1910.098022 -2.716335 -0.000000 4
data 3836000 1909.679565 2.715900 0.000000 4
data 3837000 1909.236450 -2.715914 -0.000000 4
data 3838000 1908.796143 2.715467 0.000000 4
data 3839000 1908.341919 -2.715486 -0.000000 4
data 3840000 1907.884399 2.715031 0.000000 4
data 3841000 1907.404785 -2.715064 -0.000000 4
data 3842000 1906.932617 2.714601 0.000000 4
data 3843000 1906.467896 -2.714626 -0.000000 4
data 3844000 1906.004150 2.714168 0.000000 4
data 3845000 1905.545776 -2.714189 -0.000000 4
data 3846000 1905.082275 2.713732 0.000000 4
data 3847000 1904.626099 -2.713752 -0.000000 4
data 3848000 1904.183594 2.713306 0.000000 4
data 3849000 1903.754639 -2.713312 -0.000000 4
data 3850000 1903.332764 2.712877 0.000000 4
data 3851000 1902.928589 -2.712870 -0.000000 4
data 3852000 1902.533325 2.712449 0.000000 4
data 3853000 1902.239136 -2.712385 -0.000000 4
data 3854000 1901.963257 2.712026 0.000000 4
data 3855000 1901.749634 -2.711921 -0.000000 4
data 3856000 1901.551392 2.711602 0.000000 4
data 3857000 1901.357910 -2.711487 -0.000000 4
data 3858000 1901.215210 2.711197 0.000000 4
data 3859000 1901.080933 -2.711051 -0.000000 4
data 3860000 1900.967529 2.710777 0.000000 4
data 3861000 1900.866455 -2.710613 -0.000000 4
data 3862000 1900.768921 2.710347 0.000000 4
data 3863000 1900.693970 -2.710171 -0.000000 4
data 3864000 1900.609863 2.709912 0.000000 4
data 3865000 1900.516602 -2.709745 -0.000000 4
data 3866000 1900.424805 2.709482 0.000000 4
data 3867000 1900.336670 -2.709313 -0.000000 4
data 3868000 1900.251953 2.709054 0.000000 4
data 3869000 1900.170654 -2.708881 -0.000000 4
data 3870000 1900.090576 2.708625 0.000000 4
data 3871000 1900.009644 -2.708452 -0.000000 4
data 3872000 1899.917480 2.708189 0.000000 4
data 3873000 1899.822388 -2.708024 -0.000000 4
data 3874000 1899.728638 2.707761 0.000000 4
data 3875000 1899.579712 -2.707623 -0.000000 4
data 3876000 1899.426270 2.707330 0.000000 4
data 3877000 1899.268433 -2.707196 -0.000000 4
data 3878000 1899.091675 2.706891 0.000000 4
data 3879000 1898.898193 -2.706776 -0.000000 4
data 3880000 1898.707153 2.706464 0.000000 4
data 3881000 1898.499390 -2.706357 -0.000000 4
data 3882000 1898.269043 2.706024 0.000000 4
data 3883000 1898.037109 -2.705930 -0.000000 4
data 3884000 1897.807861 2.705598 0.000000 4
data 3885000 1897.562500 -2.705510 -0.000000 4
data 3886000 1897.319946 2.705172 0.000000 4
data 3887000 1897.069824 -2.705087 -0.000000 4
data 3888000 1896.812012 2.704741 0.000000 4
data 3889000 1896.552979 -2.704660 -0.000000 4
data 3890000 1896.282349 2.704308 0.000000 4
data 3891000 1896.016968 -2.704231 -0.000000 4
data 3892000 1895.748291 2.703879 0.000000 4
data 3893000 1895.472290 -2.703808 -0.000000 4
data 3894000 1895.182739 2.703446 0.000000 4
data 3895000 1894.898560 -2.703379 -0.000000 4
data 3896000 1894.611328 2.703018 0.000000 4
data 3897000 1894.317017 -2.702956 -0.000000 4
data 3898000 1894.023926 2.702593 0.000000 4
data 3899000 1893.725952 -2.702533 -0.000000 4
data 3900000 1893.427124 2.702167 0.000000 4
data 3901000 1893.131836 -2.702106 -0.000000 4
data 3902000 1892.840088 2.701744 0.000000 4
data 3903000 1892.553711 -2.701678 -0.000000 4
data 3904000 1892.253906 2.701312 0.000000 4
data 3905000 1891.947144 -2.701257 -0.000000 4
data 3906000 1891.627197 2.700881 0.000000 4
data 3907000 1891.302612 -2.700835 -0.000000 4
data 3908000 1890.979614 2.700457 0.000000 4
data 3909000 1890.643799 -2.700417 -0.000000 4
data 3910000 1890.307617 2.700033 0.000000 4
data 3911000 1889.977417 -2.699990 -0.000000 4
data 3912000 1889.653198 2.699612 0.000000 4
data 3913000 1889.334961 -2.699563 -0.000000 4
data 3914000 1889.022583 2.699192 0.000000 4
data 3915000 1888.715942 -2.699136 -0.000000 4
data 3916000 1888.415039 2.698771 0.000000 4
data 3917000 1888.128174 -2.698706 -0.000000 4
data 3918000 1887.861450 2.698359 0.000000 4
data 3919000 1887.600098 -2.698281 -0.000000 4
data 3920000 1887.360718 2.697947 0.000000 4
data 3921000 1887.126465 -2.697855 -0.000000 4
data 3922000 1886.907715 2.697533 0.000000 4
data 3923000 1886.697998 -2.697428 -0.000000 4
data 3924000 1886.532715 2.697133 0.000000 4
data 3925000 1886.375854 -2.697002 -0.000000 4
data 3926000 1886.223145 2.696713 0.000000 4
data 3927000 1886.085083 -2.696573 -0.000000 4
data 3928000 1885.969849 2.696304 0.000000 4
data 3929000 1885.862427 -2.696147 -0.000000 4
data 3930000 1885.758667 2.695884 0.000000 4
data 3931000 1885.660645 -2.695724 -0.000000 4
data 3932000 1885.580688 2.695472 0.000000 4
data 3933000 1885.504028 -2.695301 -0.000000 4
data 3934000 1885.430664 2.695053 0.000000 4
data 3935000 1885.362549 -2.694878 -0.000000 4
data 3936000 1885.297485 2.694634 0.000000 4
data 3937000 1885.235474 -2.694456 -0.000000 4
data 3938000 1885.176514 2.694216 0.000000 4
data 3939000 1885.120483 -2.694034 -0.000000 4
data 3940000 1885.067383 2.693797 0.000000 4
data 3941000 1885.017212 -2.693613 -0.000000 4
data 3942000 1884.969849 2.693379 0.000000 4
data 3943000 1884.923096 -2.693193 -0.000000 4
data 3944000 1884.841431 2.692942 0.000000 4
data 3945000 1884.756592 -2.692776 -0.000000 4
data 3946000 1884.662231 2.692518 0.000000 4
data 3947000 1884.491577 -2.692395 -0.000000 4
data 3948000 1884.320801 2.692100 0.000000 4
data 3949000 1884.133057 -2.691985 -0.000000 4
data 3950000 1883.932739 2.691675 0.000000 4
data 3951000 1883.730469 -2.691568 -0.000000 4
data 3952000 1883.503174 2.691244 0.000000 4
data 3953000 1883.203003 -2.691187 -0.000000 4
data 3954000 1882.901978 2.690825 0.000000 4
data 3955000 1882.581177 -2.690779 -0.000000 4
data 3956000 1882.265991 2.690411 0.000000 4
data 3957000 1881.950073 -2.690362 -0.000000 4
data 3958000 1881.622803 2.689988 0.000000 4
data 3959000 1881.301147 -2.689942 -0.000000 4
data 3960000 1880.911987 2.689537 0.000000 4
data 3961000 1880.508301 -2.689532 -0.000000 4
data 3962000 1880.090332 2.689112 0.000000 4
data 3963000 1879.645508 -2.689129 -0.000000 4
data 3964000 1879.192993 2.688692 0.000000 4
data 3965000 1878.728760 -2.688718 -0.000000 4
data 3966000 1878.259155 2.688273 0.000000 4
data 3967000 1877.796875 -2.688298 -0.000000 4
data 3968000 1877.341797 2.687861 0.000000 4
data 3969000 1876.889648 -2.687881 -0.000000 4
data 3970000 1876.444702 2.687449 0.000000 4
data 3971000 1875.998535 -2.687466 -0.000000 4
data 3972000 1875.559570 2.687037 0.000000 4
data 3973000 1875.129639 -2.687046 -0.000000 4
data 3974000 1874.700562 2.686622 0.000000 4
data 3975000 1874.284790 -2.686624 -0.000000 4
data 3976000 1873.875854 2.686211 0.000000 4
data 3977000 1873.471680 -2.686207 -0.000000 4
data 3978000 1873.070190 2.685798 0.000000 4
data 3979000 1872.679688 -2.685787 -0.000000 4
data 3980000 1872.297974 2.685388 0.000000 4
data 3981000 1871.922852 -2.685369 -0.000000 4
data 3982000 1871.564819 2.684982 0.000000 4
data 3983000 1871.234009 -2.684942 -0.000000 4
data 3984000 1870.932251 2.684583 0.000000 4
data 3985000 1870.653076 -2.684516 -0.000000 4
data 3986000 1870.383667 2.684175 0.000000 4
data 3987000 1870.132324 -2.684094 -0.000000 4
data 3988000 1869.886230 2.683764 0.000000 4
data 3989000 1869.678955 -2.683661 -0.000000 4
data 3990000 1869.478516 2.683354 0.000000 4
data 3991000 1869.316284 -2.683229 -0.000000 4
data 3992000 1869.166870 2.682948 0.000000 4
data 3993000 1869.034058 -2.682808 -0.000000 4
data 3994000 1868.917847 2.682544 0.000000 4
data 3995000 1868.811890 -2.682391 -0.000000 4
data 3996000 1868.709595 2.682133 0.000000 4
data 3997000 1868.613037 -2.681976 -0.000000 4
data 3998000 1868.528442 2.681728 0.000000 4
data 3999000 1868.438965 -2.681566 -0.000000 4
data 4000000 1868.350952 2.681317 0.000000 4
data 4001000 1868.262085 -2.681155 -0.000000 4
data 4002000 1868.182983 2.680910 0.000000 4
data 4003000 1868.100952 -2.680746 -0.000000 4
data 4004000 1868.013916 2.680497 0.000000 4
data 4005000 1867.930420 -2.680333 -0.000000 4
data 4006000 1867.837646 2.680081 0.000000 4
data 4007000 1867.729492 -2.679930 -0.000000 4
data 4008000 1867.618652 2.679669 0.000000 4
data 4009000 1867.465454 -2.679540 -0.000000 4
data 4010000 1867.316284 2.679261 0.000000 4
data 4011000 1867.168945 -2.679129 -0.000000 4
data 4012000 1867.019287 2.678850 0.000000 4
data 4013000 1866.863159 -2.678723 -0.000000 4
data 4014000 1866.698364 2.678436 0.000000 4
data 4015000 1866.527222 -2.678316 -0.000000 4
data 4016000 1866.314331 2.678005 0.000000 4
data 4017000 1866.106079 -2.677904 -0.000000 4
data 4018000 1865.898193 2.677596 0.000000 4
data 4019000 1865.657104 -2.677512 -0.000000 4
data 4020000 1865.393799 2.677176 0.000000 4
data 4021000 1865.096069 -2.677120 -0.000000 4
data 4022000 1864.784912 2.676761 0.000000 4
data 4023000 1864.475220 -2.676711 -0.000000 4
data 4024000 1864.133545 2.676337 0.000000 4
data 4025000 1863.760254 -2.676318 -0.000000 4
data 4026000 1863.361938 2.675916 0.000000 4
data 4027000 1862.968140 -2.675908 -0.000000 4
data 4028000 1862.568359 2.675505 0.000000 4
data 4029000 1862.173096 -2.675498 -0.000000 4
data 4030000 1861.759277 2.675089 0.000000 4
data 4031000 1861.343872 -2.675091 -0.000000 4
data 4032000 1860.931152 2.674683 0.000000 4
data 4033000 1860.512817 -2.674686 -0.000000 4
data 4034000 1860.095093 2.674276 0.000000 4
data 4035000 1859.684326 -2.674276 -0.000000 4
data 4036000 1859.280273 2.673872 0.000000 4
data 4037000 1858.883057 -2.673866 -0.000000 4
data 4038000 1858.492554 2.673469 0.000000 4
data 4039000 1858.114868 -2.673453 -0.000000 4
data 4040000 1857.758423 2.673074 0.000000 4
data 4041000 1857.412476 -2.673042 -0.000000 4
data 4042000 1857.130981 2.672699 0.000000 4
data 4043000 1856.884399 -2.672618 -0.000000 4
data 4044000 1856.665894 2.672307 0.000000 4
data 4045000 1856.475220 -2.672199 -0.000000 4
data 4046000 1856.303833 2.671911 0.000000 4
data 4047000 1856.136841 -2.671791 -0.000000 4
data 4048000 1855.980469 2.671511 0.000000 4
data 4049000 1855.832520 -2.671382 -0.000000 4
data 4050000 1855.688721 2.671108 0.000000 4
data 4051000 1855.549072 -2.670975 -0.000000 4
data 4052000 1855.413330 2.670706 0.000000 4
data 4053000 1855.283691 -2.670568 -0.000000 4
data 4054000 1855.141357 2.670295 0.000000 4
data 4055000 1855.003052 -2.670161 -0.000000 4
data 4056000 1854.868652 2.669893 0.000000 4
data 4057000 1854.717407 -2.669765 -0.000000 4
data 4058000 1854.561768 2.669487 0.000000 4
data 4059000 1854.410278 -2.669359 -0.000000 4
data 4060000 1854.258789 2.669083 0.000000 4
data 4061000 1854.109253 -2.668955 -0.000000 4
data 4062000 1853.963745 2.668681 0.000000 4
data 4063000 1853.811768 -2.668555 -0.000000 4
data 4064000 1853.592896 2.668245 0.000000 4
data 4065000 1853.370483 -2.668153 -0.000000 4
data 4066000 1853.142456 2.667840 0.000000 4
data 4067000 1852.906738 -2.667754 -0.000000 4
data 4068000 1852.617554 2.667411 0.000000 4
data 4069000 1852.327637 -2.667352 -0.000000 4
data 4070000 1851.995117 2.666988 0.000000 4
data 4071000 1851.660278 -2.666951 -0.000000 4
data 4072000 1851.329346 2.666587 0.000000 4
data 4073000 1851.002197 -2.666547 -0.000000 4
data 4074000 1850.670532 2.666183 0.000000 4
data 4075000 1850.340576 -2.666144 -0.000000 4
data 4076000 1849.999878 2.665776 0.000000 4
data 4077000 1849.658936 -2.665743 -0.000000 4
data 4078000 1849.324097 2.665378 0.000000 4
data 4079000 1848.980835 -2.665346 -0.000000 4
data 4080000 1848.658203 2.664987 0.000000 4
data 4081000 1848.314331 -2.664955 -0.000000 4
data 4082000 1848.003540 2.664603 0.000000 4
data 4083000 1847.698608 -2.664552 -0.000000 4
data 4084000 1847.399414 2.664205 0.000000 4
data 4085000 1847.124756 -2.664139 -0.000000 4
data 4086000 1846.863770 2.663811 0.000000 4
data 4087000 1846.608032 -2.663736 -0.000000 4
data 4088000 1846.357544 2.663414 0.000000 4
data 4089000 1846.116577 -2.663332 -0.000000 4
data 4090000 1845.895264 2.663024 0.000000 4
data 4091000 1845.699463 -2.662920 -0.000000 4
data 4092000 1845.520874 2.662632 0.000000 4
data 4093000 1845.348877 -2.662517 -0.000000 4
data 4094000 1845.185303 2.662237 0.000000 4
data 4095000 1845.026001 -2.662116 -0.000000 4
data 4096000 1844.870850 2.661840 0.000000 4
data 4097000 1844.719849 -2.661715 -0.000000 4
data 4098000 1844.572998 2.661443 0.000000 4
data 4099000 1844.426025 -2.661316 -0.000000 4
data 4100000 1844.251831 2.661032 0.000000 4
data 4101000 1844.077881 -2.660917 -0.000000 4
data 4102000 1843.899902 2.660631 0.000000 4
data 4103000 1843.709473 -2.660525 -0.000000 4
data 4104000 1843.492310 2.660220 0.000000 4
data 4105000 1843.277832 -2.660126 -0.000000 4
data 4106000 1843.057617 2.659820 0.000000 4
data 4107000 1842.842163 -2.659726 -0.000000 4
data 4108000 1842.606323 2.659412 0.000000 4
data 4109000 1842.371338 -2.659328 -0.000000 4
data 4110000 1842.139160 2.659017 0.000000 4
data 4111000 1841.897339 -2.658936 -0.000000 4
data 4112000 1841.656250 2.658620 0.000000 4
data 4113000 1841.416016 -2.658538 -0.000000 4
data 4114000 1841.170288 2.658221 0.000000 4
data 4115000 1840.929688 -2.658139 -0.000000 4
data 4116000 1840.693970 2.657826 0.000000 4
data 4117000 1840.463135 -2.657740 -0.000000 4
data 4118000 1840.237183 2.657433 0.000000 4
data 4119000 1840.015991 -2.657342 -0.000000 4
data 4120000 1839.803711 2.657041 0.000000 4
data 4121000 1839.602295 -2.656941 -0.000000 4
data 4122000 1839.407593 2.656648 0.000000 4
data 4123000 1839.217285 -2.656543 -0.000000 4
data 4124000 1839.031494 2.656255 0.000000 4
data 4125000 1838.849976 -2.656146 -0.000000 4
data 4126000 1838.662354 2.655857 0.000000 4
data 4127000 1838.479126 -2.655748 -0.000000 4
data 4128000 1838.289917 2.655459 0.000000 4
data 4129000 1838.100830 -2.655353 -0.000000 4
data 4130000 1837.911987 2.655065 0.000000 4
data 4131000 1837.719238 -2.654961 -0.000000 4
data 4132000 1837.495361 2.654655 0.000000 4
data 4133000 1837.274170 -2.654565 -0.000000 4
data 4134000 1837.049316 2.654259 0.000000 4
data 4135000 1836.804199 -2.654181 -0.000000 4
data 4136000 1836.557861 2.653864 0.000000 4
data 4137000 1836.243652 -2.653819 -0.000000 4
data 4138000 1835.933105 2.653472 0.000000 4
data 4139000 1835.619873 -2.653427 -0.000000 4
data 4140000 1835.295654 2.653074 0.000000 4
data 4141000 1834.931396 -2.653053 -0.000000 4
data 4142000 1834.573364 2.652683 0.000000 4
data 4143000 1834.209106 -2.652663 -0.000000 4
data 4144000 1833.844849 2.652291 0.000000 4
data 4145000 1833.476440 -2.652272 -0.000000 4
data 4146000 1833.124756 2.651906 0.000000 4
data 4147000 1832.779175 -2.651876 -0.000000 4
data 4148000 1832.439697 2.651516 0.000000 4
data 4149000 1832.127075 -2.651471 -0.000000 4
data 4150000 1831.832642 2.651133 0.000000 4
data 4151000 1831.543823 -2.651076 -0.000000 4
data 4152000 1831.262573 2.650745 0.000000 4
data 4153000 1830.997192 -2.650676 -0.000000 4
data 4154000 1830.737183 2.650355 0.000000 4
data 4155000 1830.486450 -2.650280 -0.000000 4
data 4156000 1830.251343 2.649971 0.000000 4
data 4157000 1830.010742 -2.649892 -0.000000 4
data 4158000 1829.785645 2.649588 0.000000 4
data 4159000 1829.573730 -2.649494 -0.000000 4
data 4160000 1829.366577 2.649199 0.000000 4
data 4161000 1829.164185 -2.649101 -0.000000 4
data 4162000 1828.960205 2.648808 0.000000 4
data 4163000 1828.783569 -2.648697 -0.000000 4
data 4164000 1828.617554 2.648422 0.000000 4
data 4165000 1828.455811 -2.648304 -0.000000 4
data 4166000 1828.298218 2.648034 0.000000 4
data 4167000 1828.144897 -2.647912 -0.000000 4
data 4168000 1827.981079 2.647639 0.000000 4
data 4169000 1827.835938 -2.647513 -0.000000 4
data 4170000 1827.680298 2.647244 0.000000 4
data 4171000 1827.528687 -2.647122 -0.000000 4
data 4172000 1827.374756 2.646853 0.000000 4
data 4173000 1827.212524 -2.646736 -0.000000 4
data 4174000 1827.004395 2.646442 0.000000 4
data 4175000 1826.790527 -2.646350 -0.000000 4
data 4176000 1826.566772 2.646048 0.000000 4
data 4177000 1826.345703 -2.645960 -0.000000 4
data 4178000 1826.120972 2.645658 0.000000 4
data 4179000 1825.892700 -2.645572 -0.000000 4
data 4180000 1825.667114 2.645270 0.000000 4
data 4181000 1825.444336 -2.645183 -0.000000 4
data 4182000 1825.176270 2.644860 0.000000 4
data 4183000 1824.911499 -2.644793 -0.000000 4
data 4184000 1824.641357 2.644470 0.000000 4
data 4185000 1824.370239 -2.644405 -0.000000 4
data 4186000 1824.089844 2.644078 0.000000 4
data 4187000 1823.814819 -2.644015 -0.000000 4
data 4188000 1823.542969 2.643692 0.000000 4
data 4189000 1823.272217 -2.643627 -0.000000 4
data 4190000 1823.002563 2.643305 0.000000 4
data 4191000 1822.727783 -2.643242 -0.000000 4
data 4192000 1822.447998 2.642915 0.000000 4
data 4193000 1822.173462 -2.642853 -0.000000 4
data 4194000 1821.904175 2.642531 0.000000 4
data 4195000 1821.631958 -2.642467 -0.000000 4
data 4196000 1821.364990 2.642147 0.000000 4
data 4197000 1821.103271 -2.642078 -0.000000 4
data 4198000 1820.859131 2.641769 0.000000 4
data 4199000 1820.607544 -2.641695 -0.000000 4
data 4200000 1820.373535 2.641391 0.000000 4
data 4201000 1820.144409 -2.641307 -0.000000 4
data 4202000 1819.920166 2.641007 0.000000 4
data 4203000 1819.700684 -2.640919 -0.000000 4
data 4204000 1819.489990 2.640626 0.000000 4
data 4205000 1819.290283 -2.640528 -0.000000 4
data 4206000 1819.090820 2.640241 0.000000 4
data 4207000 1818.900146 -2.640139 -0.000000 4
data 4208000 1818.715942 2.639858 0.000000 4
data 4209000 1818.538208 -2.639750 -0.000000 4
data 4210000 1818.364746 2.639476 0.000000 4
data 4211000 1818.195557 -2.639364 -0.000000 4
data 4212000 1818.030518 2.639093 0.000000 4
data 4213000 1817.867554 -2.638978 -0.000000 4
data 4214000 1817.702393 2.638707 0.000000 4
data 4215000 1817.541382 -2.638592 -0.000000 4
data 4216000 1817.382324 2.638324 0.000000 4
data 4217000 1817.221191 -2.638209 -0.000000 4
data 4218000 1817.032959 2.637927 0.000000 4
data 4219000 1816.848999 -2.637823 -0.000000 4
data 4220000 1816.660889 2.637542 0.000000 4
data 4221000 1816.477173 -2.637437 -0.000000 4
data 4222000 1816.295654 2.637159 0.000000 4
data 4223000 1816.116333 -2.637053 -0.000000 4
data 4224000 1815.932983 2.636774 0.000000 4
data 4225000 1815.735229 -2.636676 -0.000000 4
data 4226000 1815.537598 2.636391 0.000000 4
data 4227000 1815.344360 -2.636291 -0.000000 4
data 4228000 1815.143066 2.636004 0.000000 4
data 4229000 1814.939819 -2.635909 -0.000000 4
data 4230000 1814.734863 2.635621 0.000000 4
data 4231000 1814.540527 -2.635522 -0.000000 4
data 4232000 1814.350586 2.635241 0.000000 4
data 4233000 1814.158691 -2.635140 -0.000000 4
data 4234000 1813.971069 2.634861 0.000000 4
data 4235000 1813.779419 -2.634760 -0.000000 4
data 4236000 1813.581665 2.634476 0.000000 4
data 4237000 1813.382080 -2.634380 -0.000000 4
data 4238000 1813.184814 2.634096 0.000000 4
data 4239000 1812.981445 -2.634001 -0.000000 4
data 4240000 1812.772095 2.633712 0.000000 4
data 4241000 1812.563110 -2.633619 -0.000000 4
data 4242000 1812.352417 2.633330 0.000000 4
data 4243000 1812.141968 -2.633238 -0.000000 4
data 4244000 1811.931885 2.632949 0.000000 4
data 4245000 1811.699219 -2.632868 -0.000000 4
data 4246000 1811.467163 2.632568 0.000000 4
data 4247000 1811.241943 -2.632484 -0.000000 4
data 4248000 1811.019165 2.632189 0.000000 4
data 4249000 1810.796875 -2.632104 -0.000000 4
data 4250000 1810.575073 2.631809 0.000000 4
data 4251000 1810.357788 -2.631721 -0.000000 4
data 4252000 1810.145020 2.631431 0.000000 4
data 4253000 1809.924316 -2.631345 -0.000000 4
data 4254000 1809.704102 2.631052 0.000000 4
data 4255000 1809.488403 -2.630964 -0.000000 4
data 4256000 1809.264771 2.630669 0.000000 4
data 4257000 1809.027100 -2.630591 -0.000000 4
data 4258000 1808.773438 2.630282 0.000000 4
data 4259000 1808.518433 -2.630212 -0.000000 4
data 4260000 1808.258057 2.629900 0.000000 4
data 4261000 1807.961182 -2.629850 -0.000000 4
data 4262000 1807.638672 2.629510 0.000000 4
data 4263000 1807.317627 -2.629471 -0.000000 4
data 4264000 1806.969116 2.629118 0.000000 4
data 4265000 1806.618164 -2.629094 -0.000000 4
data 4266000 1806.250366 2.628732 0.000000 4
data 4267000 1805.882568 -2.628715 -0.000000 4
data 4268000 1805.518799 2.628356 0.000000 4
data 4269000 1805.159180 -2.628335 -0.000000 4
data 4270000 1804.803711 2.627980 0.000000 4
data 4271000 1804.427246 -2.627967 -0.000000 4
data 4272000 1804.057129 2.627605 0.000000 4
data 4273000 1803.676758 -2.627594 -0.000000 4
data 4274000 1803.302734 2.627231 0.000000 4
data 4275000 1802.908203 -2.627227 -0.000000 4
data 4276000 1802.516113 2.626855 0.000000 4
data 4277000 1802.128418 -2.626848 -0.000000 4
data 4278000 1801.749390 2.626482 0.000000 4
data 4279000 1801.376831 -2.626468 -0.000000 4
data 4280000 1801.014771 2.626110 0.000000 4
data 4281000 1800.661133 -2.626087 -0.000000 4
data 4282000 1800.313721 2.625737 0.000000 4
data 4283000 1799.980713 -2.625704 -0.000000 4
data 4284000 1799.674438 2.625373 0.000000 4
data 4285000 1799.398926 -2.625314 -0.000000 4
data 4286000 1799.128784 2.625000 0.000000 4
data 4287000 1798.864014 -2.624935 -0.000000 4
data 4288000 1798.604614 2.624626 0.000000 4
data 4289000 1798.350464 -2.624557 -0.000000 4
data 4290000 1798.116089 2.624260 0.000000 4
data 4291000 1797.888794 -2.624178 -0.000000 4
data 4292000 1797.664429 2.623886 0.000000 4
data 4293000 1797.438843 -2.623803 -0.000000 4
data 4294000 1797.218140 2.623513 0.000000 4
data 4295000 1797.008423 -2.623423 -0.000000 4
data 4296000 1796.805664 2.623142 0.000000 4
data 4297000 1796.613770 -2.623044 -0.000000 4
data 4298000 1796.426392 2.622769 0.000000 4
data 4299000 1796.243530 -2.622667 -0.000000 4
data 4300000 1796.065063 2.622396 0.000000 4
data 4301000 1795.891113 -2.622290 -0.000000 4
data 4302000 1795.740112 2.622033 0.000000 4
data 4303000 1795.574463 -2.621923 -0.000000 4
data 4304000 1795.408936 2.621659 0.000000 4
data 4305000 1795.247681 -2.621547 -0.000000 4
data 4306000 1795.090576 2.621287 0.000000 4
data 4307000 1794.933594 -2.621173 -0.000000 4
data 4308000 1794.755737 2.620904 0.000000 4
data 4309000 1794.598877 -2.620790 -0.000000 4
data 4310000 1794.446045 2.620533 0.000000 4
data 4311000 1794.241455 -2.620441 -0.000000 4
data 4312000 1794.041382 2.620162 0.000000 4
data 4313000 1793.833374 -2.620072 -0.000000 4
data 4314000 1793.592773 2.619774 0.000000 4
data 4315000 1793.315674 -2.619716 -0.000000 4
data 4316000 1793.043945 2.619404 0.000000 4
data 4317000 1792.769165 -2.619345 -0.000000 4
data 4318000 1792.485229 2.619027 0.000000 4
data 4319000 1792.161255 -2.618991 -0.000000 4
data 4320000 1791.830688 2.618652 0.000000 4
data 4321000 1791.497681 -2.618620 -0.000000 4
data 4322000 1791.127197 2.618263 0.000000 4
data 4323000 1790.732056 -2.618260 -0.000000 4
data 4324000 1790.339355 2.617892 0.000000 4
data 4325000 1789.951050 -2.617886 -0.000000 4
data 4326000 1789.540405 2.617511 0.000000 4
data 4327000 1789.132568 -2.617513 -0.000000 4
data 4328000 1788.727295 2.617141 0.000000 4
data 4329000 1788.328857 -2.617139 -0.000000 4
data 4330000 1787.920532 2.616765 0.000000 4
data 4331000 1787.519043 -2.616765 -0.000000 4
data 4332000 1787.124390 2.616397 0.000000 4
data 4333000 1786.736572 -2.616391 -0.000000 4
data 4334000 1786.371948 2.616037 0.000000 4
data 4335000 1786.017944 -2.616015 -0.000000 4
data 4336000 1785.674438 2.615672 0.000000 4
data 4337000 1785.343262 -2.615640 -0.000000 4
data 4338000 1785.020386 2.615306 0.000000 4
data 4339000 1784.705688 -2.615266 -0.000000 4
data 4340000 1784.440430 2.614959 0.000000 4
data 4341000 1784.199219 -2.614885 -0.000000 4
data 4342000 1783.973511 2.614596 0.000000 4
data 4343000 1783.755005 -2.614512 -0.000000 4
data 4344000 1783.555908 2.614236 0.000000 4
data 4345000 1783.369873 -2.614136 -0.000000 4
data 4346000 1783.194702 2.613871 0.000000 4
data 4347000 1783.042480 -2.613757 -0.000000 4
data 4348000 1782.875977 2.613496 0.000000 4
data 4349000 1782.732544 -2.613377 -0.000000 4
data 4350000 1782.593262 2.613129 0.000000 4
data 4351000 1782.468384 -2.613002 -0.000000 4
data 4352000 1782.347412 2.612762 0.000000 4
data 4353000 1782.230347 -2.612632 -0.000000 4
data 4354000 1782.112915 2.612394 0.000000 4
data 4355000 1781.999390 -2.612262 -0.000000 4
data 4356000 1781.866699 2.612017 0.000000 4
data 4357000 1781.760864 -2.611881 -0.000000 4
data 4358000 1781.635864 2.611640 0.000000 4
data 4359000 1781.514648 -2.611512 -0.000000 4
data 4360000 1781.384766 2.611268 0.000000 4
data 4361000 1781.258789 -2.611142 -0.000000 4
data 4362000 1781.120117 2.610895 0.000000 4
data 4363000 1780.923340 -2.610801 -0.000000 4
data 4364000 1780.716553 2.610523 0.000000 4
data 4365000 1780.493774 -2.610442 -0.000000 4
data 4366000 1780.257080 2.610150 0.000000 4
data 4367000 1780.010864 -2.610079 -0.000000 4
data 4368000 1779.765625 2.609783 0.000000 4
data 4369000 1779.525269 -2.609710 -0.000000 4
data 4370000 1779.289795 2.609419 0.000000 4
data 4371000 1779.018066 -2.609360 -0.000000 4
data 4372000 1778.722656 2.609042 0.000000 4
data 4373000 1778.428711 -2.608993 -0.000000 4
data 4374000 1778.129883 2.608674 0.000000 4
data 4375000 1777.815918 -2.608634 -0.000000 4
data 4376000 1777.451904 2.608285 0.000000 4
data 4377000 1777.073486 -2.608275 -0.000000 4
data 4378000 1776.697388 2.607920 0.000000 4
data 4379000 1776.315430 -2.607912 -0.000000 4
data 4380000 1775.937744 2.607557 0.000000 4
data 4381000 1775.550171 -2.607551 -0.000000 4
data 4382000 1775.148560 2.607185 0.000000 4
data 4383000 1774.718506 -2.607199 -0.000000 4
data 4384000 1774.287231 2.606820 0.000000 4
data 4385000 1773.852661 -2.606835 -0.000000 4
data 4386000 1773.423218 2.606457 0.000000 4
data 4387000 1773.000977 -2.606467 -0.000000 4
data 4388000 1772.587769 2.606097 0.000000 4
data 4389000 1772.185669 -2.606098 -0.000000 4
data 4390000 1771.790405 2.605735 0.000000 4
data 4391000 1771.397827 -2.605732 -0.000000 4
data 4392000 1771.010010 2.605373 0.000000 4
data 4393000 1770.628906 -2.605365 -0.000000 4
data 4394000 1770.260742 2.605015 0.000000 4
data 4395000 1769.907471 -2.604994 -0.000000 4
data 4396000 1769.552368 2.604651 0.000000 4
data 4397000 1769.203735 -2.604628 -0.000000 4
data 4398000 1768.847046 2.604284 0.000000 4
data 4399000 1768.496826 -2.604261 -0.000000 4
data 4400000 1768.175781 2.603934 0.000000 4
data 4401000 1767.864990 -2.603893 -0.000000 4
data 4402000 1767.572632 2.603579 0.000000 4
data 4403000 1767.304688 -2.603519 -0.000000 4
data 4404000 1767.060913 2.603227 0.000000 4
data 4405000 1766.845215 -2.603144 -0.000000 4
data 4406000 1766.667725 2.602882 0.000000 4
data 4407000 1766.494751 -2.602779 -0.000000 4
data 4408000 1766.349121 2.602532 0.000000 4
data 4409000 1766.213989 -2.602412 -0.000000 4
data 4410000 1766.091309 2.602175 0.000000 4
data 4411000 1765.976807 -2.602046 -0.000000 4
data 4412000 1765.882690 2.601822 0.000000 4
data 4413000 1765.792358 -2.601682 -0.000000 4
data 4414000 1765.709839 2.601464 0.000000 4
data 4415000 1765.636963 -2.601316 -0.000000 4
data 4416000 1765.583984 2.601111 0.000000 4
data 4417000 1765.540527 -2.600950 -0.000000 4
data 4418000 1765.510376 2.600756 0.000000 4
data 4419000 1765.481079 -2.600589 -0.000000 4
data 4420000 1765.446533 2.600393 0.000000 4
data 4421000 1765.414795 -2.600226 -0.000000 4
data 4422000 1765.385986 2.600033 0.000000 4
data 4423000 1765.368286 -2.599860 -0.000000 4
data 4424000 1765.353149 2.599673 0.000000 4
data 4425000 1765.330444 -2.599503 -0.000000 4
data 4426000 1765.297974 2.599308 0.000000 4
data 4427000 1765.239380 -2.599155 -0.000000 4
data 4428000 1765.169312 2.598943 0.000000 4
data 4429000 1765.092041 -2.598798 -0.000000 4
data 4430000 1765.017944 2.598584 0.000000 4
data 4431000 1764.876587 -2.598468 -0.000000 4
data 4432000 1764.724609 2.598220 0.000000 4
data 4433000 1764.572388 -2.598108 -0.000000 4
data 4434000 1764.407593 2.597854 0.000000 4
data 4435000 1764.232422 -2.597754 -0.000000 4
data 4436000 1764.048950 2.597491 0.000000 4
data 4437000 1763.863403 -2.597395 -0.000000 4
data 4438000 1763.682129 2.597134 0.000000 4
data 4439000 1763.505005 -2.597034 -0.000000 4
data 4440000 1763.329956 2.596776 0.000000 4
data 4441000 1763.146606 -2.596679 -0.000000 4
data 4442000 1762.967529 2.596419 0.000000 4
data 4443000 1762.792480 -2.596318 -0.000000 4
data 4444000 1762.621460 2.596062 0.000000 4
data 4445000 1762.483398 -2.595945 -0.000000 4
data 4446000 1762.355225 2.595708 0.000000 4
data 4447000 1762.232788 -2.595584 -0.000000 4
data 4448000 1762.148804 2.595367 0.000000 4
data 4449000 1762.067871 -2.595225 -0.000000 4
data 4450000 1761.990112 2.595011 0.000000 4
data 4451000 1761.915283 -2.594865 -0.000000 4
data 4452000 1761.855713 2.594660 0.000000 4
data 4453000 1761.798950 -2.594506 -0.000000 4
data 4454000 1761.722290 2.594293 0.000000 4
data 4455000 1761.640381 -2.594151 -0.000000 4
data 4456000 1761.540649 2.593928 0.000000 4
data 4457000 1761.435791 -2.593796 -0.000000 4
data 4458000 1761.334229 2.593572 0.000000 4
data 4459000 1761.231689 -2.593440 -0.000000 4
data 4460000 1761.105347 2.593204 0.000000 4
data 4461000 1760.982422 -2.593081 -0.000000 4
data 4462000 1760.862915 2.592849 0.000000 4
data 4463000 1760.711426 -2.592739 -0.000000 4
data 4464000 1760.563721 2.592494 0.000000 4
data 4465000 1760.405151 -2.592387 -0.000000 4
data 4466000 1760.245972 2.592138 0.000000 4
data 4467000 1760.076172 -2.592036 -0.000000 4
data 4468000 1759.848267 2.591756 0.000000 4
data 4469000 1759.604004 -2.591687 -0.000000 4
data 4470000 1759.327271 2.591386 0.000000 4
data 4471000 1759.034790 -2.591338 -0.000000 4
data 4472000 1758.664917 2.590995 0.000000 4
data 4473000 1758.300903 -2.590980 -0.000000 4
data 4474000 1757.916016 2.590631 0.000000 4
data 4475000 1757.532959 -2.590624 -0.000000 4
data 4476000 1757.143677 2.590272 0.000000 4
data 4477000 1756.733887 -2.590278 -0.000000 4
data 4478000 1756.330444 2.589920 0.000000 4
data 4479000 1755.933228 -2.589920 -0.000000 4
data 4480000 1755.523926 2.589560 0.000000 4
data 4481000 1755.114746 -2.589566 -0.000000 4
data 4482000 1754.718262 2.589211 0.000000 4
data 4483000 1754.319946 -2.589212 -0.000000 4
data 4484000 1753.921875 2.588857 0.000000 4
data 4485000 1753.528076 -2.588855 -0.000000 4
data 4486000 1753.140625 2.588506 0.000000 4
data 4487000 1752.759644 -2.588498 -0.000000 4
data 4488000 1752.384888 2.588154 0.000000 4
data 4489000 1752.016357 -2.588142 -0.000000 4
data 4490000 1751.662354 2.587807 0.000000 4
data 4491000 1751.314209 -2.587785 -0.000000 4
data 4492000 1750.996826 2.587467 0.000000 4
data 4493000 1750.697632 -2.587424 -0.000000 4
data 4494000 1750.422363 2.587124 0.000000 4
data 4495000 1750.162720 -2.587063 -0.000000 4
data 4496000 1749.924561 2.586781 0.000000 4
data 4497000 1749.705811 -2.586702 -0.000000 4
data 4498000 1749.491699 2.586430 0.000000 4
data 4499000 1749.288330 -2.586344 -0.000000 4
data 4500000 1749.089600 2.586079 0.000000 4
data 4501000 1748.895264 -2.585989 -0.000000 4
data 4502000 1748.736328 2.585742 0.000000 4
data 4503000 1748.585571 -2.585633 -0.000000 4
data 4504000 1748.438721 2.585392 0.000000 4
data 4505000 1748.295776 -2.585279 -0.000000 4
data 4506000 1748.156738 2.585041 0.000000 4
data 4507000 1748.021484 -2.584925 -0.000000 4
data 4508000 1747.877563 2.584686 0.000000 4
data 4509000 1747.737427 -2.584572 -0.000000 4
data 4510000 1747.601196 2.584336 0.000000 4
data 4511000 1747.452271 -2.584226 -0.000000 4
data 4512000 1747.302979 2.583984 0.000000 4
data 4513000 1747.147339 -2.583877 -0.000000 4
data 4514000 1746.989380 2.583632 0.000000 4
data 4515000 1746.829224 -2.583527 -0.000000 4
data 4516000 1746.658569 2.583276 0.000000 4
data 4517000 1746.477539 -2.583180 -0.000000 4
data 4518000 1746.296509 2.582925 0.000000 4
data 4519000 1746.101196 -2.582836 -0.000000 4
data 4520000 1745.887451 2.582566 0.000000 4
data 4521000 1745.678223 -2.582483 -0.000000 4
data 4522000 1745.473389 2.582217 0.000000 4
data 4523000 1745.268799 -2.582133 -0.000000 4
data 4524000 1745.047974 2.581860 0.000000 4
data 4525000 1744.780273 -2.581803 -0.000000 4
data 4526000 1744.513550 2.581510 0.000000 4
data 4527000 1744.247681 -2.581453 -0.000000 4
data 4528000 1743.958008 2.581150 0.000000 4
data 4529000 1743.659302 -2.581107 -0.000000 4
data 4530000 1743.365845 2.580802 0.000000 4
data 4531000 1743.059204 -2.580763 -0.000000 4
data 4532000 1742.735352 2.580445 0.000000 4
data 4533000 1742.411133 -2.580414 -0.000000 4
data 4534000 1742.092529 2.580098 0.000000 4
data 4535000 1741.769287 -2.580066 -0.000000 4
data 4536000 1741.445557 2.579749 0.000000 4
data 4537000 1741.102905 -2.579726 -0.000000 4
data 4538000 1740.764038 2.579402 0.000000 4
data 4539000 1740.418701 -2.579380 -0.000000 4
data 4540000 1740.075195 2.579054 0.000000 4
data 4541000 1739.737671 -2.579028 -0.000000 4
data 4542000 1739.385498 2.578699 0.000000 4
data 4543000 1739.035278 -2.578679 -0.000000 4
data 4544000 1738.688965 2.578352 0.000000 4
data 4545000 1738.348755 -2.578328 -0.000000 4
data 4546000 1737.998047 2.578000 0.000000 4
data 4547000 1737.649292 -2.577979 -0.000000 4
data 4548000 1737.300415 2.577652 0.000000 4
data 4549000 1736.957642 -2.577629 -0.000000 4
data 4550000 1736.620972 2.577307 0.000000 4
data 4551000 1736.290283 -2.577278 -0.000000 4
data 4552000 1735.965576 2.576962 0.000000 4
data 4553000 1735.646851 -2.576928 -0.000000 4
data 4554000 1735.327637 2.576615 0.000000 4
data 4555000 1735.010132 -2.576580 -0.000000 4
data 4556000 1734.702637 2.576272 0.000000 4
data 4557000 1734.411255 -2.576226 -0.000000 4
data 4558000 1734.125366 2.575927 0.000000 4
data 4559000 1733.844971 -2.575877 -0.000000 4
data 4560000 1733.570190 2.575583 0.000000 4
data 4561000 1733.315186 -2.575522 -0.000000 4
data 4562000 1733.065430 2.575239 0.000000 4
data 4563000 1732.820801 -2.575173 -0.000000 4
data 4564000 1732.587402 2.574898 0.000000 4
data 4565000 1732.365234 -2.574822 -0.000000 4
data 4566000 1732.151978 2.574555 0.000000 4
data 4567000 1731.951782 -2.574470 -0.000000 4
data 4568000 1731.756226 2.574212 0.000000 4
data 4569000 1731.565186 -2.574122 -0.000000 4
data 4570000 1731.378662 2.573868 0.000000 4
data 4571000 1731.198730 -2.573774 -0.000000 4
data 4572000 1731.043701 2.573533 0.000000 4
data 4573000 1730.892822 -2.573426 -0.000000 4
data 4574000 1730.745972 2.573190 0.000000 4
data 4575000 1730.603271 -2.573079 -0.000000 4
data 4576000 1730.435669 2.572834 0.000000 4
data 4577000 1730.270264 -2.572733 -0.000000 4
data 4578000 1730.109131 2.572491 0.000000 4
data 4579000 1729.952026 -2.572387 -0.000000 4
data 4580000 1729.792969 2.572145 0.000000 4
data 4581000 1729.629761 -2.572044 -0.000000 4
data 4582000 1729.462402 2.571799 0.000000 4
data 4583000 1729.299194 -2.571698 -0.000000 4
data 4584000 1729.138062 2.571455 0.000000 4
data 4585000 1728.979004 -2.571352 -0.000000 4
data 4586000 1728.793213 2.571100 0.000000 4
data 4587000 1728.603516 -2.571010 -0.000000 4
data 4588000 1728.397583 2.570749 0.000000 4
data 4589000 1728.181763 -2.570671 -0.000000 4
data 4590000 1727.952148 2.570399 0.000000 4
data 4591000 1727.727173 -2.570325 -0.000000 4
data 4592000 1727.480225 2.570046 0.000000 4
data 4593000 1727.221802 -2.569986 -0.000000 4
data 4594000 1726.943848 2.569694 0.000000 4
data 4595000 1726.664917 -2.569643 -0.000000 4
data 4596000 1726.389282 2.569352 0.000000 4
data 4597000 1726.112671 -2.569301 -0.000000 4
data 4598000 1725.841431 2.569011 0.000000 4
data 4599000 1725.567139 -2.568959 -0.000000 4
data 4600000 1725.296143 2.568670 0.000000 4
data 4601000 1725.015991 -2.568621 -0.000000 4
data 4602000 1724.718506 2.568320 0.000000 4
data 4603000 1724.395752 -2.568289 -0.000000 4
data 4604000 1724.072632 2.567978 0.000000 4
data 4605000 1723.747070 -2.567948 -0.000000 4
data 4606000 1723.425171 2.567637 0.000000 4
data 4607000 1723.070068 -2.567620 -0.000000 4
data 4608000 1722.721191 2.567298 0.000000 4
data 4609000 1722.366089 -2.567281 -0.000000 4
data 4610000 1722.004761 2.566953 0.000000 4
data 4611000 1721.629272 -2.566945 -0.000000 4
data 4612000 1721.260254 2.566615 0.000000 4
data 4613000 1720.897461 -2.566601 -0.000000 4
data 4614000 1720.541138 2.566276 0.000000 4
data 4615000 1720.191040 -2.566257 -0.000000 4
data 4616000 1719.847046 2.565938 0.000000 4
data 4617000 1719.509155 -2.565913 -0.000000 4
data 4618000 1719.177368 2.565599 0.000000 4
data 4619000 1718.859863 -2.565566 -0.000000 4
data 4620000 1718.566650 2.565269 0.000000 4
data 4621000 1718.287354 -2.565219 -0.000000 4
data 4622000 1718.017700 2.564932 0.000000 4
data 4623000 1717.757568 -2.564875 -0.000000 4
data 4624000 1717.527344 2.564605 0.000000 4
data 4625000 1717.316528 -2.564526 -0.000000 4
data 4626000 1717.114624 2.564269 0.000000 4
data 4627000 1716.919556 -2.564183 -0.000000 4
data 4628000 1716.729004 2.563930 0.000000 4
data 4629000 1716.542969 -2.563841 -0.000000 4
data 4630000 1716.371826 2.563597 0.000000 4
data 4631000 1716.207031 -2.563498 -0.000000 4
data 4632000 1716.046509 2.563259 0.000000 4
data 4633000 1715.898438 -2.563153 -0.000000 4
data 4634000 1715.764771 2.562926 0.000000 4
data 4635000 1715.635010 -2.562812 -0.000000 4
data 4636000 1715.505127 2.562587 0.000000 4
data 4637000 1715.379028 -2.562471 -0.000000 4
data 4638000 1715.256714 2.562249 0.000000 4
data 4639000 1715.138184 -2.562131 -0.000000 4
data 4640000 1715.000732 2.561902 0.000000 4
data 4641000 1714.867188 -2.561790 -0.000000 4
data 4642000 1714.727173 2.561561 0.000000 4
data 4643000 1714.591187 -2.561450 -0.000000 4
data 4644000 1714.456909 2.561223 0.000000 4
data 4645000 1714.318237 -2.561113 -0.000000 4
data 4646000 1714.183350 2.560886 0.000000 4
data 4647000 1714.031738 -2.560782 -0.000000 4
data 4648000 1713.877930 2.560547 0.000000 4
data 4649000 1713.697388 -2.560456 -0.000000 4
data 4650000 1713.516846 2.560209 0.000000 4
data 4651000 1713.340698 -2.560116 -0.000000 4
data 4652000 1713.168701 2.559873 0.000000 4
data 4653000 1713.000854 -2.559777 -0.000000 4
data 4654000 1712.814575 2.559528 0.000000 4
data 4655000 1712.618164 -2.559443 -0.000000 4
data 4656000 1712.391235 2.559177 0.000000 4
data 4657000 1712.121826 -2.559124 -0.000000 4
data 4658000 1711.847168 2.558838 0.000000 4
data 4659000 1711.546997 -2.558798 -0.000000 4
data 4660000 1711.227661 2.558492 0.000000 4
data 4661000 1710.866821 -2.558479 -0.000000 4
data 4662000 1710.483398 2.558146 0.000000 4
data 4663000 1710.104248 -2.558140 -0.000000 4
data 4664000 1709.704834 2.557801 0.000000 4
data 4665000 1709.266846 -2.557820 -0.000000 4
data 4666000 1708.833862 2.557467 0.000000 4
data 4667000 1708.391357 -2.557488 -0.000000 4
data 4668000 1707.955811 2.557133 0.000000 4
data 4669000 1707.527344 -2.557149 -0.000000 4
data 4670000 1707.105957 2.556800 0.000000 4
data 4671000 1706.668945 -2.556819 -0.000000 4
data 4672000 1706.236938 2.556467 0.000000 4
data 4673000 1705.809814 -2.556482 -0.000000 4
data 4674000 1705.389771 2.556134 0.000000 4
data 4675000 1704.976685 -2.556143 -0.000000 4
data 4676000 1704.572510 2.555802 0.000000 4
data 4677000 1704.175171 -2.555804 -0.000000 4
data 4678000 1703.805054 2.555479 0.000000 4
data 4679000 1703.441528 -2.555466 -0.000000 4
data 4680000 1703.084351 2.555146 0.000000 4
data 4681000 1702.795166 -2.555102 -0.000000 4
data 4682000 1702.511597 2.554814 0.000000 4
data 4683000 1702.237793 -2.554763 -0.000000 4
data 4684000 1701.973633 2.554483 0.000000 4
data 4685000 1701.716919 -2.554425 -0.000000 4
data 4686000 1701.465576 2.554151 0.000000 4
data 4687000 1701.221680 -2.554088 -0.000000 4
data 4688000 1701.040405 2.553843 0.000000 4
data 4689000 1700.888306 -2.553741 -0.000000 4
data 4690000 1700.746704 2.553514 0.000000 4
data 4691000 1700.611206 -2.553404 -0.000000 4
data 4692000 1700.479858 2.553181 0.000000 4
data 4693000 1700.352539 -2.553069 -0.000000 4
data 4694000 1700.229126 2.552849 0.000000 4
data 4695000 1700.101318 -2.552737 -0.000000 4
data 4696000 1699.963135 2.552511 0.000000 4
data 4697000 1699.824829 -2.552403 -0.000000 4
data 4698000 1699.690552 2.552180 0.000000 4
data 4699000 1699.552002 -2.552072 -0.000000 4
data 4700000 1699.417480 2.551848 0.000000 4
data 4701000 1699.286865 -2.551737 -0.000000 4
data 4702000 1699.156006 2.551515 0.000000 4
data 4703000 1699.026978 -2.551403 -0.000000 4
data 4704000 1698.897827 2.551182 0.000000 4
data 4705000 1698.772461 -2.551069 -0.000000 4
data 4706000 1698.607788 2.550833 0.000000 4
data 4707000 1698.439209 -2.550738 -0.000000 4
data 4708000 1698.272705 2.550501 0.000000 4
data 4709000 1698.100098 -2.550408 -0.000000 4
data 4710000 1697.931763 2.550170 0.000000 4
data 4711000 1697.761475 -2.550077 -0.000000 4
data 4712000 1697.574951 2.549831 0.000000 4
data 4713000 1697.378418 -2.549749 -0.000000 4
data 4714000 1697.180176 2.549499 0.000000 4
data 4715000 1696.963867 -2.549425 -0.000000 4
data 4716000 1696.752197 2.549169 0.000000 4
data 4717000 1696.545166 -2.549091 -0.000000 4
data 4718000 1696.334473 2.548836 0.000000 4
data 4719000 1696.107910 -2.548766 -0.000000 4
data 4720000 1695.886108 2.548506 0.000000 4
data 4721000 1695.664917 -2.548434 -0.000000 4
data 4722000 1695.405396 2.548159 0.000000 4
data 4723000 1695.126465 -2.548112 -0.000000 4
data 4724000 1694.819946 2.547816 0.000000 4
data 4725000 1694.512939 -2.547781 -0.000000 4
data 4726000 1694.211548 2.547488 0.000000 4
data 4727000 1693.909546 -2.547450 -0.000000 4
data 4728000 1693.606934 2.547157 0.000000 4
data 4729000 1693.309937 -2.547117 -0.000000 4
data 4730000 1693.018433 2.546829 0.000000 4
data 4731000 1692.732422 -2.546785 -0.000000 4
data 4732000 1692.455933 2.546503 0.000000 4
data 4733000 1692.184692 -2.546452 -0.000000 4
data 4734000 1691.941284 2.546184 0.000000 4
data 4735000 1691.706909 -2.546118 -0.000000 4
data 4736000 1691.483643 2.545859 0.000000 4
data 4737000 1691.265137 -2.545786 -0.000000 4
data 4738000 1691.059570 2.545535 0.000000 4
data 4739000 1690.850342 -2.545458 -0.000000 4
data 4740000 1690.645752 2.545207 0.000000 4
data 4741000 1690.460083 -2.545121 -0.000000 4
data 4742000 1690.278809 2.544880 0.000000 4
data 4743000 1690.101929 -2.544790 -0.000000 4
data 4744000 1689.914917 2.544546 0.000000 4
data 4745000 1689.711670 -2.544467 -0.000000 4
data 4746000 1689.504761 2.544215 0.000000 4
data 4747000 1689.294312 -2.544140 -0.000000 4
data 4748000 1689.088501 2.543889 0.000000 4
data 4749000 1688.885254 -2.543810 -0.000000 4
data 4750000 1688.686523 2.543562 0.000000 4
data 4751000 1688.467651 -2.543490 -0.000000 4
data 4752000 1688.253418 2.543235 0.000000 4
data 4753000 1688.043823 -2.543159 -0.000000 4
data 4754000 1687.838745 2.542909 0.000000 4
data 4755000 1687.621826 -2.542836 -0.000000 4
data 4756000 1687.401367 2.542579 0.000000 4
data 4757000 1687.185669 -2.542506 -0.000000 4
data 4758000 1686.966309 2.542250 0.000000 4
data 4759000 1686.737427 -2.542182 -0.000000 4
data 4760000 1686.511230 2.541923 0.000000 4
data 4761000 1686.287720 -2.541853 -0.000000 4
data 4762000 1686.064819 2.541596 0.000000 4
data 4763000 1685.823975 -2.541533 -0.000000 4
data 4764000 1685.573730 2.541265 0.000000 4
data 4765000 1685.326416 -2.541205 -0.000000 4
data 4766000 1685.083984 2.540940 0.000000 4
data 4767000 1684.836426 -2.540880 -0.000000 4
data 4768000 1684.589722 2.540613 0.000000 4
data 4769000 1684.335571 -2.540556 -0.000000 4
data 4770000 1684.076294 2.540284 0.000000 4
data 4771000 1683.820068 -2.540228 -0.000000 4
data 4772000 1683.562744 2.539957 0.000000 4
data 4773000 1683.287964 -2.539909 -0.000000 4
data 4774000 1682.983643 2.539618 0.000000 4
data 4775000 1682.680786 -2.539582 -0.000000 4
data 4776000 1682.379395 2.539292 0.000000 4
data 4777000 1682.054932 -2.539265 -0.000000 4
data 4778000 1681.736206 2.538969 0.000000 4
data 4779000 1681.413086 -2.538941 -0.000000 4
data 4780000 1681.095825 2.538645 0.000000 4
data 4781000 1680.780151 -2.538614 -0.000000 4
data 4782000 1680.470215 2.538321 0.000000 4
data 4783000 1680.163940 -2.538287 -0.000000 4
data 4784000 1679.846802 2.537992 0.000000 4
data 4785000 1679.502808 -2.537972 -0.000000 4
data 4786000 1679.148560 2.537662 0.000000 4
data 4787000 1678.794312 -2.537647 -0.000000 4
data 4788000 1678.442139 2.537338 0.000000 4
data 4789000 1678.094116 -2.537320 -0.000000 4
data 4790000 1677.750244 2.537014 0.000000 4
data 4791000 1677.392090 -2.537001 -0.000000 4
data 4792000 1677.034058 2.536689 0.000000 4
data 4793000 1676.674194 -2.536677 -0.000000 4
data 4794000 1676.316528 2.536366 0.000000 4
data 4795000 1675.965088 -2.536350 -0.000000 4
data 4796000 1675.619873 2.536044 0.000000 4
data 4797000 1675.278809 -2.536024 -0.000000 4
data 4798000 1674.943970 2.535722 0.000000 4
data 4799000 1674.602905 -2.535702 -0.000000 4
data 4800000 1674.267944 2.535400 0.000000 4
data 4801000 1673.924927 -2.535381 -0.000000 4
data 4802000 1673.582031 2.535076 0.000000 4
data 4803000 1673.245239 -2.535055 -0.000000 4
data 4804000 1672.904419 2.534751 0.000000 4
data 4805000 1672.563721 -2.534731 -0.000000 4
data 4806000 1672.227173 2.534429 0.000000 4
data 4807000 1671.896851 -2.534405 -0.000000 4
data 4808000 1671.570679 2.534107 0.000000 4
data 4809000 1671.250488 -2.534079 -0.000000 4
data 4810000 1670.922119 2.533780 0.000000 4
data 4811000 1670.589600 -2.533757 -0.000000 4
data 4812000 1670.263184 2.533460 0.000000 4
data 4813000 1669.942993 -2.533432 -0.000000 4
data 4814000 1669.628906 2.533139 0.000000 4
data 4815000 1669.316650 -2.533108 -0.000000 4
data 4816000 1669.010376 2.532819 0.000000 4
data 4817000 1668.709961 -2.532783 -0.000000 4
data 4818000 1668.419556 2.532501 0.000000 4
data 4819000 1668.139038 -2.532456 -0.000000 4
data 4820000 1667.890747 2.532192 0.000000 4
data 4821000 1667.649780 -2.532130 -0.000000 4
data 4822000 1667.418213 2.531873 0.000000 4
data 4823000 1667.244873 -2.531784 -0.000000 4
data 4824000 1667.084229 2.531557 0.000000 4
data 4825000 1666.942383 -2.531454 -0.000000 4
data 4826000 1666.804688 2.531236 0.000000 4
data 4827000 1666.679321 -2.531127 -0.000000 4
data 4828000 1666.562012 2.530918 0.000000 4
data 4829000 1666.460938 -2.530799 -0.000000 4
data 4830000 1666.363647 2.530598 0.000000 4
data 4831000 1666.270020 -2.530476 -0.000000 4
data 4832000 1666.180054 2.530278 0.000000 4
data 4833000 1666.081299 -2.530158 -0.000000 4
data 4834000 1665.975952 2.529954 0.000000 4
data 4835000 1665.870117 -2.529837 -0.000000 4
data 4836000 1665.763794 2.529633 0.000000 4
data 4837000 1665.651001 -2.529519 -0.000000 4
data 4838000 1665.523560 2.529306 0.000000 4
data 4839000 1665.400024 -2.529197 -0.000000 4
data 4840000 1665.274048 2.528984 0.000000 4
data 4841000 1665.127441 -2.528885 -0.000000 4
data 4842000 1664.976685 2.528662 0.000000 4
data 4843000 1664.789062 -2.528579 -0.000000 4
data 4844000 1664.595581 2.528339 0.000000 4
data 4845000 1664.404541 -2.528258 -0.000000 4
data 4846000 1664.205811 2.528016 0.000000 4
data 4847000 1663.995117 -2.527943 -0.000000 4
data 4848000 1663.776978 2.527693 0.000000 4
data 4849000 1663.559326 -2.527623 -0.000000 4
data 4850000 1663.340210 2.527373 0.000000 4
data 4851000 1663.068726 -2.527325 -0.000000 4
data 4852000 1662.765747 2.527040 0.000000 4
data 4853000 1662.462280 -2.527005 -0.000000 4
data 4854000 1662.158325 2.526720 0.000000 4
data 4855000 1661.843628 -2.526690 -0.000000 4
data 4856000 1661.530518 2.526402 0.000000 4
data 4857000 1661.213013 -2.526373 -0.000000 4
data 4858000 1660.901245 2.526085 0.000000 4
data 4859000 1660.595215 -2.526052 -0.000000 4
data 4860000 1660.284668 2.525764 0.000000 4
data 4861000 1659.975708 -2.525732 -0.000000 4
data 4862000 1659.650024 2.525439 0.000000 4
data 4863000 1659.324097 -2.525413 -0.000000 4
data 4864000 1659.004028 2.525122 0.000000 4
data 4865000 1658.689819 -2.525092 -0.000000 4
data 4866000 1658.381470 2.524806 0.000000 4
data 4867000 1658.078857 -2.524771 -0.000000 4
data 4868000 1657.781860 2.524490 0.000000 4
data 4869000 1657.496582 -2.524448 -0.000000 4
data 4870000 1657.223022 2.524177 0.000000 4
data 4871000 1656.958984 -2.524127 -0.000000 4
data 4872000 1656.716553 2.523868 0.000000 4
data 4873000 1656.462891 -2.523813 -0.000000 4
data 4874000 1656.214355 2.523552 0.000000 4
data 4875000 1655.977173 -2.523491 -0.000000 4
data 4876000 1655.738892 2.523234 0.000000 4
data 4877000 1655.505615 -2.523171 -0.000000 4
data 4878000 1655.283325 2.522922 0.000000 4
data 4879000 1655.066040 -2.522852 -0.000000 4
data 4880000 1654.853516 2.522606 0.000000 4
data 4881000 1654.645752 -2.522533 -0.000000 4
data 4882000 1654.450928 2.522295 0.000000 4
data 4883000 1654.260498 -2.522214 -0.000000 4
data 4884000 1654.074585 2.521979 0.000000 4
data 4885000 1653.893188 -2.521895 -0.000000 4
data 4886000 1653.716187 2.521664 0.000000 4
data 4887000 1653.539551 -2.521579 -0.000000 4
data 4888000 1653.354980 2.521345 0.000000 4
data 4889000 1653.162598 -2.521265 -0.000000 4
data 4890000 1652.952271 2.521021 0.000000 4
data 4891000 1652.732300 -2.520953 -0.000000 4
data 4892000 1652.504883 2.520702 0.000000 4
data 4893000 1652.266113 -2.520641 -0.000000 4
data 4894000 1652.030151 2.520387 0.000000 4
data 4895000 1651.772705 -2.520334 -0.000000 4
data 4896000 1651.485596 2.520059 0.000000 4
data 4897000 1651.197998 -2.520018 -0.000000 4
data 4898000 1650.903564 2.519740 0.000000 4
data 4899000 1650.612671 -2.519701 -0.000000 4
data 4900000 1650.315063 2.519422 0.000000 4
data 4901000 1650.019043 -2.519385 -0.000000 4
data 4902000 1649.651001 2.519077 0.000000 4
data 4903000 1649.281250 -2.519070 -0.000000 4
data 4904000 1648.913818 2.518763 0.000000 4
data 4905000 1648.552734 -2.518753 -0.000000 4
data 4906000 1648.197876 2.518450 0.000000 4
data 4907000 1647.851440 -2.518434 -0.000000 4
data 4908000 1647.511108 2.518138 0.000000 4
data 4909000 1647.176880 -2.518117 -0.000000 4
data 4910000 1646.858887 2.517830 0.000000 4
data 4911000 1646.554932 -2.517797 -0.000000 4
data 4912000 1646.297485 2.517534 0.000000 4
data 4913000 1646.051392 -2.517478 -0.000000 4
data 4914000 1645.826782 2.517229 0.000000 4
data 4915000 1645.615356 -2.517158 -0.000000 4
data 4916000 1645.410767 2.516917 0.000000 4
data 4917000 1645.218994 -2.516838 -0.000000 4
data 4918000 1645.050171 2.516613 0.000000 4
data 4919000 1644.893921 -2.516519 -0.000000 4
data 4920000 1644.745850 2.516302 0.000000 4
data 4921000 1644.632568 -2.516191 -0.000000 4
data 4922000 1644.543335 2.515998 0.000000 4
data 4923000 1644.461670 -2.515875 -0.000000 4
data 4924000 1644.391479 2.515689 0.000000 4
data 4925000 1644.324463 -2.515560 -0.000000 4
data 4926000 1644.260742 2.515377 0.000000 4
data 4927000 1644.192017 -2.515249 -0.000000 4
data 4928000 1644.126343 2.515065 0.000000 4
data 4929000 1644.072021 -2.514931 -0.000000 4
data 4930000 1644.020630 2.514754 0.000000 4
data 4931000 1643.962036 -2.514621 -0.000000 4
data 4932000 1643.902222 2.514440 0.000000 4
data 4933000 1643.829224 -2.514313 -0.000000 4
data 4934000 1643.753052 2.514126 0.000000 4
data 4935000 1643.678101 -2.514000 -0.000000 4
data 4936000 1643.602051 2.513813 0.000000 4
data 4937000 1643.533203 -2.513685 -0.000000 4
data 4938000 1643.448975 2.513494 0.000000 4
data 4939000 1643.345581 -2.513380 -0.000000 4
data 4940000 1643.245483 2.513184 0.000000 4
data 4941000 1643.138428 -2.513071 -0.000000 4
data 4942000 1643.030762 2.512871 0.000000 4
data 4943000 1642.895752 -2.512770 -0.000000 4
data 4944000 1642.727661 2.512546 0.000000 4
data 4945000 1642.516724 -2.512475 -0.000000 4
data 4946000 1642.291748 2.512229 0.000000 4
data 4947000 1642.050903 -2.512170 -0.000000 4
data 4948000 1641.788330 2.511909 0.000000 4
data 4949000 1641.526611 -2.511858 -0.000000 4
data 4950000 1641.257568 2.511594 0.000000 4
data 4951000 1640.989502 -2.511547 -0.000000 4
data 4952000 1640.726318 2.511285 0.000000 4
data 4953000 1640.463989 -2.511235 -0.000000 4
data 4954000 1640.190430 2.510969 0.000000 4
data 4955000 1639.921875 -2.510922 -0.000000 4
data 4956000 1639.658447 2.510660 0.000000 4
data 4957000 1639.381592 -2.510617 -0.000000 4
data 4958000 1639.093506 2.510345 0.000000 4
data 4959000 1638.806641 -2.510306 -0.000000 4
data 4960000 1638.522949 2.510036 0.000000 4
data 4961000 1638.244385 -2.509993 -0.000000 4
data 4962000 1637.968872 2.509727 0.000000 4
data 4963000 1637.688354 -2.509685 -0.000000 4
data 4964000 1637.404907 2.509415 0.000000 4
data 4965000 1637.126709 -2.509372 -0.000000 4
data 4966000 1636.861816 2.509111 0.000000 4
data 4967000 1636.601929 -2.509060 -0.000000 4
data 4968000 1636.357178 2.508807 0.000000 4
data 4969000 1636.119385 -2.508748 -0.000000 4
data 4970000 1635.886353 2.508499 0.000000 4
data 4971000 1635.662109 -2.508435 -0.000000 4
data 4972000 1635.444458 2.508192 0.000000 4
data 4973000 1635.231445 -2.508123 -0.000000 4
data 4974000 1635.031006 2.507888 0.000000 4
data 4975000 1634.826782 -2.507815 -0.000000 4
data 4976000 1634.631226 2.507582 0.000000 4
data 4977000 1634.439941 -2.507504 -0.000000 4
data 4978000 1634.253052 2.507275 0.000000 4
data 4979000 1634.070312 -2.507194 -0.000000 4
data 4980000 1633.883545 2.506964 0.000000 4
data 4981000 1633.688843 -2.506888 -0.000000 4
data 4982000 1633.498413 2.506657 0.000000 4
data 4983000 1633.312256 -2.506577 -0.000000 4
data 4984000 1633.130249 2.506350 0.000000 4
data 4985000 1632.952393 -2.506267 -0.000000 4
data 4986000 1632.788818 2.506047 0.000000 4
data 4987000 1632.629150 -2.505957 -0.000000 4
data 4988000 1632.473389 2.505741 0.000000 4
data 4989000 1632.329712 -2.505644 -0.000000 4
data 4990000 1632.189697 2.505434 0.000000 4
data 4991000 1632.045288 -2.505338 -0.000000 4
data 4992000 1631.894409 2.505124 0.000000 4
data 4993000 1631.757446 -2.505024 -0.000000 4
data 4994000 1631.587524 2.504802 0.000000 4
data 4995000 1631.421509 -2.504715 -0.000000 4
data 4996000 1631.241089 2.504489 0.000000 4
data 4997000 1631.064819 -2.504406 -0.000000 4
data 4998000 1630.892456 2.504183 0.000000 4
data 4999000 1630.724121 -2.504097 -0.000000 4
data 5000000 1630.559692 2.503877 0.000000 4
data 5001000 1630.399170 -2.503788 -0.000000 4
data 5002000 1630.240356 2.503571 0.000000 4
data 5003000 1630.067139 -2.503487 -0.000000 4
data 5004000 1629.897827 2.503266 0.000000 4
data 5005000 1629.714233 -2.503186 -0.000000 4
data 5006000 1629.522461 2.502955 0.000000 4
data 5007000 1629.330566 -2.502879 -0.000000 4
data 5008000 1629.142944 2.502650 0.000000 4
data 5009000 1628.945190 -2.502576 -0.000000 4
data 5010000 1628.751587 2.502346 0.000000 4
data 5011000 1628.557983 -2.502270 -0.000000 4
data 5012000 1628.332031 2.502027 0.000000 4
data 5013000 1628.094116 -2.501968 -0.000000 4
data 5014000 1627.850708 2.501718 0.000000 4
data 5015000 1627.597778 -2.501666 -0.000000 4
data 5016000 1627.347534 2.501413 0.000000 4
data 5017000 1627.073608 -2.501369 -0.000000 4
data 5018000 1626.786377 2.501102 0.000000 4
data 5019000 1626.502197 -2.501062 -0.000000 4
data 5020000 1626.206909 2.500792 0.000000 4
data 5021000 1625.908691 -2.500758 -0.000000 4
data 5022000 1625.613770 2.500488 0.000000 4
data 5023000 1625.315918 -2.500453 -0.000000 4
data 5024000 1625.019287 2.500183 0.000000 4
data 5025000 1624.721924 -2.500149 -0.000000 4
data 5026000 1624.417603 2.499875 0.000000 4
data 5027000 1624.076172 -2.499858 -0.000000 4
data 5028000 1623.738281 2.499571 0.000000 4
data 5029000 1623.385864 -2.499559 -0.000000 4
data 5030000 1623.015015 2.499259 0.000000 4
data 5031000 1622.646240 -2.499253 -0.000000 4
data 5032000 1622.275391 2.498953 0.000000 4
data 5033000 1621.890503 -2.498954 -0.000000 4
data 5034000 1621.505859 2.498649 0.000000 4
data 5035000 1621.094971 -2.498660 -0.000000 4
data 5036000 1620.676514 2.498341 0.000000 4
data 5037000 1620.224121 -2.498369 -0.000000 4
data 5038000 1619.774780 2.498038 0.000000 4
data 5039000 1619.322388 -2.498066 -0.000000 4
data 5040000 1618.871094 2.497735 0.000000 4
data 5041000 1618.420776 -2.497761 -0.000000 4
data 5042000 1617.975586 2.497433 0.000000 4
data 5043000 1617.517212 -2.497463 -0.000000 4
data 5044000 1617.066040 2.497132 0.000000 4
data 5045000 1616.614014 -2.497159 -0.000000 4
data 5046000 1616.169312 2.496831 0.000000 4
data 5047000 1615.739868 -2.496850 -0.000000 4
data 5048000 1615.317505 2.496531 0.000000 4
data 5049000 1614.902100 -2.496543 -0.000000 4
data 5050000 1614.497803 2.496232 0.000000 4
data 5051000 1614.108521 -2.496234 -0.000000 4
data 5052000 1613.754272 2.495942 0.000000 4
data 5053000 1613.444946 -2.495913 -0.000000 4
data 5054000 1613.163940 2.495651 0.000000 4
data 5055000 1612.914795 -2.495598 -0.000000 4
data 5056000 1612.709717 2.495365 0.000000 4
data 5057000 1612.525635 -2.495286 -0.000000 4
data 5058000 1612.366455 2.495072 0.000000 4
data 5059000 1612.225830 -2.494977 -0.000000 4
data 5060000 1612.089355 2.494771 0.000000 4
data 5061000 1611.958984 -2.494672 -0.000000 4
data 5062000 1611.887573 2.494492 0.000000 4
data 5063000 1611.825562 -2.494365 -0.000000 4
data 5064000 1611.776855 2.494195 0.000000 4
data 5065000 1611.731323 -2.494062 -0.000000 4
data 5066000 1611.688843 2.493894 0.000000 4
data 5067000 1611.633057 -2.493765 -0.000000 4
data 5068000 1611.576294 2.493592 0.000000 4
data 5069000 1611.522705 -2.493462 -0.000000 4
data 5070000 1611.462036 2.493287 0.000000 4
data 5071000 1611.390137 -2.493165 -0.000000 4
data 5072000 1611.317505 2.492985 0.000000 4
data 5073000 1611.241943 -2.492865 -0.000000 4
data 5074000 1611.128906 2.492669 0.000000 4
data 5075000 1610.994995 -2.492571 -0.000000 4
data 5076000 1610.850586 2.492364 0.000000 4
data 5077000 1610.695923 -2.492274 -0.000000 4
data 5078000 1610.526978 2.492057 0.000000 4
data 5079000 1610.358032 -2.491973 -0.000000 4
data 5080000 1610.136353 2.491735 0.000000 4
data 5081000 1609.896973 -2.491679 -0.000000 4
data 5082000 1609.634033 2.491425 0.000000 4
data 5083000 1609.368042 -2.491379 -0.000000 4
data 5084000 1609.098999 2.491123 0.000000 4
data 5085000 1608.824951 -2.491081 -0.000000 4
data 5086000 1608.511475 2.490807 0.000000 4
data 5087000 1608.165161 -2.490793 -0.000000 4
data 5088000 1607.810547 2.490504 0.000000 4
data 5089000 1607.433716 -2.490502 -0.000000 4
data 5090000 1607.028687 2.490192 0.000000 4
data 5091000 1606.605835 -2.490208 -0.000000 4
data 5092000 1606.126953 2.489870 0.000000 4
data 5093000 1605.645386 -2.489909 -0.000000 4
data 5094000 1605.146973 2.489564 0.000000 4
data 5095000 1604.656250 -2.489607 -0.000000 4
data 5096000 1604.171143 2.489266 0.000000 4
data 5097000 1603.681396 -2.489309 -0.000000 4
data 5098000 1603.211548 2.488975 0.000000 4
data 5099000 1602.751099 -2.489005 -0.000000 4
data 5100000 1602.298096 2.488678 0.000000 4
data 5101000 1601.856567 -2.488701 -0.000000 4
data 5102000 1601.454590 2.488394 0.000000 4
data 5103000 1601.069580 -2.488395 -0.000000 4
data 5104000 1600.758179 2.488124 0.000000 4
data 5105000 1600.454712 -2.488093 -0.000000 4
data 5106000 1600.157104 2.487827 0.000000 4
data 5107000 1599.934326 -2.487765 -0.000000 4
data 5108000 1599.742798 2.487541 0.000000 4
data 5109000 1599.576416 -2.487457 -0.000000 4
data 5110000 1599.420410 2.487246 0.000000 4
data 5111000 1599.281006 -2.487151 -0.000000 4
data 5112000 1599.153809 2.486952 0.000000 4
data 5113000 1599.030640 -2.486851 -0.000000 4
data 5114000 1598.913330 2.486656 0.000000 4
data 5115000 1598.800049 -2.486551 -0.000000 4
data 5116000 1598.706787 2.486366 0.000000 4
data 5117000 1598.617065 -2.486252 -0.000000 4
data 5118000 1598.530884 2.486069 0.000000 4
data 5119000 1598.448120 -2.485952 -0.000000 4
data 5120000 1598.368774 2.485773 0.000000 4
data 5121000 1598.292847 -2.485653 -0.000000 4
data 5122000 1598.220093 2.485476 0.000000 4
data 5123000 1598.138550 -2.485359 -0.000000 4
data 5124000 1598.060303 2.485180 0.000000 4
data 5125000 1597.983276 -2.485061 -0.000000 4
data 5126000 1597.881104 2.484872 0.000000 4
data 5127000 1597.782471 -2.484762 -0.000000 4
data 5128000 1597.687256 2.484576 0.000000 4
data 5129000 1597.587402 -2.484467 -0.000000 4
data 5130000 1597.490845 2.484281 0.000000 4
data 5131000 1597.391724 -2.484171 -0.000000 4
data 5132000 1597.253296 2.483968 0.000000 4
data 5133000 1597.118652 -2.483872 -0.000000 4
data 5134000 1596.985718 2.483672 0.000000 4
data 5135000 1596.840210 -2.483580 -0.000000 4
data 5136000 1596.698608 2.483377 0.000000 4
data 5137000 1596.558716 -2.483283 -0.000000 4
data 5138000 1596.420654 2.483081 0.000000 4
data 5139000 1596.276123 -2.482989 -0.000000 4
data 5140000 1596.114990 2.482778 0.000000 4
data 5141000 1595.951782 -2.482693 -0.000000 4
data 5142000 1595.780273 2.482479 0.000000 4
data 5143000 1595.608887 -2.482397 -0.000000 4
data 5144000 1595.437500 2.482183 0.000000 4
data 5145000 1595.217407 -2.482120 -0.000000 4
data 5146000 1594.930908 2.481861 0.000000 4
data 5147000 1594.643677 -2.481824 -0.000000 4
data 5148000 1594.339233 2.481558 0.000000 4
data 5149000 1594.011841 -2.481538 -0.000000 4
data 5150000 1593.682129 2.481262 0.000000 4
data 5151000 1593.301392 -2.481262 -0.000000 4
data 5152000 1592.922852 2.480967 0.000000 4
data 5153000 1592.501953 -2.480983 -0.000000 4
data 5154000 1592.065552 2.480666 0.000000 4
data 5155000 1591.625854 -2.480689 -0.000000 4
data 5156000 1591.192993 2.480373 0.000000 4
data 5157000 1590.752930 -2.480397 -0.000000 4
data 5158000 1590.311646 2.480078 0.000000 4
data 5159000 1589.877441 -2.480099 -0.000000 4
data 5160000 1589.436035 2.479780 0.000000 4
data 5161000 1589.001709 -2.479801 -0.000000 4
data 5162000 1588.560181 2.479483 0.000000 4
data 5163000 1588.125732 -2.479504 -0.000000 4
data 5164000 1587.726685 2.479202 0.000000 4
data 5165000 1587.352539 -2.479199 -0.000000 4
data 5166000 1586.996948 2.478914 0.000000 4
data 5167000 1586.651733 -2.478901 -0.000000 4
data 5168000 1586.353149 2.478638 0.000000 4
data 5169000 1586.064331 -2.478603 -0.000000 4
data 5170000 1585.785034 2.478348 0.000000 4
data 5171000 1585.527588 -2.478300 -0.000000 4
data 5172000 1585.291504 2.478062 0.000000 4
data 5173000 1585.076660 -2.477998 -0.000000 4
data 5174000 1584.897095 2.477782 0.000000 4
data 5175000 1584.728027 -2.477700 -0.000000 4
data 5176000 1584.585693 2.477499 0.000000 4
data 5177000 1584.453369 -2.477403 -0.000000 4
data 5178000 1584.333130 2.477210 0.000000 4
data 5179000 1584.224854 -2.477105 -0.000000 4
data 5180000 1584.122314 2.476918 0.000000 4
data 5181000 1584.037476 -2.476804 -0.000000 4
data 5182000 1583.962158 2.476629 0.000000 4
data 5183000 1583.916504 -2.476500 -0.000000 4
data 5184000 1583.877686 2.476338 0.000000 4
data 5185000 1583.837769 -2.476207 -0.000000 4
data 5186000 1583.774414 2.476036 0.000000 4
data 5187000 1583.718140 -2.475912 -0.000000 4
data 5188000 1583.664917 2.475745 0.000000 4
data 5189000 1583.614502 -2.475618 -0.000000 4
data 5190000 1583.546875 2.475445 0.000000 4
data 5191000 1583.482178 -2.475324 -0.000000 4
data 5192000 1583.410278 2.475150 0.000000 4
data 5193000 1583.307129 -2.475044 -0.000000 4
data 5194000 1583.205322 2.474858 0.000000 4
data 5195000 1583.104736 -2.474751 -0.000000 4
data 5196000 1583.005493 2.474566 0.000000 4
data 5197000 1582.895264 -2.474463 -0.000000 4
data 5198000 1582.748047 2.474260 0.000000 4
data 5199000 1582.582275 -2.474178 -0.000000 4
data 5200000 1582.414307 2.473967 0.000000 4
data 5201000 1582.246338 -2.473886 -0.000000 4
data 5202000 1582.082397 2.473677 0.000000 4
data 5203000 1581.910156 -2.473598 -0.000000 4
data 5204000 1581.642700 2.473349 0.000000 4
data 5205000 1581.339722 -2.473320 -0.000000 4
data 5206000 1581.027954 2.473054 0.000000 4
data 5207000 1580.713623 -2.473029 -0.000000 4
data 5208000 1580.378418 2.472755 0.000000 4
data 5209000 1580.030762 -2.472743 -0.000000 4
data 5210000 1579.658569 2.472454 0.000000 4
data 5211000 1579.290527 -2.472450 -0.000000 4
data 5212000 1578.865845 2.472141 0.000000 4
data 5213000 1578.435791 -2.472161 -0.000000 4
data 5214000 1577.982178 2.471841 0.000000 4
data 5215000 1577.533569 -2.471868 -0.000000 4
data 5216000 1577.089966 2.471553 0.000000 4
data 5217000 1576.639160 -2.471580 -0.000000 4
data 5218000 1576.191406 2.471263 0.000000 4
data 5219000 1575.740601 -2.471291 -0.000000 4
data 5220000 1575.307007 2.470979 0.000000 4
data 5221000 1574.880371 -2.470998 -0.000000 4
data 5222000 1574.460693 2.470692 0.000000 4
data 5223000 1574.047852 -2.470705 -0.000000 4
data 5224000 1573.656006 2.470410 0.000000 4
data 5225000 1573.291016 -2.470404 -0.000000 4
data 5226000 1572.934326 2.470123 0.000000 4
data 5227000 1572.587891 -2.470110 -0.000000 4
data 5228000 1572.249634 2.469836 0.000000 4
data 5229000 1571.923584 -2.469816 -0.000000 4
data 5230000 1571.611572 2.469552 0.000000 4
data 5231000 1571.311646 -2.469522 -0.000000 4
data 5232000 1571.029419 2.469269 0.000000 4
data 5233000 1570.754883 -2.469229 -0.000000 4
data 5234000 1570.503906 2.468988 0.000000 4
data 5235000 1570.288452 -2.468926 -0.000000 4
data 5236000 1570.120239 2.468717 0.000000 4
data 5237000 1569.962524 -2.468633 -0.000000 4
data 5238000 1569.813110 2.468431 0.000000 4
data 5239000 1569.667847 -2.468342 -0.000000 4
data 5240000 1569.526733 2.468144 0.000000 4
data 5241000 1569.389648 -2.468052 -0.000000 4
data 5242000 1569.252441 2.467855 0.000000 4
data 5243000 1569.119141 -2.467761 -0.000000 4
data 5244000 1568.983765 2.467565 0.000000 4
data 5245000 1568.840210 -2.467476 -0.000000 4
data 5246000 1568.696655 2.467277 0.000000 4
data 5247000 1568.557007 -2.467186 -0.000000 4
data 5248000 1568.419312 2.466989 0.000000 4
data 5249000 1568.275391 -2.466900 -0.000000 4
data 5250000 1568.119263 2.466696 0.000000 4
data 5251000 1567.955078 -2.466614 -0.000000 4
data 5252000 1567.790894 2.466408 0.000000 4
data 5253000 1567.626953 -2.466326 -0.000000 4
data 5254000 1567.461060 2.466119 0.000000 4
data 5255000 1567.281128 -2.466044 -0.000000 4
data 5256000 1567.077148 2.465822 0.000000 4
data 5257000 1566.869629 -2.465757 -0.000000 4
data 5258000 1566.650513 2.465530 0.000000 4
data 5259000 1566.409790 -2.465478 -0.000000 4
data 5260000 1566.171997 2.465244 0.000000 4
data 5261000 1565.931030 -2.465191 -0.000000 4
data 5262000 1565.680786 2.464952 0.000000 4
data 5263000 1565.423462 -2.464907 -0.000000 4
data 5264000 1565.124634 2.464649 0.000000 4
data 5265000 1564.809204 -2.464626 -0.000000 4
data 5266000 1564.493286 2.464362 0.000000 4
data 5267000 1564.161011 -2.464345 -0.000000 4
data 5268000 1563.784058 2.464058 0.000000 4
data 5269000 1563.405396 -2.464059 -0.000000 4
data 5270000 1563.029053 2.463772 0.000000 4
data 5271000 1562.653076 -2.463772 -0.000000 4
data 5272000 1562.277466 2.463486 0.000000 4
data 5273000 1561.894043 -2.463488 -0.000000 4
data 5274000 1561.510986 2.463199 0.000000 4
data 5275000 1561.124390 -2.463203 -0.000000 4
data 5276000 1560.726196 2.462909 0.000000 4
data 5277000 1560.334717 -2.462914 -0.000000 4
data 5278000 1559.933716 2.462619 0.000000 4
data 5279000 1559.531372 -2.462628 -0.000000 4
data 5280000 1559.135864 2.462335 0.000000 4
data 5281000 1558.747070 -2.462339 -0.000000 4
data 5282000 1558.373047 2.462055 0.000000 4
data 5283000 1558.005493 -2.462051 -0.000000 4
data 5284000 1557.668579 2.461780 0.000000 4
data 5285000 1557.345947 -2.461760 -0.000000 4
data 5286000 1557.041382 2.461502 0.000000 4
data 5287000 1556.760864 -2.461465 -0.000000 4
data 5288000 1556.500122 2.461223 0.000000 4
data 5289000 1556.252808 -2.461174 -0.000000 4
data 5290000 1556.022827 2.460944 0.000000 4
data 5291000 1555.822144 -2.460878 -0.000000 4
data 5292000 1555.654541 2.460672 0.000000 4
data 5293000 1555.499390 -2.460588 -0.000000 4
data 5294000 1555.386841 2.460403 0.000000 4
data 5295000 1555.282227 -2.460300 -0.000000 4
data 5296000 1555.209595 2.460130 0.000000 4
data 5297000 1555.140381 -2.460013 -0.000000 4
data 5298000 1555.074341 2.459846 0.000000 4
data 5299000 1555.011597 -2.459727 -0.000000 4
data 5300000 1554.933838 2.459556 0.000000 4
data 5301000 1554.859497 -2.459441 -0.000000 4
data 5302000 1554.770264 2.459265 0.000000 4
data 5303000 1554.678345 -2.459158 -0.000000 4
data 5304000 1554.579834 2.458978 0.000000 4
data 5305000 1554.478882 -2.458874 -0.000000 4
data 5306000 1554.379395 2.458695 0.000000 4
data 5307000 1554.283325 -2.458589 -0.000000 4
data 5308000 1554.182617 2.458409 0.000000 4
data 5309000 1554.083252 -2.458304 -0.000000 4
data 5310000 1553.977295 2.458122 0.000000 4
data 5311000 1553.840454 -2.458032 -0.000000 4
data 5312000 1553.707397 2.457840 0.000000 4
data 5313000 1553.572021 -2.457749 -0.000000 4
data 5314000 1553.436279 2.457556 0.000000 4
data 5315000 1553.286133 -2.457470 -0.000000 4
data 5316000 1553.137939 2.457273 0.000000 4
data 5317000 1552.975464 -2.457192 -0.000000 4
data 5318000 1552.815063 2.456990 0.000000 4
data 5319000 1552.652466 -2.456910 -0.000000 4
data 5320000 1552.487915 2.456706 0.000000 4
data 5321000 1552.319214 -2.456628 -0.000000 4
data 5322000 1552.128296 2.456415 0.000000 4
data 5323000 1551.915405 -2.456353 -0.000000 4
data 5324000 1551.686768 2.456126 0.000000 4
data 5325000 1551.434570 -2.456079 -0.000000 4
data 5326000 1551.179199 2.455842 0.000000 4
data 5327000 1550.928833 -2.455794 -0.000000 4
data 5328000 1550.640991 2.455545 0.000000 4
data 5329000 1550.352295 -2.455512 -0.000000 4
data 5330000 1550.052856 2.455258 0.000000 4
data 5331000 1549.734619 -2.455236 -0.000000 4
data 5332000 1549.413818 2.454975 0.000000 4
data 5333000 1549.092651 -2.454954 -0.000000 4
data 5334000 1548.773193 2.454693 0.000000 4
data 5335000 1548.431030 -2.454680 -0.000000 4
data 5336000 1548.090820 2.454411 0.000000 4
data 5337000 1547.736328 -2.454403 -0.000000 4
data 5338000 1547.371704 2.454125 0.000000 4
data 5339000 1547.011230 -2.454119 -0.000000 4
data 5340000 1546.646851 2.453842 0.000000 4
data 5341000 1546.268555 -2.453843 -0.000000 4
data 5342000 1545.886475 2.453559 0.000000 4
data 5343000 1545.502808 -2.453562 -0.000000 4
data 5344000 1545.091309 2.453267 0.000000 4
data 5345000 1544.680420 -2.453280 -0.000000 4
data 5346000 1544.256226 2.452980 0.000000 4
data 5347000 1543.838867 -2.452996 -0.000000 4
data 5348000 1543.416260 2.452697 0.000000 4
data 5349000 1542.992554 -2.452715 -0.000000 4
data 5350000 1542.575806 2.452418 0.000000 4
data 5351000 1542.165894 -2.452431 -0.000000 4
data 5352000 1541.762939 2.452140 0.000000 4
data 5353000 1541.336548 -2.452159 -0.000000 4
data 5354000 1540.917114 2.451861 0.000000 4
data 5355000 1540.504761 -2.451875 -0.000000 4
data 5356000 1540.109375 2.451587 0.000000 4
data 5357000 1539.726807 -2.451589 -0.000000 4
data 5358000 1539.366943 2.451315 0.000000 4
data 5359000 1539.013550 -2.451306 -0.000000 4
data 5360000 1538.672607 2.451039 0.000000 4
data 5361000 1538.338013 -2.451023 -0.000000 4
data 5362000 1538.079956 2.450787 0.000000 4
data 5363000 1537.851562 -2.450732 -0.000000 4
data 5364000 1537.632324 2.450510 0.000000 4
data 5365000 1537.438232 -2.450442 -0.000000 4
data 5366000 1537.279053 2.450243 0.000000 4
data 5367000 1537.126221 -2.450160 -0.000000 4
data 5368000 1537.026123 2.449982 0.000000 4
data 5369000 1536.929810 -2.449878 -0.000000 4
data 5370000 1536.837158 2.449704 0.000000 4
data 5371000 1536.748047 -2.449597 -0.000000 4
data 5372000 1536.664551 2.449426 0.000000 4
data 5373000 1536.582520 -2.449317 -0.000000 4
data 5374000 1536.503906 2.449148 0.000000 4
data 5375000 1536.430664 -2.449035 -0.000000 4
data 5376000 1536.360840 2.448870 0.000000 4
data 5377000 1536.298340 -2.448753 -0.000000 4
data 5378000 1536.245117 2.448594 0.000000 4
data 5379000 1536.196899 -2.448472 -0.000000 4
data 5380000 1536.151611 2.448316 0.000000 4
data 5381000 1536.107300 -2.448193 -0.000000 4
data 5382000 1536.067871 2.448038 0.000000 4
data 5383000 1536.029297 -2.447913 -0.000000 4
data 5384000 1535.987427 2.447758 0.000000 4
data 5385000 1535.944458 -2.447635 -0.000000 4
data 5386000 1535.896240 2.447478 0.000000 4
data 5387000 1535.842651 -2.447358 -0.000000 4
data 5388000 1535.791992 2.447200 0.000000 4
data 5389000 1535.740112 -2.447080 -0.000000 4
data 5390000 1535.679077 2.446918 0.000000 4
data 5391000 1535.616943 -2.446802 -0.000000 4
data 5392000 1535.551636 2.446638 0.000000 4
data 5393000 1535.487183 -2.446523 -0.000000 4
data 5394000 1535.387329 2.446347 0.000000 4
data 5395000 1535.288696 -2.446244 -0.000000 4
data 5396000 1535.138916 2.446050 0.000000 4
data 5397000 1534.940552 -2.445984 -0.000000 4
data 5398000 1534.746338 2.445773 0.000000 4
data 5399000 1534.526123 -2.445716 -0.000000 4
data 5400000 1534.272095 2.445483 0.000000 4
data 5401000 1534.016724 -2.445439 -0.000000 4
data 5402000 1533.758179 2.445204 0.000000 4
data 5403000 1533.476318 -2.445170 -0.000000 4
data 5404000 1533.110962 2.444896 0.000000 4
data 5405000 1532.727539 -2.444899 -0.000000 4
data 5406000 1532.271851 2.444592 0.000000 4
data 5407000 1531.794922 -2.444629 -0.000000 4
data 5408000 1531.307129 2.444310 0.000000 4
data 5409000 1530.784424 -2.444365 -0.000000 4
data 5410000 1530.263428 2.444034 0.000000 4
data 5411000 1529.750122 -2.444085 -0.000000 4
data 5412000 1529.240479 2.443758 0.000000 4
data 5413000 1528.736572 -2.443806 -0.000000 4
data 5414000 1528.240234 2.443484 0.000000 4
data 5415000 1527.737549 -2.443531 -0.000000 4
data 5416000 1527.242554 2.443210 0.000000 4
data 5417000 1526.755249 -2.443251 -0.000000 4
data 5418000 1526.275391 2.442936 0.000000 4
data 5419000 1525.803101 -2.442972 -0.000000 4
data 5420000 1525.338257 2.442662 0.000000 4
data 5421000 1524.880981 -2.442693 -0.000000 4
data 5422000 1524.431030 2.442389 0.000000 4
data 5423000 1524.012573 -2.442405 -0.000000 4
data 5424000 1523.603027 2.442116 0.000000 4
data 5425000 1523.202393 -2.442125 -0.000000 4
data 5426000 1522.820679 2.441847 0.000000 4
data 5427000 1522.463867 -2.441840 -0.000000 4
data 5428000 1522.141479 2.441583 0.000000 4
data 5429000 1521.827271 -2.441561 -0.000000 4
data 5430000 1521.541138 2.441318 0.000000 4
data 5431000 1521.268677 -2.441280 -0.000000 4
data 5432000 1521.034058 2.441056 0.000000 4
data 5433000 1520.860962 -2.440982 -0.000000 4
data 5434000 1520.738647 2.440799 0.000000 4
data 5435000 1520.620361 -2.440705 -0.000000 4
data 5436000 1520.560303 2.440545 0.000000 4
data 5437000 1520.525757 -2.440420 -0.000000 4
data 5438000 1520.498169 2.440272 0.000000 4
data 5439000 1520.511841 -2.440130 -0.000000 4
data 5440000 1520.527954 2.439998 0.000000 4
data 5441000 1520.560791 -2.439848 -0.000000 4
data 5442000 1520.607788 2.439728 0.000000 4
data 5443000 1520.691040 -2.439560 -0.000000 4
data 5444000 1520.784058 2.439457 0.000000 4
data 5445000 1520.886719 -2.439282 -0.000000 4
data 5446000 1520.994751 2.439184 0.000000 4
data 5447000 1521.105957 -2.439006 -0.000000 4
data 5448000 1521.218506 2.438910 0.000000 4
data 5449000 1521.332275 -2.438731 -0.000000 4
data 5450000 1521.444946 2.438635 0.000000 4
data 5451000 1521.558838 -2.438456 -0.000000 4
data 5452000 1521.669678 2.438359 0.000000 4
data 5453000 1521.771484 -2.438185 -0.000000 4
data 5454000 1521.854370 2.438078 0.000000 4
data 5455000 1521.912231 -2.437920 -0.000000 4
data 5456000 1521.925293 2.437788 0.000000 4
data 5457000 1521.930176 -2.437649 -0.000000 4
data 5458000 1521.929077 2.437511 0.000000 4
data 5459000 1521.930054 -2.437374 -0.000000 4
data 5460000 1521.906738 2.437228 0.000000 4
data 5461000 1521.811279 -2.437127 -0.000000 4
data 5462000 1521.700562 2.436949 0.000000 4
data 5463000 1521.570923 -2.436860 -0.000000 4
data 5464000 1521.410278 2.436664 0.000000 4
data 5465000 1521.215088 -2.436599 -0.000000 4
data 5466000 1521.021851 2.436391 0.000000 4
data 5467000 1520.800293 -2.436336 -0.000000 4
data 5468000 1520.548828 2.436107 0.000000 4
data 5469000 1520.293823 -2.436064 -0.000000 4
data 5470000 1519.991211 2.435817 0.000000 4
data 5471000 1519.667480 -2.435798 -0.000000 4
data 5472000 1519.254761 2.435511 0.000000 4
data 5473000 1518.802124 -2.435540 -0.000000 4
data 5474000 1518.302002 2.435221 0.000000 4
data 5475000 1517.804932 -2.435266 -0.000000 4
data 5476000 1517.266968 2.434933 0.000000 4
data 5477000 1516.716675 -2.434998 -0.000000 4
data 5478000 1516.168213 2.434661 0.000000 4
data 5479000 1515.619507 -2.434725 -0.000000 4
data 5480000 1515.078735 2.434391 0.000000 4
data 5481000 1514.543823 -2.434450 -0.000000 4
data 5482000 1514.012573 2.434120 0.000000 4
data 5483000 1513.467163 -2.434183 -0.000000 4
data 5484000 1512.917603 2.433846 0.000000 4
data 5485000 1512.376221 -2.433908 -0.000000 4
data 5486000 1511.842773 2.433577 0.000000 4
data 5487000 1511.317261 -2.433633 -0.000000 4
data 5488000 1510.801758 2.433309 0.000000 4
data 5489000 1510.304077 -2.433354 -0.000000 4
data 5490000 1509.818115 2.433041 0.000000 4
data 5491000 1509.414062 -2.433053 -0.000000 4
data 5492000 1509.034790 2.432778 0.000000 4
data 5493000 1508.692017 -2.432767 -0.000000 4
data 5494000 1508.500122 2.432562 0.000000 4
data 5495000 1508.316772 -2.432493 -0.000000 4
data 5496000 1508.157959 2.432299 0.000000 4
data 5497000 1508.023560 -2.432212 -0.000000 4
data 5498000 1507.925293 2.432041 0.000000 4
data 5499000 1507.834595 -2.431938 -0.000000 4
data 5500000 1507.757568 2.431775 0.000000 4
data 5501000 1507.683716 -2.431666 -0.000000 4
data 5502000 1507.619263 2.431507 0.000000 4
data 5503000 1507.563965 -2.431391 -0.000000 4
data 5504000 1507.511719 2.431237 0.000000 4
data 5505000 1507.462524 -2.431119 -0.000000 4
data 5506000 1507.416260 2.430967 0.000000 4
data 5507000 1507.372803 -2.430848 -0.000000 4
data 5508000 1507.332275 2.430697 0.000000 4
data 5509000 1507.290527 -2.430577 -0.000000 4
data 5510000 1507.231445 2.430421 0.000000 4
data 5511000 1507.165405 -2.430309 -0.000000 4
data 5512000 1507.102173 2.430151 0.000000 4
data 5513000 1507.033936 -2.430041 -0.000000 4
data 5514000 1506.944580 2.429873 0.000000 4
data 5515000 1506.836304 -2.429777 -0.000000 4
data 5516000 1506.727417 2.429603 0.000000 4
data 5517000 1506.621826 -2.429506 -0.000000 4
data 5518000 1506.519653 2.429334 0.000000 4
data 5519000 1506.420776 -2.429235 -0.000000 4
data 5520000 1506.309082 2.429059 0.000000 4
data 5521000 1506.190674 -2.428967 -0.000000 4
data 5522000 1506.053589 2.428782 0.000000 4
data 5523000 1505.871826 -2.428713 -0.000000 4
data 5524000 1505.692139 2.428514 0.000000 4
data 5525000 1505.516479 -2.428442 -0.000000 4
data 5526000 1505.340820 2.428244 0.000000 4
data 5527000 1505.145020 -2.428180 -0.000000 4
data 5528000 1504.919189 2.427963 0.000000 4
data 5529000 1504.691895 -2.427911 -0.000000 4
data 5530000 1504.457031 2.427691 0.000000 4
data 5531000 1504.166626 -2.427662 -0.000000 4
data 5532000 1503.829224 2.427405 0.000000 4
data 5533000 1503.457397 -2.427405 -0.000000 4
data 5534000 1503.081543 2.427135 0.000000 4
data 5535000 1502.657715 -2.427153 -0.000000 4
data 5536000 1502.228394 2.426864 0.000000 4
data 5537000 1501.801758 -2.426883 -0.000000 4
data 5538000 1501.337646 2.426581 0.000000 4
data 5539000 1500.878662 -2.426613 -0.000000 4
data 5540000 1500.424805 2.426315 0.000000 4
data 5541000 1499.975952 -2.426342 -0.000000 4
data 5542000 1499.511963 2.426041 0.000000 4
data 5543000 1499.053223 -2.426072 -0.000000 4
data 5544000 1498.551636 2.425757 0.000000 4
data 5545000 1498.055542 -2.425802 -0.000000 4
data 5546000 1497.567017 2.425491 0.000000 4
data 5547000 1497.072144 -2.425535 -0.000000 4
data 5548000 1496.584839 2.425226 0.000000 4
data 5549000 1496.105103 -2.425265 -0.000000 4
data 5550000 1495.634888 2.424961 0.000000 4
data 5551000 1495.172119 -2.424994 -0.000000 4
data 5552000 1494.716797 2.424696 0.000000 4
data 5553000 1494.276855 -2.424720 -0.000000 4
data 5554000 1493.844116 2.424431 0.000000 4
data 5555000 1493.418457 -2.424450 -0.000000 4
data 5556000 1493.003906 2.424167 0.000000 4
data 5557000 1492.600464 -2.424178 -0.000000 4
data 5558000 1492.215820 2.423906 0.000000 4
data 5559000 1491.849976 -2.423904 -0.000000 4
data 5560000 1491.534668 2.423657 0.000000 4
data 5561000 1491.297607 -2.423609 -0.000000 4
data 5562000 1491.113892 2.423409 0.000000 4
data 5563000 1491.003052 -2.423315 -0.000000 4
data 5564000 1490.904175 2.423146 0.000000 4
data 5565000 1490.808960 -2.423047 -0.000000 4
data 5566000 1490.755615 2.422894 0.000000 4
data 5567000 1490.719604 -2.422773 -0.000000 4
data 5568000 1490.718628 2.422640 0.000000 4
data 5569000 1490.738403 -2.422499 -0.000000 4
data 5570000 1490.796631 2.422387 0.000000 4
data 5571000 1490.856934 -2.422231 -0.000000 4
data 5572000 1490.919067 2.422121 0.000000 4
data 5573000 1490.991211 -2.421961 -0.000000 4
data 5574000 1491.065063 2.421854 0.000000 4
data 5575000 1491.140625 -2.421694 -0.000000 4
data 5576000 1491.217773 2.421589 0.000000 4
data 5577000 1491.296509 -2.421427 -0.000000 4
data 5578000 1491.410889 2.421335 0.000000 4
data 5579000 1491.542480 -2.421155 -0.000000 4
data 5580000 1491.675049 2.421069 0.000000 4
data 5581000 1491.808472 -2.420888 -0.000000 4
data 5582000 1491.942627 2.420804 0.000000 4
data 5583000 1492.099731 -2.420614 -0.000000 4
data 5584000 1492.253296 2.420536 0.000000 4
data 5585000 1492.389404 -2.420355 -0.000000 4
data 5586000 1492.508057 2.420264 0.000000 4
data 5587000 1492.615479 -2.420093 -0.000000 4
data 5588000 1492.711548 2.419994 0.000000 4
data 5589000 1492.772583 -2.419840 -0.000000 4
data 5590000 1492.834839 2.419729 0.000000 4
data 5591000 1492.888306 -2.419577 -0.000000 4
data 5592000 1492.923096 2.419457 0.000000 4
data 5593000 1492.941284 -2.419318 -0.000000 4
data 5594000 1492.916992 2.419177 0.000000 4
data 5595000 1492.886719 -2.419055 -0.000000 4
data 5596000 1492.848389 2.418909 0.000000 4
data 5597000 1492.812378 -2.418789 -0.000000 4
data 5598000 1492.760498 2.418638 0.000000 4
data 5599000 1492.668701 -2.418538 -0.000000 4
data 5600000 1492.513306 2.418350 0.000000 4
data 5601000 1492.353394 -2.418275 -0.000000 4
data 5602000 1492.150757 2.418070 0.000000 4
data 5603000 1491.939941 -2.418013 -0.000000 4
data 5604000 1491.716919 2.417801 0.000000 4
data 5605000 1491.405762 -2.417780 -0.000000 4
data 5606000 1490.965454 2.417490 0.000000 4
data 5607000 1490.465332 -2.417536 -0.000000 4
data 5608000 1489.952148 2.417221 0.000000 4
data 5609000 1489.442139 -2.417271 -0.000000 4
data 5610000 1488.935303 2.416958 0.000000 4
data 5611000 1488.431641 -2.417006 -0.000000 4
data 5612000 1487.935059 2.416697 0.000000 4
data 5613000 1487.437622 -2.416742 -0.000000 4
data 5614000 1486.903198 2.416419 0.000000 4
data 5615000 1486.366455 -2.416478 -0.000000 4
data 5616000 1485.807251 2.416147 0.000000 4
data 5617000 1485.245972 -2.416215 -0.000000 4
data 5618000 1484.692627 2.415886 0.000000 4
data 5619000 1484.141113 -2.415951 -0.000000 4
data 5620000 1483.595581 2.415625 0.000000 4
data 5621000 1483.043945 -2.415689 -0.000000 4
data 5622000 1482.508301 2.415367 0.000000 4
data 5623000 1481.970581 -2.415426 -0.000000 4
data 5624000 1481.440796 2.415106 0.000000 4
data 5625000 1480.928711 -2.415157 -0.000000 4
data 5626000 1480.430420 2.414848 0.000000 4
data 5627000 1479.939697 -2.414891 -0.000000 4
data 5628000 1479.470581 2.414592 0.000000 4
data 5629000 1479.028809 -2.414618 -0.000000 4
data 5630000 1478.610107 2.414337 0.000000 4
data 5631000 1478.200195 -2.414351 -0.000000 4
data 5632000 1477.811157 2.414082 0.000000 4
data 5633000 1477.504761 -2.414059 -0.000000 4
data 5634000 1477.216187 2.413826 0.000000 4
data 5635000 1476.961182 -2.413785 -0.000000 4
data 5636000 1476.747437 2.413577 0.000000 4
data 5637000 1476.544434 -2.413518 -0.000000 4
data 5638000 1476.360107 2.413321 0.000000 4
data 5639000 1476.190308 -2.413250 -0.000000 4
data 5640000 1476.026855 2.413061 0.000000 4
data 5641000 1475.867676 -2.412986 -0.000000 4
data 5642000 1475.712646 2.412800 0.000000 4
data 5643000 1475.561890 -2.412723 -0.000000 4
data 5644000 1475.415161 2.412539 0.000000 4
data 5645000 1475.272339 -2.412459 -0.000000 4
data 5646000 1475.123535 2.412275 0.000000 4
data 5647000 1474.968750 -2.412199 -0.000000 4
data 5648000 1474.816040 2.412014 0.000000 4
data 5649000 1474.645386 -2.411943 -0.000000 4
data 5650000 1474.479004 2.411754 0.000000 4
data 5651000 1474.314819 -2.411681 -0.000000 4
data 5652000 1474.154785 2.411493 0.000000 4
data 5653000 1473.958862 -2.411432 -0.000000 4
data 5654000 1473.767334 2.411233 0.000000 4
data 5655000 1473.564209 -2.411174 -0.000000 4
data 5656000 1473.357666 2.410970 0.000000 4
data 5657000 1473.089600 -2.410934 -0.000000 4
data 5658000 1472.806763 2.410704 0.000000 4
data 5659000 1472.525269 -2.410673 -0.000000 4
data 5660000 1472.229126 2.410437 0.000000 4
data 5661000 1471.932495 -2.410412 -0.000000 4
data 5662000 1471.613403 2.410168 0.000000 4
data 5663000 1471.294067 -2.410151 -0.000000 4
data 5664000 1470.958496 2.409902 0.000000 4
data 5665000 1470.570801 -2.409908 -0.000000 4
data 5666000 1470.169678 2.409636 0.000000 4
data 5667000 1469.721313 -2.409664 -0.000000 4
data 5668000 1469.219971 2.409357 0.000000 4
data 5669000 1468.700562 -2.409409 -0.000000 4
data 5670000 1468.181030 2.409096 0.000000 4
data 5671000 1467.629517 -2.409160 -0.000000 4
data 5672000 1467.084229 2.408838 0.000000 4
data 5673000 1466.535400 -2.408901 -0.000000 4
data 5674000 1465.988892 2.408578 0.000000 4
data 5675000 1465.450806 -2.408637 -0.000000 4
data 5676000 1464.906982 2.408316 0.000000 4
data 5677000 1464.367676 -2.408376 -0.000000 4
data 5678000 1463.820679 2.408053 0.000000 4
data 5679000 1463.280151 -2.408113 -0.000000 4
data 5680000 1462.748169 2.407796 0.000000 4
data 5681000 1462.224487 -2.407850 -0.000000 4
data 5682000 1461.707153 2.407538 0.000000 4
data 5683000 1461.198120 -2.407587 -0.000000 4
data 5684000 1460.697266 2.407281 0.000000 4
data 5685000 1460.206543 -2.407324 -0.000000 4
data 5686000 1459.739990 2.407030 0.000000 4
data 5687000 1459.281128 -2.407061 -0.000000 4
data 5688000 1458.830200 2.406773 0.000000 4
data 5689000 1458.388916 -2.406798 -0.000000 4
data 5690000 1457.961304 2.406518 0.000000 4
data 5691000 1457.553101 -2.406532 -0.000000 4
data 5692000 1457.180176 2.406271 0.000000 4
data 5693000 1456.828247 -2.406265 -0.000000 4
data 5694000 1456.501099 2.406021 0.000000 4
data 5695000 1456.228394 -2.405987 -0.000000 4
data 5696000 1455.977661 2.405770 0.000000 4
data 5697000 1455.794434 -2.405704 -0.000000 4
data 5698000 1455.654297 2.405526 0.000000 4
data 5699000 1455.530762 -2.405440 -0.000000 4
data 5700000 1455.413452 2.405269 0.000000 4
data 5701000 1455.310425 -2.405176 -0.000000 4
data 5702000 1455.221436 2.405015 0.000000 4
data 5703000 1455.136475 -2.404916 -0.000000 4
data 5704000 1455.055298 2.404758 0.000000 4
data 5705000 1454.977905 -2.404656 -0.000000 4
data 5706000 1454.904297 2.404501 0.000000 4
data 5707000 1454.840454 -2.404394 -0.000000 4
data 5708000 1454.782227 2.404244 0.000000 4
data 5709000 1454.727417 -2.404134 -0.000000 4
data 5710000 1454.668091 2.403984 0.000000 4
data 5711000 1454.620117 -2.403872 -0.000000 4
data 5712000 1454.575439 2.403727 0.000000 4
data 5713000 1454.533936 -2.403613 -0.000000 4
data 5714000 1454.495728 2.403471 0.000000 4
data 5715000 1454.446655 -2.403359 -0.000000 4
data 5716000 1454.372803 2.403204 0.000000 4
data 5717000 1454.296387 -2.403102 -0.000000 4
data 5718000 1454.221436 2.402946 0.000000 4
data 5719000 1454.143921 -2.402845 -0.000000 4
data 5720000 1454.055786 2.402685 0.000000 4
data 5721000 1453.965332 -2.402588 -0.000000 4
data 5722000 1453.872437 2.402427 0.000000 4
data 5723000 1453.768921 -2.402334 -0.000000 4
data 5724000 1453.669067 2.402170 0.000000 4
data 5725000 1453.570923 -2.402076 -0.000000 4
data 5726000 1453.446289 2.401904 0.000000 4
data 5727000 1453.307495 -2.401824 -0.000000 4
data 5728000 1453.160645 2.401644 0.000000 4
data 5729000 1453.015747 -2.401566 -0.000000 4
data 5730000 1452.850952 2.401380 0.000000 4
data 5731000 1452.640259 -2.401325 -0.000000 4
data 5732000 1452.418335 2.401119 0.000000 4
data 5733000 1452.179199 -2.401074 -0.000000 4
data 5734000 1451.893066 2.400846 0.000000 4
data 5735000 1451.570435 -2.400830 -0.000000 4
data 5736000 1451.241577 2.400587 0.000000 4
data 5737000 1450.858887 -2.400592 -0.000000 4
data 5738000 1450.464600 2.400326 0.000000 4
data 5739000 1450.058960 -2.400339 -0.000000 4
data 5740000 1449.620117 2.400058 0.000000 4
data 5741000 1449.176514 -2.400084 -0.000000 4
data 5742000 1448.686157 2.399785 0.000000 4
data 5743000 1448.201416 -2.399826 -0.000000 4
data 5744000 1447.716309 2.399529 0.000000 4
data 5745000 1447.228882 -2.399570 -0.000000 4
data 5746000 1446.719360 2.399265 0.000000 4
data 5747000 1446.213745 -2.399313 -0.000000 4
data 5748000 1445.719971 2.399013 0.000000 4
data 5749000 1445.234131 -2.399054 -0.000000 4
data 5750000 1444.755981 2.398760 0.000000 4
data 5751000 1444.285645 -2.398796 -0.000000 4
data 5752000 1443.822876 2.398507 0.000000 4
data 5753000 1443.367676 -2.398537 -0.000000 4
data 5754000 1442.940063 2.398261 0.000000 4
data 5755000 1442.529663 -2.398276 -0.000000 4
data 5756000 1442.134399 2.398010 0.000000 4
data 5757000 1441.799805 -2.397999 -0.000000 4
data 5758000 1441.487549 2.397763 0.000000 4
data 5759000 1441.235229 -2.397723 -0.000000 4
data 5760000 1441.004517 2.397515 0.000000 4
data 5761000 1440.844727 -2.397443 -0.000000 4
data 5762000 1440.689575 2.397261 0.000000 4
data 5763000 1440.564819 -2.397177 -0.000000 4
data 5764000 1440.468140 2.397016 0.000000 4
data 5765000 1440.389404 -2.396916 -0.000000 4
data 5766000 1440.316162 2.396763 0.000000 4
data 5767000 1440.254517 -2.396657 -0.000000 4
data 5768000 1440.200317 2.396511 0.000000 4
data 5769000 1440.149414 -2.396401 -0.000000 4
data 5770000 1440.101685 2.396257 0.000000 4
data 5771000 1440.055176 -2.396146 -0.000000 4
data 5772000 1440.011963 2.396003 0.000000 4
data 5773000 1439.971802 -2.395890 -0.000000 4
data 5774000 1439.926758 2.395747 0.000000 4
data 5775000 1439.884766 -2.395634 -0.000000 4
data 5776000 1439.845825 2.395494 0.000000 4
data 5777000 1439.801880 -2.395382 -0.000000 4
data 5778000 1439.766846 2.395242 0.000000 4
data 5779000 1439.728760 -2.395128 -0.000000 4
data 5780000 1439.689453 2.394988 0.000000 4
data 5781000 1439.653076 -2.394873 -0.000000 4
data 5782000 1439.619507 2.394735 0.000000 4
data 5783000 1439.566772 -2.394626 -0.000000 4
data 5784000 1439.515137 2.394481 0.000000 4
data 5785000 1439.452393 -2.394376 -0.000000 4
data 5786000 1439.378784 2.394223 0.000000 4
data 5787000 1439.286255 -2.394129 -0.000000 4
data 5788000 1439.197021 2.393971 0.000000 4
data 5789000 1439.111084 -2.393874 -0.000000 4
data 5790000 1439.016357 2.393714 0.000000 4
data 5791000 1438.914917 -2.393623 -0.000000 4
data 5792000 1438.816895 2.393462 0.000000 4
data 5793000 1438.720093 -2.393369 -0.000000 4
data 5794000 1438.572754 2.393191 0.000000 4
data 5795000 1438.413208 -2.393120 -0.000000 4
data 5796000 1438.249512 2.392936 0.000000 4
data 5797000 1438.057861 -2.392876 -0.000000 4
data 5798000 1437.864380 2.392683 0.000000 4
data 5799000 1437.653320 -2.392629 -0.000000 4
data 5800000 1437.444580 2.392430 0.000000 4
data 5801000 1437.206421 -2.392386 -0.000000 4
data 5802000 1436.935059 2.392166 0.000000 4
data 5803000 1436.662842 -2.392133 -0.000000 4
data 5804000 1436.377686 2.391909 0.000000 4
data 5805000 1436.065796 -2.391890 -0.000000 4
data 5806000 1435.759399 2.391658 0.000000 4
data 5807000 1435.454468 -2.391637 -0.000000 4
data 5808000 1435.143066 2.391403 0.000000 4
data 5809000 1434.803223 -2.391394 -0.000000 4
data 5810000 1434.449219 2.391146 0.000000 4
data 5811000 1434.099243 -2.391140 -0.000000 4
data 5812000 1433.729370 2.390887 0.000000 4
data 5813000 1433.355591 -2.390889 -0.000000 4
data 5814000 1432.988037 2.390636 0.000000 4
data 5815000 1432.626709 -2.390635 -0.000000 4
data 5816000 1432.271484 2.390386 0.000000 4
data 5817000 1431.932251 -2.390377 -0.000000 4
data 5818000 1431.602905 2.390138 0.000000 4
data 5819000 1431.289307 -2.390120 -0.000000 4
data 5820000 1431.007202 2.389897 0.000000 4
data 5821000 1430.744385 -2.389861 -0.000000 4
data 5822000 1430.518555 2.389658 0.000000 4
data 5823000 1430.299561 -2.389607 -0.000000 4
data 5824000 1430.107178 2.389415 0.000000 4
data 5825000 1429.939087 -2.389347 -0.000000 4
data 5826000 1429.803101 2.389175 0.000000 4
data 5827000 1429.672852 -2.389094 -0.000000 4
data 5828000 1429.548340 2.388925 0.000000 4
data 5829000 1429.431519 -2.388839 -0.000000 4
data 5830000 1429.322144 2.388676 0.000000 4
data 5831000 1429.218384 -2.388586 -0.000000 4
data 5832000 1429.118042 2.388426 0.000000 4
data 5833000 1429.023071 -2.388333 -0.000000 4
data 5834000 1428.965332 2.388188 0.000000 4
data 5835000 1428.934326 -2.388073 -0.000000 4
data 5836000 1428.943848 2.387951 0.000000 4
data 5837000 1428.955566 -2.387821 -0.000000 4
data 5838000 1428.969360 2.387701 0.000000 4
data 5839000 1428.987183 -2.387569 -0.000000 4
data 5840000 1429.007080 2.387450 0.000000 4
data 5841000 1429.048950 -2.387311 -0.000000 4
data 5842000 1429.072510 2.387193 0.000000 4
data 5843000 1429.093994 -2.387061 -0.000000 4
data 5844000 1429.117310 2.386944 0.000000 4
data 5845000 1429.142456 -2.386810 -0.000000 4
data 5846000 1429.169434 2.386694 0.000000 4
data 5847000 1429.182129 -2.386564 -0.000000 4
data 5848000 1429.192749 2.386443 0.000000 4
data 5849000 1429.195190 -2.386317 -0.000000 4
data 5850000 1429.185669 2.386189 0.000000 4
data 5851000 1429.178101 -2.386066 -0.000000 4
data 5852000 1429.154663 2.385933 0.000000 4
data 5853000 1429.131470 -2.385816 -0.000000 4
data 5854000 1429.110229 2.385684 0.000000 4
data 5855000 1429.061279 -2.385575 -0.000000 4
data 5856000 1428.922974 2.385403 0.000000 4
data 5857000 1428.762085 -2.385333 -0.000000 4
data 5858000 1428.604614 2.385154 0.000000 4
data 5859000 1428.422729 -2.385092 -0.000000 4
data 5860000 1428.240601 2.384905 0.000000 4
data 5861000 1428.054199 -2.384844 -0.000000 4
data 5862000 1427.861572 2.384653 0.000000 4
data 5863000 1427.630981 -2.384607 -0.000000 4
data 5864000 1427.336914 2.384382 0.000000 4
data 5865000 1427.021851 -2.384365 -0.000000 4
data 5866000 1426.616455 2.384102 0.000000 4
data 5867000 1426.167358 -2.384130 -0.000000 4
data 5868000 1425.694946 2.383845 0.000000 4
data 5869000 1425.201538 -2.383888 -0.000000 4
data 5870000 1424.675415 2.383584 0.000000 4
data 5871000 1424.122925 -2.383648 -0.000000 4
data 5872000 1423.568359 2.383335 0.000000 4
data 5873000 1422.997681 -2.383405 -0.000000 4
data 5874000 1422.385376 2.383072 0.000000 4
data 5875000 1421.773560 -2.383156 -0.000000 4
data 5876000 1421.164307 2.382824 0.000000 4
data 5877000 1420.557495 -2.382906 -0.000000 4
data 5878000 1419.959229 2.382578 0.000000 4
data 5879000 1419.361572 -2.382657 -0.000000 4
data 5880000 1418.762451 2.382329 0.000000 4
data 5881000 1418.163940 -2.382408 -0.000000 4
data 5882000 1417.572266 2.382083 0.000000 4
data 5883000 1416.985107 -2.382159 -0.000000 4
data 5884000 1416.406494 2.381838 0.000000 4
data 5885000 1415.836304 -2.381907 -0.000000 4
data 5886000 1415.276611 2.381593 0.000000 4
data 5887000 1414.725342 -2.381656 -0.000000 4
data 5888000 1414.184326 2.381348 0.000000 4
data 5889000 1413.651611 -2.381405 -0.000000 4
data 5890000 1413.146973 2.381110 0.000000 4
data 5891000 1412.650269 -2.381155 -0.000000 4
data 5892000 1412.163452 2.380866 0.000000 4
data 5893000 1411.710205 -2.380895 -0.000000 4
data 5894000 1411.270386 2.380622 0.000000 4
data 5895000 1410.855835 -2.380639 -0.000000 4
data 5896000 1410.450317 2.380378 0.000000 4
data 5897000 1410.061890 -2.380386 -0.000000 4
data 5898000 1409.725952 2.380148 0.000000 4
data 5899000 1409.408325 -2.380132 -0.000000 4
data 5900000 1409.102783 2.379905 0.000000 4
data 5901000 1408.825073 -2.379875 -0.000000 4
data 5902000 1408.616821 2.379681 0.000000 4
data 5903000 1408.417603 -2.379625 -0.000000 4
data 5904000 1408.251099 2.379445 0.000000 4
data 5905000 1408.113037 -2.379368 -0.000000 4
data 5906000 1407.985107 2.379201 0.000000 4
data 5907000 1407.865356 -2.379118 -0.000000 4
data 5908000 1407.755615 2.378957 0.000000 4
data 5909000 1407.649780 -2.378870 -0.000000 4
data 5910000 1407.549927 2.378712 0.000000 4
data 5911000 1407.467651 -2.378617 -0.000000 4
data 5912000 1407.388916 2.378467 0.000000 4
data 5913000 1407.313721 -2.378369 -0.000000 4
data 5914000 1407.246094 2.378223 0.000000 4
data 5915000 1407.183838 -2.378120 -0.000000 4
data 5916000 1407.124878 2.377977 0.000000 4
data 5917000 1407.067139 -2.377874 -0.000000 4
data 5918000 1407.012695 2.377732 0.000000 4
data 5919000 1406.959351 -2.377627 -0.000000 4
data 5920000 1406.905151 2.377485 0.000000 4
data 5921000 1406.854004 -2.377379 -0.000000 4
data 5922000 1406.799927 2.377238 0.000000 4
data 5923000 1406.719116 -2.377142 -0.000000 4
data 5924000 1406.629639 2.376989 0.000000 4
data 5925000 1406.541626 -2.376896 -0.000000 4
data 5926000 1406.397339 2.376724 0.000000 4
data 5927000 1406.231201 -2.376657 -0.000000 4
data 5928000 1406.027466 2.376465 0.000000 4
data 5929000 1405.808350 -2.376416 -0.000000 4
data 5930000 1405.567993 2.376212 0.000000 4
data 5931000 1405.308838 -2.376177 -0.000000 4
data 5932000 1405.016968 2.375956 0.000000 4
data 5933000 1404.706787 -2.375937 -0.000000 4
data 5934000 1404.384277 2.375706 0.000000 4
data 5935000 1404.055664 -2.375694 -0.000000 4
data 5936000 1403.726929 2.375460 0.000000 4
data 5937000 1403.390137 -2.375451 -0.000000 4
data 5938000 1403.043335 2.375212 0.000000 4
data 5939000 1402.682739 -2.375211 -0.000000 4
data 5940000 1402.260986 2.374946 0.000000 4
data 5941000 1401.836182 -2.374966 -0.000000 4
data 5942000 1401.410278 2.374700 0.000000 4
data 5943000 1400.961548 -2.374729 -0.000000 4
data 5944000 1400.518188 2.374457 0.000000 4
data 5945000 1400.077881 -2.374483 -0.000000 4
data 5946000 1399.605103 2.374201 0.000000 4
data 5947000 1399.131836 -2.374238 -0.000000 4
data 5948000 1398.660156 2.373957 0.000000 4
data 5949000 1398.192139 -2.373992 -0.000000 4
data 5950000 1397.719727 2.373711 0.000000 4
data 5951000 1397.254883 -2.373745 -0.000000 4
data 5952000 1396.781738 2.373463 0.000000 4
data 5953000 1396.316284 -2.373497 -0.000000 4
data 5954000 1395.856323 2.373221 0.000000 4
data 5955000 1395.404053 -2.373250 -0.000000 4
data 5956000 1394.959229 2.372979 0.000000 4
data 5957000 1394.521729 -2.373003 -0.000000 4
data 5958000 1394.091675 2.372737 0.000000 4
data 5959000 1393.672852 -2.372756 -0.000000 4
data 5960000 1393.271240 2.372499 0.000000 4
data 5961000 1392.878662 -2.372508 -0.000000 4
data 5962000 1392.493042 2.372257 0.000000 4
data 5963000 1392.116333 -2.372261 -0.000000 4
data 5964000 1391.762207 2.372020 0.000000 4
data 5965000 1391.416748 -2.372014 -0.000000 4
data 5966000 1391.101562 2.371787 0.000000 4
data 5967000 1390.806519 -2.371764 -0.000000 4
data 5968000 1390.549194 2.371556 0.000000 4
data 5969000 1390.325317 -2.371509 -0.000000 4
data 5970000 1390.154297 2.371330 0.000000 4
data 5971000 1389.994019 -2.371262 -0.000000 4
data 5972000 1389.848145 2.371091 0.000000 4
data 5973000 1389.708618 -2.371016 -0.000000 4
data 5974000 1389.579468 2.370851 0.000000 4
data 5975000 1389.454590 -2.370771 -0.000000 4
data 5976000 1389.353638 2.370616 0.000000 4
data 5977000 1389.256592 -2.370527 -0.000000 4
data 5978000 1389.173340 2.370377 0.000000 4
data 5979000 1389.115601 -2.370275 -0.000000 4
data 5980000 1389.081055 2.370142 0.000000 4
data 5981000 1389.077515 -2.370021 -0.000000 4
data 5982000 1389.092529 2.369905 0.000000 4
data 5983000 1389.118042 -2.369775 -0.000000 4
data 5984000 1389.145996 2.369663 0.000000 4
data 5985000 1389.180298 -2.369530 -0.000000 4
data 5986000 1389.216797 2.369421 0.000000 4
data 5987000 1389.255615 -2.369286 -0.000000 4
data 5988000 1389.296509 2.369179 0.000000 4
data 5989000 1389.339478 -2.369043 -0.000000 4
data 5990000 1389.380615 2.368935 0.000000 4
data 5991000 1389.399902 -2.368808 -0.000000 4
data 5992000 1389.389648 2.368683 0.000000 4
data 5993000 1389.371948 -2.368568 -0.000000 4
data 5994000 1389.352783 2.368440 0.000000 4
data 5995000 1389.316528 -2.368331 -0.000000 4
data 5996000 1389.274902 2.368196 0.000000 4
data 5997000 1389.232056 -2.368089 -0.000000 4
data 5998000 1389.136475 2.367936 0.000000 4
data 5999000 1389.028198 -2.367851 -0.000000 4
data 6000000 1388.919312 2.367694 0.000000 4
data 6001000 1388.811890 -2.367609 -0.000000 4
data 6002000 1388.679932 2.367444 0.000000 4
data 6003000 1388.498169 -2.367383 -0.000000 4
data 6004000 1388.272827 2.367188 0.000000 4
data 6005000 1388.048096 -2.367141 -0.000000 4
data 6006000 1387.800171 2.366938 0.000000 4
data 6007000 1387.549072 -2.366901 -0.000000 4
data 6008000 1387.269165 2.366687 0.000000 4
data 6009000 1386.994263 -2.366657 -0.000000 4
data 6010000 1386.682983 2.366433 0.000000 4
data 6011000 1386.335449 -2.366428 -0.000000 4
data 6012000 1385.948120 2.366179 0.000000 4
data 6013000 1385.543335 -2.366193 -0.000000 4
data 6014000 1385.105469 2.365926 0.000000 4
data 6015000 1384.640747 -2.365960 -0.000000 4
data 6016000 1384.167358 2.365682 0.000000 4
data 6017000 1383.667480 -2.365728 -0.000000 4
data 6018000 1383.161377 2.365439 0.000000 4
data 6019000 1382.635254 -2.365493 -0.000000 4
data 6020000 1382.116943 2.365201 0.000000 4
data 6021000 1381.596558 -2.365253 -0.000000 4
data 6022000 1381.062256 2.364955 0.000000 4
data 6023000 1380.530151 -2.365011 -0.000000 4
data 6024000 1379.998169 2.364714 0.000000 4
data 6025000 1379.474243 -2.364768 -0.000000 4
data 6026000 1378.958374 2.364476 0.000000 4
data 6027000 1378.450562 -2.364525 -0.000000 4
data 6028000 1377.952515 2.364239 0.000000 4
data 6029000 1377.468262 -2.364280 -0.000000 4
data 6030000 1376.993774 2.364002 0.000000 4
data 6031000 1376.544800 -2.364031 -0.000000 4
data 6032000 1376.126953 2.363772 0.000000 4
data 6033000 1375.738037 -2.363780 -0.000000 4
data 6034000 1375.363770 2.363536 0.000000 4
data 6035000 1374.998169 -2.363537 -0.000000 4
data 6036000 1374.684692 2.363313 0.000000 4
data 6037000 1374.395142 -2.363289 -0.000000 4
data 6038000 1374.137207 2.363084 0.000000 4
data 6039000 1373.926392 -2.363034 -0.000000 4
data 6040000 1373.748169 2.362855 0.000000 4
data 6041000 1373.596558 -2.362785 -0.000000 4
data 6042000 1373.453125 2.362617 0.000000 4
data 6043000 1373.335938 -2.362536 -0.000000 4
data 6044000 1373.246460 2.362387 0.000000 4
data 6045000 1373.172485 -2.362292 -0.000000 4
data 6046000 1373.102173 2.362149 0.000000 4
data 6047000 1373.035278 -2.362051 -0.000000 4
data 6048000 1372.971802 2.361910 0.000000 4
data 6049000 1372.911621 -2.361810 -0.000000 4
data 6050000 1372.854736 2.361672 0.000000 4
data 6051000 1372.801025 -2.361570 -0.000000 4
data 6052000 1372.750488 2.361434 0.000000 4
data 6053000 1372.695190 -2.361332 -0.000000 4
data 6054000 1372.637085 2.361193 0.000000 4
data 6055000 1372.582153 -2.361092 -0.000000 4
data 6056000 1372.520264 2.360952 0.000000 4
data 6057000 1372.447754 -2.360856 -0.000000 4
data 6058000 1372.366577 2.360710 0.000000 4
data 6059000 1372.268921 -2.360623 -0.000000 4
data 6060000 1372.168823 2.360470 0.000000 4
data 6061000 1372.048462 -2.360390 -0.000000 4
data 6062000 1371.921875 2.360229 0.000000 4
data 6063000 1371.794922 -2.360152 -0.000000 4
data 6064000 1371.650024 2.359985 0.000000 4
data 6065000 1371.500977 -2.359915 -0.000000 4
data 6066000 1371.354004 2.359747 0.000000 4
data 6067000 1371.206909 -2.359676 -0.000000 4
data 6068000 1371.063599 2.359509 0.000000 4
data 6069000 1370.922241 -2.359437 -0.000000 4
data 6070000 1370.741089 2.359258 0.000000 4
data 6071000 1370.558350 -2.359199 -0.000000 4
data 6072000 1370.356079 2.359013 0.000000 4
data 6073000 1370.112671 -2.358974 -0.000000 4
data 6074000 1369.868164 2.358775 0.000000 4
data 6075000 1369.624512 -2.358736 -0.000000 4
data 6076000 1369.358032 2.358529 0.000000 4
data 6077000 1369.047119 -2.358512 -0.000000 4
data 6078000 1368.680420 2.358273 0.000000 4
data 6079000 1368.306030 -2.358277 -0.000000 4
data 6080000 1367.920044 2.358031 0.000000 4
data 6081000 1367.540405 -2.358037 -0.000000 4
data 6082000 1367.149414 2.357789 0.000000 4
data 6083000 1366.750977 -2.357801 -0.000000 4
data 6084000 1366.353149 2.357552 0.000000 4
data 6085000 1365.958008 -2.357563 -0.000000 4
data 6086000 1365.569336 2.357316 0.000000 4
data 6087000 1365.191040 -2.357322 -0.000000 4
data 6088000 1364.819214 2.357081 0.000000 4
data 6089000 1364.453735 -2.357082 -0.000000 4
data 6090000 1364.126221 2.356856 0.000000 4
data 6091000 1363.812500 -2.356840 -0.000000 4
data 6092000 1363.528320 2.356629 0.000000 4
data 6093000 1363.269409 -2.356595 -0.000000 4
data 6094000 1363.045410 2.356403 0.000000 4
data 6095000 1362.851929 -2.356348 -0.000000 4
data 6096000 1362.678833 2.356172 0.000000 4
data 6097000 1362.518066 -2.356107 -0.000000 4
data 6098000 1362.373291 2.355941 0.000000 4
data 6099000 1362.236572 -2.355867 -0.000000 4
data 6100000 1362.131470 2.355714 0.000000 4
data 6101000 1362.029907 -2.355629 -0.000000 4
data 6102000 1361.935913 2.355480 0.000000 4
data 6103000 1361.845337 -2.355391 -0.000000 4
data 6104000 1361.758179 2.355244 0.000000 4
data 6105000 1361.674316 -2.355154 -0.000000 4
data 6106000 1361.593750 2.355009 0.000000 4
data 6107000 1361.516479 -2.354916 -0.000000 4
data 6108000 1361.442261 2.354773 0.000000 4
data 6109000 1361.371216 -2.354678 -0.000000 4
data 6110000 1361.313110 2.354541 0.000000 4
data 6111000 1361.257935 -2.354441 -0.000000 4
data 6112000 1361.205688 2.354306 0.000000 4
data 6113000 1361.156250 -2.354204 -0.000000 4
data 6114000 1361.109619 2.354071 0.000000 4
data 6115000 1361.065674 -2.353967 -0.000000 4
data 6116000 1361.024536 2.353835 0.000000 4
data 6117000 1360.930542 -2.353748 -0.000000 4
data 6118000 1360.827881 2.353597 0.000000 4
data 6119000 1360.716675 -2.353515 -0.000000 4
data 6120000 1360.592896 2.353357 0.000000 4
data 6121000 1360.460815 -2.353282 -0.000000 4
data 6122000 1360.300537 2.353112 0.000000 4
data 6123000 1360.124268 -2.353051 -0.000000 4
data 6124000 1359.946045 2.352875 0.000000 4
data 6125000 1359.754028 -2.352820 -0.000000 4
data 6126000 1359.564087 2.352640 0.000000 4
data 6127000 1359.362549 -2.352588 -0.000000 4
data 6128000 1359.153320 2.352402 0.000000 4
data 6129000 1358.932617 -2.352357 -0.000000 4
data 6130000 1358.708374 2.352166 0.000000 4
data 6131000 1358.439209 -2.352136 -0.000000 4
data 6132000 1358.159180 2.351927 0.000000 4
data 6133000 1357.836792 -2.351915 -0.000000 4
data 6134000 1357.424927 2.351663 0.000000 4
data 6135000 1356.979980 -2.351690 -0.000000 4
data 6136000 1356.534058 2.351427 0.000000 4
data 6137000 1356.090942 -2.351454 -0.000000 4
data 6138000 1355.640869 2.351190 0.000000 4
data 6139000 1355.164185 -2.351228 -0.000000 4
data 6140000 1354.694702 2.350958 0.000000 4
data 6141000 1354.230469 -2.350991 -0.000000 4
data 6142000 1353.767334 2.350723 0.000000 4
data 6143000 1353.297607 -2.350759 -0.000000 4
data 6144000 1352.825195 2.350488 0.000000 4
data 6145000 1352.360107 -2.350522 -0.000000 4
data 6146000 1351.902344 2.350255 0.000000 4
data 6147000 1351.461670 -2.350282 -0.000000 4
data 6148000 1351.031860 2.350025 0.000000 4
data 6149000 1350.609009 -2.350045 -0.000000 4
data 6150000 1350.206909 2.349797 0.000000 4
data 6151000 1349.819458 -2.349806 -0.000000 4
data 6152000 1349.454346 2.349570 0.000000 4
data 6153000 1349.113281 -2.349564 -0.000000 4
data 6154000 1348.825806 2.349353 0.000000 4
data 6155000 1348.545898 -2.349327 -0.000000 4
data 6156000 1348.328735 2.349140 0.000000 4
data 6157000 1348.144043 -2.349083 -0.000000 4
data 6158000 1347.973755 2.348910 0.000000 4
data 6159000 1347.835449 -2.348838 -0.000000 4
data 6160000 1347.703125 2.348678 0.000000 4
data 6161000 1347.578613 -2.348602 -0.000000 4
data 6162000 1347.497559 2.348459 0.000000 4
data 6163000 1347.419800 -2.348367 -0.000000 4
data 6164000 1347.345459 2.348226 0.000000 4
data 6165000 1347.274292 -2.348132 -0.000000 4
data 6166000 1347.206421 2.347994 0.000000 4
data 6167000 1347.141724 -2.347898 -0.000000 4
data 6168000 1347.042603 2.347749 0.000000 4
data 6169000 1346.935059 -2.347667 -0.000000 4
data 6170000 1346.811279 2.347510 0.000000 4
data 6171000 1346.687256 -2.347434 -0.000000 4
data 6172000 1346.513550 2.347261 0.000000 4
data 6173000 1346.342041 -2.347200 -0.000000 4
data 6174000 1346.174683 2.347029 0.000000 4
data 6175000 1346.011353 -2.346966 -0.000000 4
data 6176000 1345.834351 2.346792 0.000000 4
data 6177000 1345.645752 -2.346736 -0.000000 4
data 6178000 1345.443604 2.346554 0.000000 4
data 6179000 1345.239990 -2.346504 -0.000000 4
data 6180000 1345.036865 2.346322 0.000000 4
data 6181000 1344.802612 -2.346281 -0.000000 4
data 6182000 1344.545532 2.346081 0.000000 4
data 6183000 1344.257812 -2.346058 -0.000000 4
data 6184000 1343.967529 2.345848 0.000000 4
data 6185000 1343.676758 -2.345826 -0.000000 4
data 6186000 1343.385376 2.345615 0.000000 4
data 6187000 1343.056030 -2.345605 -0.000000 4
data 6188000 1342.694946 2.345372 0.000000 4
data 6189000 1342.338013 -2.345371 -0.000000 4
data 6190000 1341.985107 2.345141 0.000000 4
data 6191000 1341.622437 -2.345142 -0.000000 4
data 6192000 1341.240356 2.344903 0.000000 4
data 6193000 1340.864746 -2.344908 -0.000000 4
data 6194000 1340.493408 2.344672 0.000000 4
data 6195000 1340.065308 -2.344694 -0.000000 4
data 6196000 1339.644043 2.344442 0.000000 4
data 6197000 1339.229614 -2.344460 -0.000000 4
data 6198000 1338.822021 2.344212 0.000000 4
data 6199000 1338.421143 -2.344226 -0.000000 4
data 6200000 1338.026978 2.343983 0.000000 4
data 6201000 1337.645386 -2.343990 -0.000000 4
data 6202000 1337.274170 2.343754 0.000000 4
data 6203000 1336.909424 -2.343756 -0.000000 4
data 6204000 1336.551025 2.343524 0.000000 4
data 6205000 1336.200928 -2.343522 -0.000000 4
data 6206000 1335.857056 2.343295 0.000000 4
data 6207000 1335.519409 -2.343288 -0.000000 4
data 6208000 1335.187988 2.343066 0.000000 4
data 6209000 1334.884277 -2.343048 -0.000000 4
data 6210000 1334.602173 2.342841 0.000000 4
data 6211000 1334.327637 -2.342814 -0.000000 4
data 6212000 1334.066406 2.342614 0.000000 4
data 6213000 1333.828369 -2.342575 -0.000000 4
data 6214000 1333.611206 2.342389 0.000000 4
data 6215000 1333.414673 -2.342337 -0.000000 4
data 6216000 1333.230713 2.342162 0.000000 4
data 6217000 1333.126465 -2.342080 -0.000000 4
data 6218000 1333.031738 2.341934 0.000000 4
data 6219000 1332.974121 -2.341837 -0.000000 4
data 6220000 1332.923584 2.341706 0.000000 4
data 6221000 1332.880249 -2.341604 -0.000000 4
data 6222000 1332.839844 2.341476 0.000000 4
data 6223000 1332.812256 -2.341369 -0.000000 4
data 6224000 1332.797363 2.341249 0.000000 4
data 6225000 1332.785034 -2.341138 -0.000000 4
data 6226000 1332.775391 2.341019 0.000000 4
data 6227000 1332.768311 -2.340906 -0.000000 4
data 6228000 1332.761597 2.340789 0.000000 4
data 6229000 1332.757446 -2.340675 -0.000000 4
data 6230000 1332.735962 2.340553 0.000000 4
data 6231000 1332.717041 -2.340444 -0.000000 4
data 6232000 1332.684937 2.340318 0.000000 4
data 6233000 1332.653442 -2.340213 -0.000000 4
data 6234000 1332.616699 2.340086 0.000000 4
data 6235000 1332.558838 -2.339990 -0.000000 4
data 6236000 1332.486084 2.339852 0.000000 4
data 6237000 1332.416382 -2.339759 -0.000000 4
data 6238000 1332.312012 2.339610 0.000000 4
data 6239000 1332.199097 -2.339532 -0.000000 4
data 6240000 1332.089478 2.339381 0.000000 4
data 6241000 1331.971313 -2.339304 -0.000000 4
data 6242000 1331.846680 2.339149 0.000000 4
data 6243000 1331.721680 -2.339075 -0.000000 4
data 6244000 1331.586182 2.338917 0.000000 4
data 6245000 1331.434570 -2.338850 -0.000000 4
data 6246000 1331.233398 2.338671 0.000000 4
data 6247000 1331.012817 -2.338627 -0.000000 4
data 6248000 1330.778931 2.338437 0.000000 4
data 6249000 1330.518066 -2.338406 -0.000000 4
data 6250000 1330.188965 2.338186 0.000000 4
data 6251000 1329.792603 -2.338198 -0.000000 4
data 6252000 1329.370850 2.337948 0.000000 4
data 6253000 1328.904419 -2.337983 -0.000000 4
data 6254000 1328.429321 2.337716 0.000000 4
data 6255000 1327.947632 -2.337756 -0.000000 4
data 6256000 1327.453491 2.337483 0.000000 4
data 6257000 1326.947021 -2.337530 -0.000000 4
data 6258000 1326.444214 2.337255 0.000000 4
data 6259000 1325.937134 -2.337303 -0.000000 4
data 6260000 1325.415894 2.337022 0.000000 4
data 6261000 1324.892700 -2.337074 -0.000000 4
data 6262000 1324.355713 2.336788 0.000000 4
data 6263000 1323.826660 -2.336843 -0.000000 4
data 6264000 1323.297729 2.336560 0.000000 4
data 6265000 1322.768921 -2.336614 -0.000000 4
data 6266000 1322.248047 2.336334 0.000000 4
data 6267000 1321.711548 -2.336390 -0.000000 4
data 6268000 1321.173340 2.336104 0.000000 4
data 6269000 1320.643433 -2.336159 -0.000000 4
data 6270000 1320.121582 2.335878 0.000000 4
data 6271000 1319.607910 -2.335928 -0.000000 4
data 6272000 1319.102173 2.335653 0.000000 4
data 6273000 1318.604492 -2.335697 -0.000000 4
data 6274000 1318.132324 2.335432 0.000000 4
data 6275000 1317.679565 -2.335463 -0.000000 4
data 6276000 1317.305176 2.335229 0.000000 4
data 6277000 1316.947388 -2.335229 -0.000000 4
data 6278000 1316.609863 2.335007 0.000000 4
data 6279000 1316.323975 -2.334985 -0.000000 4
data 6280000 1316.091187 2.334796 0.000000 4
data 6281000 1315.869507 -2.334753 -0.000000 4
data 6282000 1315.660889 2.334573 0.000000 4
data 6283000 1315.484863 -2.334515 -0.000000 4
data 6284000 1315.331177 2.334352 0.000000 4
data 6285000 1315.183838 -2.334285 -0.000000 4
data 6286000 1315.040894 2.334126 0.000000 4
data 6287000 1314.908081 -2.334054 -0.000000 4
data 6288000 1314.779419 2.333899 0.000000 4
data 6289000 1314.654907 -2.333825 -0.000000 4
data 6290000 1314.534302 2.333673 0.000000 4
data 6291000 1314.417725 -2.333596 -0.000000 4
data 6292000 1314.295288 2.333443 0.000000 4
data 6293000 1314.172852 -2.333369 -0.000000 4
data 6294000 1314.001221 2.333200 0.000000 4
data 6295000 1313.808472 -2.333148 -0.000000 4
data 6296000 1313.614380 2.332973 0.000000 4
data 6297000 1313.393433 -2.332929 -0.000000 4
data 6298000 1313.173462 2.332746 0.000000 4
data 6299000 1312.917114 -2.332714 -0.000000 4
data 6300000 1312.609009 2.332502 0.000000 4
data 6301000 1312.279175 -2.332494 -0.000000 4
data 6302000 1311.927856 2.332268 0.000000 4
data 6303000 1311.567139 -2.332269 -0.000000 4
data 6304000 1311.181274 2.332034 0.000000 4
data 6305000 1310.754883 -2.332056 -0.000000 4
data 6306000 1310.316040 2.331803 0.000000 4
data 6307000 1309.882446 -2.331827 -0.000000 4
data 6308000 1309.428589 2.331570 0.000000 4
data 6309000 1308.972290 -2.331601 -0.000000 4
data 6310000 1308.507690 2.331341 0.000000 4
data 6311000 1308.044800 -2.331374 -0.000000 4
data 6312000 1307.579712 2.331113 0.000000 4
data 6313000 1307.118286 -2.331146 -0.000000 4
data 6314000 1306.656616 2.330887 0.000000 4
data 6315000 1306.202637 -2.330917 -0.000000 4
data 6316000 1305.752319 2.330662 0.000000 4
data 6317000 1305.309448 -2.330689 -0.000000 4
data 6318000 1304.866211 2.330435 0.000000 4
data 6319000 1304.442383 -2.330456 -0.000000 4
data 6320000 1304.025879 2.330212 0.000000 4
data 6321000 1303.616699 -2.330228 -0.000000 4
data 6322000 1303.216675 2.329988 0.000000 4
data 6323000 1302.847290 -2.329992 -0.000000 4
data 6324000 1302.484741 2.329765 0.000000 4
data 6325000 1302.142700 -2.329760 -0.000000 4
data 6326000 1301.819092 2.329545 0.000000 4
data 6327000 1301.511597 -2.329529 -0.000000 4
data 6328000 1301.210205 2.329321 0.000000 4
data 6329000 1300.940552 -2.329293 -0.000000 4
data 6330000 1300.694336 2.329103 0.000000 4
data 6331000 1300.487305 -2.329055 -0.000000 4
data 6332000 1300.289307 2.328880 0.000000 4
data 6333000 1300.117920 -2.328821 -0.000000 4
data 6334000 1299.951294 2.328656 0.000000 4
data 6335000 1299.797241 -2.328592 -0.000000 4
data 6336000 1299.673340 2.328440 0.000000 4
data 6337000 1299.569336 -2.328360 -0.000000 4
data 6338000 1299.475342 2.328218 0.000000 4
data 6339000 1299.393066 -2.328131 -0.000000 4
data 6340000 1299.320435 2.327996 0.000000 4
data 6341000 1299.257324 -2.327903 -0.000000 4
data 6342000 1299.201538 2.327773 0.000000 4
data 6343000 1299.149170 -2.327677 -0.000000 4
data 6344000 1299.100220 2.327549 0.000000 4
data 6345000 1299.054443 -2.327451 -0.000000 4
data 6346000 1299.011963 2.327325 0.000000 4
data 6347000 1298.972656 -2.327225 -0.000000 4
data 6348000 1298.942383 2.327103 0.000000 4
data 6349000 1298.917114 -2.326998 -0.000000 4
data 6350000 1298.886841 2.326876 0.000000 4
data 6351000 1298.867310 -2.326770 -0.000000 4
data 6352000 1298.850586 2.326653 0.000000 4
data 6353000 1298.856445 -2.326539 -0.000000 4
data 6354000 1298.870605 2.326431 0.000000 4
data 6355000 1298.896973 -2.326310 -0.000000 4
data 6356000 1298.925537 2.326207 0.000000 4
data 6357000 1298.956299 -2.326085 -0.000000 4
data 6358000 1298.989258 2.325983 0.000000 4
data 6359000 1299.024170 -2.325860 -0.000000 4
data 6360000 1299.053345 2.325757 0.000000 4
data 6361000 1299.082520 -2.325636 -0.000000 4
data 6362000 1299.082275 2.325524 0.000000 4
data 6363000 1299.080444 -2.325412 -0.000000 4
data 6364000 1299.057251 2.325293 0.000000 4
data 6365000 1299.032593 -2.325189 -0.000000 4
data 6366000 1299.006592 2.325068 0.000000 4
data 6367000 1298.906372 -2.324988 -0.000000 4
data 6368000 1298.766113 2.324832 0.000000 4
data 6369000 1298.627441 -2.324764 -0.000000 4
data 6370000 1298.490479 2.324609 0.000000 4
data 6371000 1298.339355 -2.324544 -0.000000 4
data 6372000 1298.113403 2.324361 0.000000 4
data 6373000 1297.864380 -2.324328 -0.000000 4
data 6374000 1297.551392 2.324118 0.000000 4
data 6375000 1297.208496 -2.324113 -0.000000 4
data 6376000 1296.826172 2.323882 0.000000 4
data 6377000 1296.377319 -2.323911 -0.000000 4
data 6378000 1295.931519 2.323659 0.000000 4
data 6379000 1295.490479 -2.323686 -0.000000 4
data 6380000 1295.038696 2.323432 0.000000 4
data 6381000 1294.585938 -2.323463 -0.000000 4
data 6382000 1294.128418 2.323208 0.000000 4
data 6383000 1293.677856 -2.323237 -0.000000 4
data 6384000 1293.234375 2.322987 0.000000 4
data 6385000 1292.807617 -2.323009 -0.000000 4
data 6386000 1292.387817 2.322766 0.000000 4
data 6387000 1291.990356 -2.322779 -0.000000 4
data 6388000 1291.599487 2.322545 0.000000 4
data 6389000 1291.224976 -2.322551 -0.000000 4
data 6390000 1290.862671 2.322326 0.000000 4
data 6391000 1290.518311 -2.322322 -0.000000 4
data 6392000 1290.207520 2.322114 0.000000 4
data 6393000 1289.969238 -2.322077 -0.000000 4
data 6394000 1289.735840 2.321892 0.000000 4
data 6395000 1289.519165 -2.321849 -0.000000 4
data 6396000 1289.334717 2.321680 0.000000 4
data 6397000 1289.180176 -2.321617 -0.000000 4
data 6398000 1289.043579 2.321463 0.000000 4
data 6399000 1288.910889 -2.321393 -0.000000 4
data 6400000 1288.793701 2.321245 0.000000 4
data 6401000 1288.686157 -2.321168 -0.000000 4
data 6402000 1288.593994 2.321028 0.000000 4
data 6403000 1288.507202 -2.320944 -0.000000 4
data 6404000 1288.423706 2.320807 0.000000 4
data 6405000 1288.355225 -2.320717 -0.000000 4
data 6406000 1288.289795 2.320585 0.000000 4
data 6407000 1288.227417 -2.320494 -0.000000 4
data 6408000 1288.167969 2.320364 0.000000 4
data 6409000 1288.097900 -2.320275 -0.000000 4
data 6410000 1288.028809 2.320142 0.000000 4
data 6411000 1287.949097 -2.320056 -0.000000 4
data 6412000 1287.868530 2.319920 0.000000 4
data 6413000 1287.753662 -2.319845 -0.000000 4
data 6414000 1287.642212 2.319699 0.000000 4
data 6415000 1287.534180 -2.319622 -0.000000 4
data 6416000 1287.411865 2.319473 0.000000 4
data 6417000 1287.289062 -2.319401 -0.000000 4
data 6418000 1287.161865 2.319250 0.000000 4
data 6419000 1287.022461 -2.319183 -0.000000 4
data 6420000 1286.886841 2.319030 0.000000 4
data 6421000 1286.746948 -2.318963 -0.000000 4
data 6422000 1286.573364 2.318798 0.000000 4
data 6423000 1286.387939 -2.318745 -0.000000 4
data 6424000 1286.204712 2.318577 0.000000 4
data 6425000 1286.023560 -2.318523 -0.000000 4
data 6426000 1285.840576 2.318355 0.000000 4
data 6427000 1285.647827 -2.318305 -0.000000 4
data 6428000 1285.447510 2.318132 0.000000 4
data 6429000 1285.245483 -2.318084 -0.000000 4
data 6430000 1285.039795 2.317909 0.000000 4
data 6431000 1284.826660 -2.317865 -0.000000 4
data 6432000 1284.590454 2.317681 0.000000 4
data 6433000 1284.313599 -2.317657 -0.000000 4
data 6434000 1284.014404 2.317453 0.000000 4
data 6435000 1283.685059 -2.317445 -0.000000 4
data 6436000 1283.349487 2.317231 0.000000 4
data 6437000 1283.015747 -2.317224 -0.000000 4
data 6438000 1282.673950 2.317008 0.000000 4
data 6439000 1282.318115 -2.317008 -0.000000 4
data 6440000 1281.966431 2.316788 0.000000 4
data 6441000 1281.614624 -2.316787 -0.000000 4
data 6442000 1281.249146 2.316563 0.000000 4
data 6443000 1280.877930 -2.316568 -0.000000 4
data 6444000 1280.501099 2.316341 0.000000 4
data 6445000 1280.114746 -2.316351 -0.000000 4
data 6446000 1279.732788 2.316122 0.000000 4
data 6447000 1279.357056 -2.316128 -0.000000 4
data 6448000 1278.987549 2.315904 0.000000 4
data 6449000 1278.624268 -2.315906 -0.000000 4
data 6450000 1278.269043 2.315686 0.000000 4
data 6451000 1277.935425 -2.315679 -0.000000 4
data 6452000 1277.643066 2.315479 0.000000 4
data 6453000 1277.360107 -2.315456 -0.000000 4
data 6454000 1277.102051 2.315266 0.000000 4
data 6455000 1276.849121 -2.315235 -0.000000 4
data 6456000 1276.620728 2.315054 0.000000 4
data 6457000 1276.403076 -2.315012 -0.000000 4
data 6458000 1276.190063 2.314836 0.000000 4
data 6459000 1275.983643 -2.314790 -0.000000 4
data 6460000 1275.781860 2.314617 0.000000 4
data 6461000 1275.604126 -2.314563 -0.000000 4
data 6462000 1275.430664 2.314399 0.000000 4
data 6463000 1275.263306 -2.314341 -0.000000 4
data 6464000 1275.098145 2.314180 0.000000 4
data 6465000 1274.944824 -2.314118 -0.000000 4
data 6466000 1274.795410 2.313962 0.000000 4
data 6467000 1274.649902 -2.313897 -0.000000 4
data 6468000 1274.508423 2.313744 0.000000 4
data 6469000 1274.372681 -2.313676 -0.000000 4
data 6470000 1274.238647 2.313525 0.000000 4
data 6471000 1274.106445 -2.313456 -0.000000 4
data 6472000 1273.966187 2.313303 0.000000 4
data 6473000 1273.806152 -2.313243 -0.000000 4
data 6474000 1273.650024 2.313085 0.000000 4
data 6475000 1273.490112 -2.313025 -0.000000 4
data 6476000 1273.328125 2.312865 0.000000 4
data 6477000 1273.168091 -2.312805 -0.000000 4
data 6478000 1272.996338 2.312643 0.000000 4
data 6479000 1272.828613 -2.312585 -0.000000 4
data 6480000 1272.661011 2.312424 0.000000 4
data 6481000 1272.473877 -2.312372 -0.000000 4
data 6482000 1272.288940 2.312206 0.000000 4
data 6483000 1272.106201 -2.312153 -0.000000 4
data 6484000 1271.921753 2.311987 0.000000 4
data 6485000 1271.719971 -2.311940 -0.000000 4
data 6486000 1271.520386 2.311769 0.000000 4
data 6487000 1271.311523 -2.311724 -0.000000 4
data 6488000 1271.105103 2.311551 0.000000 4
data 6489000 1270.885376 -2.311510 -0.000000 4
data 6490000 1270.654541 2.311329 0.000000 4
data 6491000 1270.416504 -2.311293 -0.000000 4
data 6492000 1270.145874 2.311101 0.000000 4
data 6493000 1269.821533 -2.311092 -0.000000 4
data 6494000 1269.487183 2.310879 0.000000 4
data 6495000 1269.127197 -2.310881 -0.000000 4
data 6496000 1268.724243 2.310648 0.000000 4
data 6497000 1268.306274 -2.310668 -0.000000 4
data 6498000 1267.869385 2.310424 0.000000 4
data 6499000 1267.411987 -2.310456 -0.000000 4
data 6500000 1266.889282 2.310186 0.000000 4
data 6501000 1266.350952 -2.310243 -0.000000 4
data 6502000 1265.791138 2.309962 0.000000 4
data 6503000 1265.237549 -2.310023 -0.000000 4
data 6504000 1264.692261 2.309747 0.000000 4
data 6505000 1264.151123 -2.309804 -0.000000 4
data 6506000 1263.612305 2.309530 0.000000 4
data 6507000 1263.081665 -2.309584 -0.000000 4
data 6508000 1262.555176 2.309313 0.000000 4
data 6509000 1262.036743 -2.309364 -0.000000 4
data 6510000 1261.526367 2.309098 0.000000 4
data 6511000 1261.025879 -2.309143 -0.000000 4
data 6512000 1260.533325 2.308883 0.000000 4
data 6513000 1260.048584 -2.308923 -0.000000 4
data 6514000 1259.577393 2.308670 0.000000 4
data 6515000 1259.115723 -2.308703 -0.000000 4
data 6516000 1258.671387 2.308458 0.000000 4
data 6517000 1258.236572 -2.308483 -0.000000 4
data 6518000 1257.824707 2.308248 0.000000 4
data 6519000 1257.435669 -2.308259 -0.000000 4
data 6520000 1257.104248 2.308048 0.000000 4
data 6521000 1256.781128 -2.308039 -0.000000 4
data 6522000 1256.528809 2.307853 0.000000 4
data 6523000 1256.311279 -2.307811 -0.000000 4
data 6524000 1256.126343 2.307646 0.000000 4
data 6525000 1255.953979 -2.307590 -0.000000 4
data 6526000 1255.792114 2.307432 0.000000 4
data 6527000 1255.664062 -2.307363 -0.000000 4
data 6528000 1255.542236 2.307218 0.000000 4
data 6529000 1255.424438 -2.307145 -0.000000 4
data 6530000 1255.330322 2.307008 0.000000 4
data 6531000 1255.247681 -2.306925 -0.000000 4
data 6532000 1255.168701 2.306792 0.000000 4
data 6533000 1255.095215 -2.306707 -0.000000 4
data 6534000 1255.023315 2.306576 0.000000 4
data 6535000 1254.954834 -2.306489 -0.000000 4
data 6536000 1254.880005 2.306358 0.000000 4
data 6537000 1254.808472 -2.306272 -0.000000 4
data 6538000 1254.740356 2.306143 0.000000 4
data 6539000 1254.675659 -2.306055 -0.000000 4
data 6540000 1254.614136 2.305928 0.000000 4
data 6541000 1254.553833 -2.305838 -0.000000 4
data 6542000 1254.484985 2.305709 0.000000 4
data 6543000 1254.417480 -2.305621 -0.000000 4
data 6544000 1254.353149 2.305494 0.000000 4
data 6545000 1254.274414 -2.305410 -0.000000 4
data 6546000 1254.175537 2.305272 0.000000 4
data 6547000 1254.064453 -2.305197 -0.000000 4
data 6548000 1253.956909 2.305057 0.000000 4
data 6549000 1253.852905 -2.304981 -0.000000 4
data 6550000 1253.732788 2.304836 0.000000 4
data 6551000 1253.616333 -2.304764 -0.000000 4
data 6552000 1253.485962 2.304616 0.000000 4
data 6553000 1253.341553 -2.304552 -0.000000 4
data 6554000 1253.183472 2.304396 0.000000 4
data 6555000 1253.025513 -2.304337 -0.000000 4
data 6556000 1252.850098 2.304175 0.000000 4
data 6557000 1252.604370 -2.304142 -0.000000 4
data 6558000 1252.342163 2.303955 0.000000 4
data 6559000 1251.998901 -2.303952 -0.000000 4
data 6560000 1251.593140 2.303720 0.000000 4
data 6561000 1251.182251 -2.303738 -0.000000 4
data 6562000 1250.756470 2.303501 0.000000 4
data 6563000 1250.276978 -2.303539 -0.000000 4
data 6564000 1249.804810 2.303288 0.000000 4
data 6565000 1249.340088 -2.303322 -0.000000 4
data 6566000 1248.882568 2.303075 0.000000 4
data 6567000 1248.422607 -2.303107 -0.000000 4
data 6568000 1247.969849 2.302862 0.000000 4
data 6569000 1247.508667 -2.302895 -0.000000 4
data 6570000 1247.054932 2.302649 0.000000 4
data 6571000 1246.606445 -2.302678 -0.000000 4
data 6572000 1246.165161 2.302437 0.000000 4
data 6573000 1245.731201 -2.302461 -0.000000 4
data 6574000 1245.304321 2.302224 0.000000 4
data 6575000 1244.866943 -2.302250 -0.000000 4
data 6576000 1244.436768 2.302011 0.000000 4
data 6577000 1244.013672 -2.302033 -0.000000 4
data 6578000 1243.597778 2.301799 0.000000 4
data 6579000 1243.186890 -2.301817 -0.000000 4
data 6580000 1242.784912 2.301587 0.000000 4
data 6581000 1242.401611 -2.301596 -0.000000 4
data 6582000 1242.025024 2.301375 0.000000 4
data 6583000 1241.655151 -2.301380 -0.000000 4
data 6584000 1241.305542 2.301167 0.000000 4
data 6585000 1241.007202 -2.301150 -0.000000 4
data 6586000 1240.734497 2.300960 0.000000 4
data 6587000 1240.479004 -2.300931 -0.000000 4
data 6588000 1240.266113 2.300759 0.000000 4
data 6589000 1240.069946 -2.300711 -0.000000 4
data 6590000 1239.911865 2.300556 0.000000 4
data 6591000 1239.791504 -2.300486 -0.000000 4
data 6592000 1239.690796 2.300348 0.000000 4
data 6593000 1239.601562 -2.300268 -0.000000 4
data 6594000 1239.516113 2.300135 0.000000 4
data 6595000 1239.434204 -2.300053 -0.000000 4
data 6596000 1239.357910 2.299923 0.000000 4
data 6597000 1239.285034 -2.299839 -0.000000 4
data 6598000 1239.215576 2.299711 0.000000 4
data 6599000 1239.149414 -2.299624 -0.000000 4
data 6600000 1239.084717 2.299497 0.000000 4
data 6601000 1239.013550 -2.299412 -0.000000 4
data 6602000 1238.945679 2.299285 0.000000 4
data 6603000 1238.896606 -2.299193 -0.000000 4
data 6604000 1238.850708 2.299072 0.000000 4
data 6605000 1238.792236 -2.298983 -0.000000 4
data 6606000 1238.723145 2.298856 0.000000 4
data 6607000 1238.657227 -2.298769 -0.000000 4
data 6608000 1238.588623 2.298641 0.000000 4
data 6609000 1238.523071 -2.298554 -0.000000 4
data 6610000 1238.460693 2.298429 0.000000 4
data 6611000 1238.383789 -2.298346 -0.000000 4
data 6612000 1238.308228 2.298216 0.000000 4
data 6613000 1238.218140 -2.298137 -0.000000 4
data 6614000 1238.141113 2.298007 0.000000 4
data 6615000 1238.053467 -2.297927 -0.000000 4
data 6616000 1237.969116 2.297795 0.000000 4
data 6617000 1237.878296 -2.297716 -0.000000 4
data 6618000 1237.778931 2.297580 0.000000 4
data 6619000 1237.665283 -2.297508 -0.000000 4
data 6620000 1237.545288 2.297365 0.000000 4
data 6621000 1237.387817 -2.297306 -0.000000 4
data 6622000 1237.214600 2.297147 0.000000 4
data 6623000 1236.986938 -2.297110 -0.000000 4
data 6624000 1236.752197 2.296932 0.000000 4
data 6625000 1236.522095 -2.296896 -0.000000 4
data 6626000 1236.286865 2.296718 0.000000 4
data 6627000 1236.019165 -2.296693 -0.000000 4
data 6628000 1235.725220 2.296498 0.000000 4
data 6629000 1235.420898 -2.296484 -0.000000 4
data 6630000 1235.102539 2.296281 0.000000 4
data 6631000 1234.783936 -2.296271 -0.000000 4
data 6632000 1234.429932 2.296058 0.000000 4
data 6633000 1234.078003 -2.296058 -0.000000 4
data 6634000 1233.708618 2.295841 0.000000 4
data 6635000 1233.320068 -2.295852 -0.000000 4
data 6636000 1232.935791 2.295630 0.000000 4
data 6637000 1232.553955 -2.295639 -0.000000 4
data 6638000 1232.176514 2.295419 0.000000 4
data 6639000 1231.774170 -2.295434 -0.000000 4
data 6640000 1231.362793 2.295204 0.000000 4
data 6641000 1230.948242 -2.295223 -0.000000 4
data 6642000 1230.538452 2.294994 0.000000 4
data 6643000 1230.129639 -2.295011 -0.000000 4
data 6644000 1229.727539 2.294784 0.000000 4
data 6645000 1229.331909 -2.294797 -0.000000 4
data 6646000 1228.942993 2.294574 0.000000 4
data 6647000 1228.560547 -2.294584 -0.000000 4
data 6648000 1228.204102 2.294371 0.000000 4
data 6649000 1227.863647 -2.294367 -0.000000 4
data 6650000 1227.535278 2.294163 0.000000 4
data 6651000 1227.249756 -2.294143 -0.000000 4
data 6652000 1227.006836 2.293964 0.000000 4
data 6653000 1226.774902 -2.293928 -0.000000 4
data 6654000 1226.577271 2.293763 0.000000 4
data 6655000 1226.425171 -2.293703 -0.000000 4
data 6656000 1226.285034 2.293555 0.000000 4
data 6657000 1226.148926 -2.293490 -0.000000 4
data 6658000 1226.016724 2.293345 0.000000 4
data 6659000 1225.888428 -2.293278 -0.000000 4
data 6660000 1225.764038 2.293135 0.000000 4
data 6661000 1225.643433 -2.293066 -0.000000 4
data 6662000 1225.526489 2.292925 0.000000 4
data 6663000 1225.413208 -2.292854 -0.000000 4
data 6664000 1225.303589 2.292715 0.000000 4
data 6665000 1225.197510 -2.292641 -0.000000 4
data 6666000 1225.110718 2.292510 0.000000 4
data 6667000 1225.027222 -2.292430 -0.000000 4
data 6668000 1224.947021 2.292300 0.000000 4
data 6669000 1224.866089 -2.292219 -0.000000 4
data 6670000 1224.776611 2.292087 0.000000 4
data 6671000 1224.688477 -2.292008 -0.000000 4
data 6672000 1224.584106 2.291871 0.000000 4
data 6673000 1224.475464 -2.291799 -0.000000 4
data 6674000 1224.362427 2.291659 0.000000 4
data 6675000 1224.239258 -2.291591 -0.000000 4
data 6676000 1224.117554 2.291449 0.000000 4
data 6677000 1223.997559 -2.291380 -0.000000 4
data 6678000 1223.871338 2.291237 0.000000 4
data 6679000 1223.736938 -2.291172 -0.000000 4
data 6680000 1223.602173 2.291027 0.000000 4
data 6681000 1223.469238 -2.290961 -0.000000 4
data 6682000 1223.337891 2.290817 0.000000 4
data 6683000 1223.159302 -2.290765 -0.000000 4
data 6684000 1222.984863 2.290608 0.000000 4
data 6685000 1222.812378 -2.290554 -0.000000 4
data 6686000 1222.636108 2.290397 0.000000 4
data 6687000 1222.430786 -2.290353 -0.000000 4
data 6688000 1222.225952 2.290187 0.000000 4
data 6689000 1222.023438 -2.290142 -0.000000 4
data 6690000 1221.805664 2.289972 0.000000 4
data 6691000 1221.580688 -2.289935 -0.000000 4
data 6692000 1221.340820 2.289758 0.000000 4
data 6693000 1221.099731 -2.289725 -0.000000 4
data 6694000 1220.828247 2.289539 0.000000 4
data 6695000 1220.550049 -2.289517 -0.000000 4
data 6696000 1220.210693 2.289311 0.000000 4
data 6697000 1219.845825 -2.289315 -0.000000 4
data 6698000 1219.438354 2.289089 0.000000 4
data 6699000 1219.033447 -2.289105 -0.000000 4
data 6700000 1218.625244 2.288878 0.000000 4
data 6701000 1218.215698 -2.288896 -0.000000 4
data 6702000 1217.808838 2.288670 0.000000 4
data 6703000 1217.408569 -2.288684 -0.000000 4
data 6704000 1217.003052 2.288459 0.000000 4
data 6705000 1216.598267 -2.288475 -0.000000 4
data 6706000 1216.184448 2.288247 0.000000 4
data 6707000 1215.767578 -2.288266 -0.000000 4
data 6708000 1215.347778 2.288037 0.000000 4
data 6709000 1214.922974 -2.288059 -0.000000 4
data 6710000 1214.487549 2.287824 0.000000 4
data 6711000 1214.051392 -2.287850 -0.000000 4
data 6712000 1213.618164 2.287616 0.000000 4
data 6713000 1213.188110 -2.287640 -0.000000 4
data 6714000 1212.759155 2.287408 0.000000 4
data 6715000 1212.335327 -2.287430 -0.000000 4
data 6716000 1211.918335 2.287201 0.000000 4
data 6717000 1211.510254 -2.287218 -0.000000 4
data 6718000 1211.107056 2.286994 0.000000 4
data 6719000 1210.710571 -2.287007 -0.000000 4
data 6720000 1210.322754 2.286788 0.000000 4
data 6721000 1209.951538 -2.286794 -0.000000 4
data 6722000 1209.596436 2.286584 0.000000 4
data 6723000 1209.267212 -2.286577 -0.000000 4
data 6724000 1208.977173 2.286387 0.000000 4
data 6725000 1208.696777 -2.286366 -0.000000 4
data 6726000 1208.445190 2.286187 0.000000 4
data 6727000 1208.224365 -2.286148 -0.000000 4
data 6728000 1208.027832 2.285986 0.000000 4
data 6729000 1207.851685 -2.285934 -0.000000 4
data 6730000 1207.718994 2.285790 0.000000 4
data 6731000 1207.590332 -2.285724 -0.000000 4
data 6732000 1207.465698 2.285583 0.000000 4
data 6733000 1207.354614 -2.285512 -0.000000 4
data 6734000 1207.255249 2.285379 0.000000 4
data 6735000 1207.161377 -2.285302 -0.000000 4
data 6736000 1207.075073 2.285173 0.000000 4
data 6737000 1206.992188 -2.285094 -0.000000 4
data 6738000 1206.912598 2.284966 0.000000 4
data 6739000 1206.836426 -2.284884 -0.000000 4
data 6740000 1206.767578 2.284760 0.000000 4
data 6741000 1206.697998 -2.284677 -0.000000 4
data 6742000 1206.631714 2.284553 0.000000 4
data 6743000 1206.568359 -2.284468 -0.000000 4
data 6744000 1206.502441 2.284345 0.000000 4
data 6745000 1206.373291 -2.284279 -0.000000 4
data 6746000 1206.244141 2.284137 0.000000 4
data 6747000 1206.087524 -2.284080 -0.000000 4
data 6748000 1205.899780 2.283920 0.000000 4
data 6749000 1205.710571 -2.283873 -0.000000 4
data 6750000 1205.523682 2.283714 0.000000 4
data 6751000 1205.286621 -2.283680 -0.000000 4
data 6752000 1205.023315 2.283498 0.000000 4
data 6753000 1204.745605 -2.283477 -0.000000 4
data 6754000 1204.457520 2.283288 0.000000 4
data 6755000 1204.161255 -2.283272 -0.000000 4
data 6756000 1203.831543 2.283071 0.000000 4
data 6757000 1203.489990 -2.283068 -0.000000 4
data 6758000 1203.138916 2.282861 0.000000 4
data 6759000 1202.751099 -2.282872 -0.000000 4
data 6760000 1202.322998 2.282642 0.000000 4
data 6761000 1201.862915 -2.282674 -0.000000 4
data 6762000 1201.396484 2.282433 0.000000 4
data 6763000 1200.894653 -2.282478 -0.000000 4
data 6764000 1200.381104 2.282223 0.000000 4
data 6765000 1199.863770 -2.282272 -0.000000 4
data 6766000 1199.338745 2.282013 0.000000 4
data 6767000 1198.815918 -2.282064 -0.000000 4
data 6768000 1198.289551 2.281806 0.000000 4
data 6769000 1197.763428 -2.281858 -0.000000 4
data 6770000 1197.241577 2.281600 0.000000 4
data 6771000 1196.725830 -2.281649 -0.000000 4
data 6772000 1196.218140 2.281396 0.000000 4
data 6773000 1195.718506 -2.281440 -0.000000 4
data 6774000 1195.224854 2.281191 0.000000 4
data 6775000 1194.739136 -2.281231 -0.000000 4
data 6776000 1194.261230 2.280987 0.000000 4
data 6777000 1193.791138 -2.281023 -0.000000 4
data 6778000 1193.330688 2.280784 0.000000 4
data 6779000 1192.889648 -2.280811 -0.000000 4
data 6780000 1192.456055 2.280580 0.000000 4
data 6781000 1192.029907 -2.280602 -0.000000 4
data 6782000 1191.622681 2.280379 0.000000 4
data 6783000 1191.247925 -2.280386 -0.000000 4
data 6784000 1190.926636 2.280189 0.000000 4
data 6785000 1190.613647 -2.280178 -0.000000 4
data 6786000 1190.365112 2.280001 0.000000 4
data 6787000 1190.135742 -2.279966 -0.000000 4
data 6788000 1189.927246 2.279802 0.000000 4
data 6789000 1189.731689 -2.279756 -0.000000 4
data 6790000 1189.564331 2.279604 0.000000 4
data 6791000 1189.419312 -2.279544 -0.000000 4
data 6792000 1189.298096 2.279405 0.000000 4
data 6793000 1189.181030 -2.279337 -0.000000 4
data 6794000 1189.073853 2.279202 0.000000 4
data 6795000 1188.978516 -2.279128 -0.000000 4
data 6796000 1188.896729 2.279001 0.000000 4
data 6797000 1188.820679 -2.278920 -0.000000 4
data 6798000 1188.773438 2.278804 0.000000 4
data 6799000 1188.729614 -2.278714 -0.000000 4
data 6800000 1188.688965 2.278599 0.000000 4
data 6801000 1188.651489 -2.278507 -0.000000 4
data 6802000 1188.628784 2.278398 0.000000 4
data 6803000 1188.609009 -2.278301 -0.000000 4
data 6804000 1188.596069 2.278195 0.000000 4
data 6805000 1188.589722 -2.278094 -0.000000 4
data 6806000 1188.586060 2.277990 0.000000 4
data 6807000 1188.585083 -2.277888 -0.000000 4
data 6808000 1188.586670 2.277786 0.000000 4
data 6809000 1188.590820 -2.277682 -0.000000 4
data 6810000 1188.597412 2.277581 0.000000 4
data 6811000 1188.602539 -2.277477 -0.000000 4
data 6812000 1188.610229 2.277377 0.000000 4
data 6813000 1188.614380 -2.277273 -0.000000 4
data 6814000 1188.618896 2.277172 0.000000 4
data 6815000 1188.608154 -2.277073 -0.000000 4
data 6816000 1188.576660 2.276961 0.000000 4
data 6817000 1188.541992 -2.276869 -0.000000 4
data 6818000 1188.469238 2.276745 0.000000 4
data 6819000 1188.395630 -2.276664 -0.000000 4
data 6820000 1188.295898 2.276533 0.000000 4
data 6821000 1188.195435 -2.276460 -0.000000 4
data 6822000 1188.098267 2.276329 0.000000 4
data 6823000 1188.004395 -2.276254 -0.000000 4
data 6824000 1187.892456 2.276119 0.000000 4
data 6825000 1187.781860 -2.276049 -0.000000 4
data 6826000 1187.668823 2.275914 0.000000 4
data 6827000 1187.557129 -2.275845 -0.000000 4
data 6828000 1187.442993 2.275709 0.000000 4
data 6829000 1187.318604 -2.275643 -0.000000 4
data 6830000 1187.184082 2.275502 0.000000 4
data 6831000 1186.992920 -2.275455 -0.000000 4
data 6832000 1186.762939 2.275286 0.000000 4
data 6833000 1186.518188 -2.275256 -0.000000 4
data 6834000 1186.235352 2.275071 0.000000 4
data 6835000 1185.907104 -2.275065 -0.000000 4
data 6836000 1185.564941 2.274863 0.000000 4
data 6837000 1185.226562 -2.274860 -0.000000 4
data 6838000 1184.892090 2.274660 0.000000 4
data 6839000 1184.559204 -2.274655 -0.000000 4
data 6840000 1184.201050 2.274448 0.000000 4
data 6841000 1183.806030 -2.274462 -0.000000 4
data 6842000 1183.399902 2.274241 0.000000 4
data 6843000 1182.998291 -2.274257 -0.000000 4
data 6844000 1182.601196 2.274039 0.000000 4
data 6845000 1182.158081 -2.274066 -0.000000 4
data 6846000 1181.708252 2.273833 0.000000 4
data 6847000 1181.265503 -2.273861 -0.000000 4
data 6848000 1180.843262 2.273636 0.000000 4
data 6849000 1180.427734 -2.273655 -0.000000 4
data 6850000 1180.009155 2.273431 0.000000 4
data 6851000 1179.597412 -2.273450 -0.000000 4
data 6852000 1179.192261 2.273230 0.000000 4
data 6853000 1178.807373 -2.273240 -0.000000 4
data 6854000 1178.432861 2.273029 0.000000 4
data 6855000 1178.068604 -2.273034 -0.000000 4
data 6856000 1177.710571 2.272828 0.000000 4
data 6857000 1177.380127 -2.272823 -0.000000 4
data 6858000 1177.082886 2.272634 0.000000 4
data 6859000 1176.808716 -2.272613 -0.000000 4
data 6860000 1176.543823 2.272434 0.000000 4
data 6861000 1176.354126 -2.272388 -0.000000 4
data 6862000 1176.184448 2.272237 0.000000 4
data 6863000 1176.049927 -2.272174 -0.000000 4
data 6864000 1175.946655 2.272043 0.000000 4
data 6865000 1175.850708 -2.271969 -0.000000 4
data 6866000 1175.768066 2.271844 0.000000 4
data 6867000 1175.690674 -2.271765 -0.000000 4
data 6868000 1175.634033 2.271647 0.000000 4
data 6869000 1175.580566 -2.271561 -0.000000 4
data 6870000 1175.549316 2.271451 0.000000 4
data 6871000 1175.520874 -2.271358 -0.000000 4
data 6872000 1175.495117 2.271249 0.000000 4
data 6873000 1175.472046 -2.271154 -0.000000 4
data 6874000 1175.451538 2.271047 0.000000 4
data 6875000 1175.410156 -2.270957 -0.000000 4
data 6876000 1175.342407 2.270837 0.000000 4
data 6877000 1175.269897 -2.270756 -0.000000 4
data 6878000 1175.186768 2.270631 0.000000 4
data 6879000 1175.100952 -2.270555 -0.000000 4
data 6880000 1175.012451 2.270428 0.000000 4
data 6881000 1174.925171 -2.270352 -0.000000 4
data 6882000 1174.840942 2.270226 0.000000 4
data 6883000 1174.759766 -2.270149 -0.000000 4
data 6884000 1174.671997 2.270022 0.000000 4
data 6885000 1174.587158 -2.269946 -0.000000 4
data 6886000 1174.501465 2.269820 0.000000 4
data 6887000 1174.405396 -2.269747 -0.000000 4
data 6888000 1174.312378 2.269619 0.000000 4
data 6889000 1174.220459 -2.269544 -0.000000 4
data 6890000 1174.118042 2.269414 0.000000 4
data 6891000 1174.007080 -2.269345 -0.000000 4
data 6892000 1173.872070 2.269205 0.000000 4
data 6893000 1173.740601 -2.269142 -0.000000 4
data 6894000 1173.610596 2.269003 0.000000 4
data 6895000 1173.445190 -2.268950 -0.000000 4
data 6896000 1173.256470 2.268795 0.000000 4
data 6897000 1173.015503 -2.268764 -0.000000 4
data 6898000 1172.757568 2.268588 0.000000 4
data 6899000 1172.496704 -2.268563 -0.000000 4
data 6900000 1172.238647 2.268387 0.000000 4
data 6901000 1171.985352 -2.268360 -0.000000 4
data 6902000 1171.730835 2.268185 0.000000 4
data 6903000 1171.430664 -2.268172 -0.000000 4
data 6904000 1171.096924 2.267974 0.000000 4
data 6905000 1170.704712 -2.267987 -0.000000 4
data 6906000 1170.289551 2.267766 0.000000 4
data 6907000 1169.878906 -2.267785 -0.000000 4
data 6908000 1169.391479 2.267543 0.000000 4
data 6909000 1168.907227 -2.267582 -0.000000 4
data 6910000 1168.410767 2.267338 0.000000 4
data 6911000 1167.900513 -2.267385 -0.000000 4
data 6912000 1167.395752 2.267138 0.000000 4
data 6913000 1166.892700 -2.267183 -0.000000 4
data 6914000 1166.385620 2.266936 0.000000 4
data 6915000 1165.878296 -2.266982 -0.000000 4
data 6916000 1165.376709 2.266737 0.000000 4
data 6917000 1164.882812 -2.266779 -0.000000 4
data 6918000 1164.396362 2.266538 0.000000 4
data 6919000 1163.917358 -2.266576 -0.000000 4
data 6920000 1163.445801 2.266339 0.000000 4
data 6921000 1162.983643 -2.266373 -0.000000 4
data 6922000 1162.530762 2.266141 0.000000 4
data 6923000 1162.096680 -2.266166 -0.000000 4
data 6924000 1161.698730 2.265951 0.000000 4
data 6925000 1161.330688 -2.265957 -0.000000 4
data 6926000 1160.970947 2.265753 0.000000 4
data 6927000 1160.623413 -2.265753 -0.000000 4
data 6928000 1160.315063 2.265564 0.000000 4
data 6929000 1160.037598 -2.265543 -0.000000 4
data 6930000 1159.769531 2.265366 0.000000 4
data 6931000 1159.524414 -2.265336 -0.000000 4
data 6932000 1159.296021 2.265170 0.000000 4
data 6933000 1159.082397 -2.265132 -0.000000 4
data 6934000 1158.904663 2.264980 0.000000 4
data 6935000 1158.731323 -2.264930 -0.000000 4
data 6936000 1158.581787 2.264787 0.000000 4
data 6937000 1158.436401 -2.264729 -0.000000 4
data 6938000 1158.296997 2.264589 0.000000 4
data 6939000 1158.159790 -2.264528 -0.000000 4
data 6940000 1158.026611 2.264390 0.000000 4
data 6941000 1157.899292 -2.264326 -0.000000 4
data 6942000 1157.775879 2.264191 0.000000 4
data 6943000 1157.677490 -2.264119 -0.000000 4
data 6944000 1157.582642 2.263992 0.000000 4
data 6945000 1157.491333 -2.263918 -0.000000 4
data 6946000 1157.374390 2.263784 0.000000 4
data 6947000 1157.235962 -2.263724 -0.000000 4
data 6948000 1157.089844 2.263582 0.000000 4
data 6949000 1156.941772 -2.263525 -0.000000 4
data 6950000 1156.791992 2.263382 0.000000 4
data 6951000 1156.632568 -2.263328 -0.000000 4
data 6952000 1156.473267 2.263183 0.000000 4
data 6953000 1156.318115 -2.263128 -0.000000 4
data 6954000 1156.139893 2.262976 0.000000 4
data 6955000 1155.965942 -2.262927 -0.000000 4
data 6956000 1155.778687 2.262773 0.000000 4
data 6957000 1155.562866 -2.262735 -0.000000 4
data 6958000 1155.320557 2.262566 0.000000 4
data 6959000 1155.019287 -2.262553 -0.000000 4
data 6960000 1154.692505 2.262359 0.000000 4
data 6961000 1154.336670 -2.262362 -0.000000 4
data 6962000 1153.959839 2.262154 0.000000 4
data 6963000 1153.571899 -2.262166 -0.000000 4
data 6964000 1153.182739 2.261955 0.000000 4
data 6965000 1152.770996 -2.261973 -0.000000 4
data 6966000 1152.294434 2.261737 0.000000 4
data 6967000 1151.802124 -2.261779 -0.000000 4
data 6968000 1151.305786 2.261537 0.000000 4
data 6969000 1150.813232 -2.261579 -0.000000 4
data 6970000 1150.320557 2.261338 0.000000 4
data 6971000 1149.820068 -2.261382 -0.000000 4
data 6972000 1149.317627 2.261138 0.000000 4
data 6973000 1148.801880 -2.261187 -0.000000 4
data 6974000 1148.294067 2.260942 0.000000 4
data 6975000 1147.794189 -2.260986 -0.000000 4
data 6976000 1147.302124 2.260745 0.000000 4
data 6977000 1146.818115 -2.260785 -0.000000 4
data 6978000 1146.341675 2.260549 0.000000 4
data 6979000 1145.896240 -2.260577 -0.000000 4
data 6980000 1145.471802 2.260356 0.000000 4
data 6981000 1145.083496 -2.260368 -0.000000 4
data 6982000 1144.707886 2.260161 0.000000 4
data 6983000 1144.410645 -2.260147 -0.000000 4
data 6984000 1144.148193 2.259973 0.000000 4
data 6985000 1143.908813 -2.259942 -0.000000 4
data 6986000 1143.732666 2.259793 0.000000 4
data 6987000 1143.578735 -2.259737 -0.000000 4
data 6988000 1143.454468 2.259603 0.000000 4
data 6989000 1143.347778 -2.259534 -0.000000 4
data 6990000 1143.270142 2.259413 0.000000 4
data 6991000 1143.203857 -2.259333 -0.000000 4
data 6992000 1143.143066 2.259216 0.000000 4
data 6993000 1143.101074 -2.259129 -0.000000 4
data 6994000 1143.091309 2.259027 0.000000 4
data 6995000 1143.084229 -2.258930 -0.000000 4
data 6996000 1143.079956 2.258830 0.000000 4
data 6997000 1143.078369 -2.258732 -0.000000 4
data 6998000 1143.050415 2.258625 0.000000 4
data 6999000 1143.023438 -2.258533 -0.000000 4
data 7000000 1142.977905 2.258421 0.000000 4
data 7001000 1142.935547 -2.258335 -0.000000 4
data 7002000 1142.892090 2.258224 0.000000 4
data 7003000 1142.841919 -2.258139 -0.000000 4
data 7004000 1142.792847 2.258026 0.000000 4
data 7005000 1142.742920 -2.257941 -0.000000 4
data 7006000 1142.690063 2.257828 0.000000 4
data 7007000 1142.640137 -2.257743 -0.000000 4
data 7008000 1142.585449 2.257629 0.000000 4
data 7009000 1142.533691 -2.257545 -0.000000 4
data 7010000 1142.484985 2.257432 0.000000 4
data 7011000 1142.439087 -2.257346 -0.000000 4
data 7012000 1142.388062 2.257233 0.000000 4
data 7013000 1142.339966 -2.257148 -0.000000 4
data 7014000 1142.294678 2.257037 0.000000 4
data 7015000 1142.234741 -2.256955 -0.000000 4
data 7016000 1142.162109 2.256836 0.000000 4
data 7017000 1142.057617 -2.256767 -0.000000 4
data 7018000 1141.923462 2.256630 0.000000 4
data 7019000 1141.758179 -2.256579 -0.000000 4
data 7020000 1141.573608 2.256428 0.000000 4
data 7021000 1141.348633 -2.256393 -0.000000 4
data 7022000 1141.103027 2.256224 0.000000 4
data 7023000 1140.811890 -2.256209 -0.000000 4
data 7024000 1140.522217 2.256028 0.000000 4
data 7025000 1140.144775 -2.256037 -0.000000 4
data 7026000 1139.734863 2.255822 0.000000 4
data 7027000 1139.308350 -2.255845 -0.000000 4
data 7028000 1138.870972 2.255622 0.000000 4
data 7029000 1138.380615 -2.255663 -0.000000 4
data 7030000 1137.885986 2.255424 0.000000 4
data 7031000 1137.383423 -2.255469 -0.000000 4
data 7032000 1136.876831 2.255226 0.000000 4
data 7033000 1136.362427 -2.255274 -0.000000 4
data 7034000 1135.849976 2.255030 0.000000 4
data 7035000 1135.329834 -2.255080 -0.000000 4
data 7036000 1134.815552 2.254835 0.000000 4
data 7037000 1134.309082 -2.254881 -0.000000 4
data 7038000 1133.800659 2.254638 0.000000 4
data 7039000 1133.292358 -2.254684 -0.000000 4
data 7040000 1132.799683 2.254446 0.000000 4
data 7041000 1132.314697 -2.254486 -0.000000 4
data 7042000 1131.837280 2.254252 0.000000 4
data 7043000 1131.367554 -2.254287 -0.000000 4
data 7044000 1130.943848 2.254069 0.000000 4
data 7045000 1130.538940 -2.254086 -0.000000 4
data 7046000 1130.144653 2.253876 0.000000 4
data 7047000 1129.776489 -2.253882 -0.000000 4
data 7048000 1129.445801 2.253690 0.000000 4
data 7049000 1129.190918 -2.253665 -0.000000 4
data 7050000 1128.978027 2.253506 0.000000 4
data 7051000 1128.806763 -2.253457 -0.000000 4
data 7052000 1128.686523 2.253325 0.000000 4
data 7053000 1128.612671 -2.253248 -0.000000 4
data 7054000 1128.550171 2.253132 0.000000 4
data 7055000 1128.490967 -2.253051 -0.000000 4
data 7056000 1128.436890 2.252938 0.000000 4
data 7057000 1128.390015 -2.252853 -0.000000 4
data 7058000 1128.352051 2.252745 0.000000 4
data 7059000 1128.328735 -2.252653 -0.000000 4
data 7060000 1128.308105 2.252550 0.000000 4
data 7061000 1128.290283 -2.252457 -0.000000 4
data 7062000 1128.257812 2.252350 0.000000 4
data 7063000 1128.245605 -2.252256 -0.000000 4
data 7064000 1128.245728 2.252158 0.000000 4
data 7065000 1128.238525 -2.252062 -0.000000 4
data 7066000 1128.233887 2.251963 0.000000 4
data 7067000 1128.210449 -2.251872 -0.000000 4
data 7068000 1128.183838 2.251767 0.000000 4
data 7069000 1128.159790 -2.251676 -0.000000 4
data 7070000 1128.138428 2.251572 0.000000 4
data 7071000 1128.113892 -2.251482 -0.000000 4
data 7072000 1128.082153 2.251375 0.000000 4
data 7073000 1128.052979 -2.251286 -0.000000 4
data 7074000 1127.993652 2.251171 0.000000 4
data 7075000 1127.908081 -2.251098 -0.000000 4
data 7076000 1127.804443 2.250971 0.000000 4
data 7077000 1127.700073 -2.250903 -0.000000 4
data 7078000 1127.558594 2.250766 0.000000 4
data 7079000 1127.384033 -2.250718 -0.000000 4
data 7080000 1127.199951 2.250568 0.000000 4
data 7081000 1126.983154 -2.250532 -0.000000 4
data 7082000 1126.738037 2.250365 0.000000 4
data 7083000 1126.484009 -2.250340 -0.000000 4
data 7084000 1126.215576 2.250166 0.000000 4
data 7085000 1125.915405 -2.250154 -0.000000 4
data 7086000 1125.601196 2.249968 0.000000 4
data 7087000 1125.292480 -2.249958 -0.000000 4
data 7088000 1124.946655 2.249763 0.000000 4
data 7089000 1124.560303 -2.249774 -0.000000 4
data 7090000 1124.143677 2.249559 0.000000 4
data 7091000 1123.681519 -2.249593 -0.000000 4
data 7092000 1123.201294 2.249360 0.000000 4
data 7093000 1122.726440 -2.249397 -0.000000 4
data 7094000 1122.255005 2.249166 0.000000 4
data 7095000 1121.759888 -2.249209 -0.000000 4
data 7096000 1121.264648 2.248972 0.000000 4
data 7097000 1120.776855 -2.249012 -0.000000 4
data 7098000 1120.296631 2.248780 0.000000 4
data 7099000 1119.808350 -2.248820 -0.000000 4
data 7100000 1119.327637 2.248588 0.000000 4
data 7101000 1118.854370 -2.248624 -0.000000 4
data 7102000 1118.411621 2.248402 0.000000 4
data 7103000 1117.976074 -2.248428 -0.000000 4
data 7104000 1117.549561 2.248211 0.000000 4
data 7105000 1117.155151 -2.248225 -0.000000 4
data 7106000 1116.769287 2.248019 0.000000 4
data 7107000 1116.393921 -2.248028 -0.000000 4
data 7108000 1116.028931 2.247828 0.000000 4
data 7109000 1115.693481 -2.247826 -0.000000 4
data 7110000 1115.366089 2.247637 0.000000 4
data 7111000 1115.046753 -2.247629 -0.000000 4
data 7112000 1114.768066 2.247454 0.000000 4
data 7113000 1114.504639 -2.247431 -0.000000 4
data 7114000 1114.252441 2.247264 0.000000 4
data 7115000 1114.009277 -2.247235 -0.000000 4
data 7116000 1113.790527 2.247077 0.000000 4
data 7117000 1113.619263 -2.247028 -0.000000 4
data 7118000 1113.481323 2.246893 0.000000 4
data 7119000 1113.355225 -2.246831 -0.000000 4
data 7120000 1113.244629 2.246703 0.000000 4
data 7121000 1113.137939 -2.246637 -0.000000 4
data 7122000 1113.034912 2.246511 0.000000 4
data 7123000 1112.935547 -2.246442 -0.000000 4
data 7124000 1112.839844 2.246319 0.000000 4
data 7125000 1112.745728 -2.246248 -0.000000 4
data 7126000 1112.647339 2.246124 0.000000 4
data 7127000 1112.550537 -2.246055 -0.000000 4
data 7128000 1112.428345 2.245924 0.000000 4
data 7129000 1112.310059 -2.245861 -0.000000 4
data 7130000 1112.195435 2.245732 0.000000 4
data 7131000 1112.076782 -2.245668 -0.000000 4
data 7132000 1111.961792 2.245540 0.000000 4
data 7133000 1111.846680 -2.245476 -0.000000 4
data 7134000 1111.735107 2.245348 0.000000 4
data 7135000 1111.621338 -2.245283 -0.000000 4
data 7136000 1111.501587 2.245153 0.000000 4
data 7137000 1111.368042 -2.245094 -0.000000 4
data 7138000 1111.218994 2.244956 0.000000 4
data 7139000 1111.052612 -2.244906 -0.000000 4
data 7140000 1110.890259 2.244764 0.000000 4
data 7141000 1110.726196 -2.244714 -0.000000 4
data 7142000 1110.560425 2.244571 0.000000 4
data 7143000 1110.394897 -2.244521 -0.000000 4
data 7144000 1110.225708 2.244377 0.000000 4
data 7145000 1110.060547 -2.244327 -0.000000 4
data 7146000 1109.889893 2.244183 0.000000 4
data 7147000 1109.711670 -2.244137 -0.000000 4
data 7148000 1109.531860 2.243990 0.000000 4
data 7149000 1109.311890 -2.243956 -0.000000 4
data 7150000 1109.084839 2.243796 0.000000 4
data 7151000 1108.822021 -2.243773 -0.000000 4
data 7152000 1108.531494 2.243596 0.000000 4
data 7153000 1108.232788 -2.243583 -0.000000 4
data 7154000 1107.877808 2.243388 0.000000 4
data 7155000 1107.513428 -2.243393 -0.000000 4
data 7156000 1107.153320 2.243196 0.000000 4
data 7157000 1106.739502 -2.243216 -0.000000 4
data 7158000 1106.307373 2.242999 0.000000 4
data 7159000 1105.882202 -2.243022 -0.000000 4
data 7160000 1105.429077 2.242800 0.000000 4
data 7161000 1104.973389 -2.242831 -0.000000 4
data 7162000 1104.524902 2.242610 0.000000 4
data 7163000 1104.079712 -2.242638 -0.000000 4
data 7164000 1103.641602 2.242419 0.000000 4
data 7165000 1103.206665 -2.242445 -0.000000 4
data 7166000 1102.778809 2.242229 0.000000 4
data 7167000 1102.361816 -2.242250 -0.000000 4
data 7168000 1101.951660 2.242040 0.000000 4
data 7169000 1101.548218 -2.242056 -0.000000 4
data 7170000 1101.151733 2.241850 0.000000 4
data 7171000 1100.752197 -2.241865 -0.000000 4
data 7172000 1100.369141 2.241663 0.000000 4
data 7173000 1099.992676 -2.241672 -0.000000 4
data 7174000 1099.626587 2.241474 0.000000 4
data 7175000 1099.266968 -2.241479 -0.000000 4
data 7176000 1098.948364 2.241294 0.000000 4
data 7177000 1098.668579 -2.241276 -0.000000 4
data 7178000 1098.409790 2.241108 0.000000 4
data 7179000 1098.206421 -2.241069 -0.000000 4
data 7180000 1098.007812 2.240918 0.000000 4
data 7181000 1097.839111 -2.240870 -0.000000 4
data 7182000 1097.682495 2.240730 0.000000 4
data 7183000 1097.530151 -2.240677 -0.000000 4
data 7184000 1097.384033 2.240541 0.000000 4
data 7185000 1097.259277 -2.240480 -0.000000 4
data 7186000 1097.152100 2.240355 0.000000 4
data 7187000 1097.048584 -2.240288 -0.000000 4
data 7188000 1096.948730 2.240165 0.000000 4
data 7189000 1096.852539 -2.240096 -0.000000 4
data 7190000 1096.752197 2.239972 0.000000 4
data 7191000 1096.663086 -2.239902 -0.000000 4
data 7192000 1096.577515 2.239782 0.000000 4
data 7193000 1096.495361 -2.239710 -0.000000 4
data 7194000 1096.412720 2.239591 0.000000 4
data 7195000 1096.329590 -2.239519 -0.000000 4
data 7196000 1096.249756 2.239401 0.000000 4
data 7197000 1096.169434 -2.239328 -0.000000 4
data 7198000 1096.092407 2.239211 0.000000 4
data 7199000 1096.018433 -2.239137 -0.000000 4
data 7200000 1095.947754 2.239022 0.000000 4
data 7201000 1095.876343 -2.238946 -0.000000 4
data 7202000 1095.790649 2.238827 0.000000 4
data 7203000 1095.692749 -2.238759 -0.000000 4
data 7204000 1095.586792 2.238634 0.000000 4
data 7205000 1095.480347 -2.238569 -0.000000 4
data 7206000 1095.369507 2.238442 0.000000 4
data 7207000 1095.256470 -2.238379 -0.000000 4
data 7208000 1095.146851 2.238253 0.000000 4
data 7209000 1095.029175 -2.238190 -0.000000 4
data 7210000 1094.914917 2.238064 0.000000 4
data 7211000 1094.796387 -2.238001 -0.000000 4
data 7212000 1094.677368 2.237873 0.000000 4
data 7213000 1094.560059 -2.237811 -0.000000 4
data 7214000 1094.423096 2.237678 0.000000 4
data 7215000 1094.287720 -2.237620 -0.000000 4
data 7216000 1094.113525 2.237477 0.000000 4
data 7217000 1093.885742 -2.237445 -0.000000 4
data 7218000 1093.654785 2.237286 0.000000 4
data 7219000 1093.409058 -2.237259 -0.000000 4
data 7220000 1093.166138 2.237097 0.000000 4
data 7221000 1092.916504 -2.237071 -0.000000 4
data 7222000 1092.671631 2.236908 0.000000 4
data 7223000 1092.431396 -2.236879 -0.000000 4
data 7224000 1092.195923 2.236719 0.000000 4
data 7225000 1091.965088 -2.236688 -0.000000 4
data 7226000 1091.734985 2.236530 0.000000 4
data 7227000 1091.509521 -2.236497 -0.000000 4
data 7228000 1091.271240 2.236336 0.000000 4
data 7229000 1091.026123 -2.236309 -0.000000 4
data 7230000 1090.772217 2.236144 0.000000 4
data 7231000 1090.505859 -2.236123 -0.000000 4
data 7232000 1090.244507 2.235956 0.000000 4
data 7233000 1090.005493 -2.235927 -0.000000 4
data 7234000 1089.767334 2.235767 0.000000 4
data 7235000 1089.533813 -2.235737 -0.000000 4
data 7236000 1089.304932 2.235579 0.000000 4
data 7237000 1089.059448 -2.235552 -0.000000 4
data 7238000 1088.816895 2.235390 0.000000 4
data 7239000 1088.579102 -2.235361 -0.000000 4
data 7240000 1088.346069 2.235202 0.000000 4
data 7241000 1088.113770 -2.235172 -0.000000 4
data 7242000 1087.878418 2.235012 0.000000 4
data 7243000 1087.628540 -2.234986 -0.000000 4
data 7244000 1087.377686 2.234823 0.000000 4
data 7245000 1087.116333 -2.234800 -0.000000 4
data 7246000 1086.844604 2.234631 0.000000 4
data 7247000 1086.568237 -2.234612 -0.000000 4
data 7248000 1086.279785 2.234438 0.000000 4
data 7249000 1085.988892 -2.234424 -0.000000 4
data 7250000 1085.697510 2.234249 0.000000 4
data 7251000 1085.411499 -2.234233 -0.000000 4
data 7252000 1085.130737 2.234061 0.000000 4
data 7253000 1084.853149 -2.234044 -0.000000 4
data 7254000 1084.582764 2.233875 0.000000 4
data 7255000 1084.313599 -2.233855 -0.000000 4
data 7256000 1084.049561 2.233687 0.000000 4
data 7257000 1083.790527 -2.233665 -0.000000 4
data 7258000 1083.530640 2.233498 0.000000 4
data 7259000 1083.268066 -2.233476 -0.000000 4
data 7260000 1083.004883 2.233310 0.000000 4
data 7261000 1082.746826 -2.233286 -0.000000 4
data 7262000 1082.489746 2.233121 0.000000 4
data 7263000 1082.230103 -2.233099 -0.000000 4
data 7264000 1081.963989 2.232931 0.000000 4
data 7265000 1081.691284 -2.232912 -0.000000 4
data 7266000 1081.420044 2.232743 0.000000 4
data 7267000 1081.151978 -2.232723 -0.000000 4
data 7268000 1080.889160 2.232556 0.000000 4
data 7269000 1080.625610 -2.232534 -0.000000 4
data 7270000 1080.367065 2.232369 0.000000 4
data 7271000 1080.113647 -2.232345 -0.000000 4
data 7272000 1079.865112 2.232182 0.000000 4
data 7273000 1079.621582 -2.232155 -0.000000 4
data 7274000 1079.382935 2.231996 0.000000 4
data 7275000 1079.149170 -2.231966 -0.000000 4
data 7276000 1078.918335 2.231808 0.000000 4
data 7277000 1078.692139 -2.231776 -0.000000 4
data 7278000 1078.470703 2.231622 0.000000 4
data 7279000 1078.254028 -2.231587 -0.000000 4
data 7280000 1078.036133 2.231433 0.000000 4
data 7281000 1077.822754 -2.231398 -0.000000 4
data 7282000 1077.608276 2.231245 0.000000 4
data 7283000 1077.409912 -2.231205 -0.000000 4
data 7284000 1077.204468 2.231055 0.000000 4
data 7285000 1077.003540 -2.231016 -0.000000 4
data 7286000 1076.806885 2.230869 0.000000 4
data 7287000 1076.626221 -2.230824 -0.000000 4
data 7288000 1076.449829 2.230682 0.000000 4
data 7289000 1076.277588 -2.230636 -0.000000 4
data 7290000 1076.109497 2.230496 0.000000 4
data 7291000 1075.953125 -2.230445 -0.000000 4
data 7292000 1075.793091 2.230307 0.000000 4
data 7293000 1075.637085 -2.230256 -0.000000 4
data 7294000 1075.488770 2.230122 0.000000 4
data 7295000 1075.332642 -2.230071 -0.000000 4
data 7296000 1075.178589 2.229935 0.000000 4
data 7297000 1075.030273 -2.229882 -0.000000 4
data 7298000 1074.885864 2.229748 0.000000 4
data 7299000 1074.710571 -2.229703 -0.000000 4
data 7300000 1074.537476 2.229562 0.000000 4
data 7301000 1074.328125 -2.229526 -0.000000 4
data 7302000 1074.121216 2.229375 0.000000 4
data 7303000 1073.905273 -2.229341 -0.000000 4
data 7304000 1073.692017 2.229189 0.000000 4
data 7305000 1073.477295 -2.229154 -0.000000 4
data 7306000 1073.207520 2.228987 0.000000 4
data 7307000 1072.925537 -2.228970 -0.000000 4
data 7308000 1072.608398 2.228790 0.000000 4
data 7309000 1072.296875 -2.228782 -0.000000 4
data 7310000 1071.971558 2.228599 0.000000 4
data 7311000 1071.615479 -2.228603 -0.000000 4
data 7312000 1071.203857 2.228397 0.000000 4
data 7313000 1070.781738 -2.228419 -0.000000 4
data 7314000 1070.358521 2.228210 0.000000 4
data 7315000 1069.886475 -2.228246 -0.000000 4
data 7316000 1069.408203 2.228022 0.000000 4
data 7317000 1068.912354 -2.228064 -0.000000 4
data 7318000 1068.418335 2.227835 0.000000 4
data 7319000 1067.929932 -2.227876 -0.000000 4
data 7320000 1067.449097 2.227651 0.000000 4
data 7321000 1066.973755 -2.227688 -0.000000 4
data 7322000 1066.505859 2.227467 0.000000 4
data 7323000 1066.037720 -2.227501 -0.000000 4
data 7324000 1065.577026 2.227282 0.000000 4
data 7325000 1065.123657 -2.227313 -0.000000 4
data 7326000 1064.671875 2.227096 0.000000 4
data 7327000 1064.198608 -2.227132 -0.000000 4
data 7328000 1063.732910 2.226912 0.000000 4
data 7329000 1063.274658 -2.226944 -0.000000 4
data 7330000 1062.823853 2.226727 0.000000 4
data 7331000 1062.376587 -2.226756 -0.000000 4
data 7332000 1061.940552 2.226544 0.000000 4
data 7333000 1061.511841 -2.226568 -0.000000 4
data 7334000 1061.096069 2.226362 0.000000 4
data 7335000 1060.697021 -2.226377 -0.000000 4
data 7336000 1060.312500 2.226180 0.000000 4
data 7337000 1059.969238 -2.226180 -0.000000 4
data 7338000 1059.638184 2.225997 0.000000 4
data 7339000 1059.319092 -2.225991 -0.000000 4
data 7340000 1059.017700 2.225816 0.000000 4
data 7341000 1058.722290 -2.225803 -0.000000 4
data 7342000 1058.501831 2.225650 0.000000 4
data 7343000 1058.290283 -2.225615 -0.000000 4
data 7344000 1058.091431 2.225468 0.000000 4
data 7345000 1057.912842 -2.225424 -0.000000 4
data 7346000 1057.767700 2.225291 0.000000 4
data 7347000 1057.645996 -2.225232 -0.000000 4
data 7348000 1057.530273 2.225107 0.000000 4
data 7349000 1057.420532 -2.225044 -0.000000 4
data 7350000 1057.320557 2.224924 0.000000 4
data 7351000 1057.235718 -2.224855 -0.000000 4
data 7352000 1057.160278 2.224741 0.000000 4
data 7353000 1057.088379 -2.224668 -0.000000 4
data 7354000 1057.019775 2.224557 0.000000 4
data 7355000 1056.964233 -2.224479 -0.000000 4
data 7356000 1056.911865 2.224372 0.000000 4
data 7357000 1056.853149 -2.224295 -0.000000 4
data 7358000 1056.791870 2.224186 0.000000 4
data 7359000 1056.753052 -2.224104 -0.000000 4
data 7360000 1056.697998 2.223996 0.000000 4
data 7361000 1056.644165 -2.223918 -0.000000 4
data 7362000 1056.578003 2.223808 0.000000 4
data 7363000 1056.515015 -2.223732 -0.000000 4
data 7364000 1056.443726 2.223620 0.000000 4
data 7365000 1056.373779 -2.223547 -0.000000 4
data 7366000 1056.306885 2.223436 0.000000 4
data 7367000 1056.243164 -2.223361 -0.000000 4
data 7368000 1056.157593 2.223245 0.000000 4
data 7369000 1056.075195 -2.223175 -0.000000 4
data 7370000 1055.992188 2.223060 0.000000 4
data 7371000 1055.881714 -2.222997 -0.000000 4
data 7372000 1055.765137 2.222873 0.000000 4
data 7373000 1055.602295 -2.222825 -0.000000 4
data 7374000 1055.408936 2.222680 0.000000 4
data 7375000 1055.192993 -2.222646 -0.000000 4
data 7376000 1054.977783 2.222496 0.000000 4
data 7377000 1054.749878 -2.222465 -0.000000 4
data 7378000 1054.520874 2.222311 0.000000 4
data 7379000 1054.281250 -2.222283 -0.000000 4
data 7380000 1054.019531 2.222120 0.000000 4
data 7381000 1053.726440 -2.222107 -0.000000 4
data 7382000 1053.413818 2.221930 0.000000 4
data 7383000 1053.058838 -2.221934 -0.000000 4
data 7384000 1052.669678 2.221736 0.000000 4
data 7385000 1052.284912 -2.221748 -0.000000 4
data 7386000 1051.872070 2.221545 0.000000 4
data 7387000 1051.465820 -2.221562 -0.000000 4
data 7388000 1051.016479 2.221349 0.000000 4
data 7389000 1050.570312 -2.221377 -0.000000 4
data 7390000 1050.127319 2.221165 0.000000 4
data 7391000 1049.683716 -2.221193 -0.000000 4
data 7392000 1049.247192 2.220983 0.000000 4
data 7393000 1048.815796 -2.221007 -0.000000 4
data 7394000 1048.387573 2.220799 0.000000 4
data 7395000 1047.966309 -2.220821 -0.000000 4
data 7396000 1047.552002 2.220617 0.000000 4
data 7397000 1047.144531 -2.220635 -0.000000 4
data 7398000 1046.738159 2.220433 0.000000 4
data 7399000 1046.338623 -2.220449 -0.000000 4
data 7400000 1045.957275 2.220254 0.000000 4
data 7401000 1045.590210 -2.220262 -0.000000 4
data 7402000 1045.262085 2.220081 0.000000 4
data 7403000 1044.966919 -2.220069 -0.000000 4
data 7404000 1044.679321 2.219899 0.000000 4
data 7405000 1044.408936 -2.219880 -0.000000 4
data 7406000 1044.172607 2.219724 0.000000 4
data 7407000 1043.949097 -2.219693 -0.000000 4
data 7408000 1043.790039 2.219558 0.000000 4
data 7409000 1043.646851 -2.219505 -0.000000 4
data 7410000 1043.546143 2.219386 0.000000 4
data 7411000 1043.454712 -2.219319 -0.000000 4
data 7412000 1043.370605 2.219204 0.000000 4
data 7413000 1043.290039 -2.219134 -0.000000 4
data 7414000 1043.216797 2.219023 0.000000 4
data 7415000 1043.196655 -2.218936 -0.000000 4
data 7416000 1043.181274 2.218841 0.000000 4
data 7417000 1043.216553 -2.218740 -0.000000 4
data 7418000 1043.276978 2.218664 0.000000 4
data 7419000 1043.339111 -2.218556 -0.000000 4
data 7420000 1043.431885 2.218489 0.000000 4
data 7421000 1043.526123 -2.218372 -0.000000 4
data 7422000 1043.608276 2.218302 0.000000 4
data 7423000 1043.682373 -2.218191 -0.000000 4
data 7424000 1043.754150 2.218118 0.000000 4
data 7425000 1043.825562 -2.218008 -0.000000 4
data 7426000 1043.898438 2.217936 0.000000 4
data 7427000 1043.970947 -2.217825 -0.000000 4
data 7428000 1044.014160 2.217745 0.000000 4
data 7429000 1044.057129 -2.217642 -0.000000 4
data 7430000 1044.099854 2.217562 0.000000 4
data 7431000 1044.119385 -2.217465 -0.000000 4
data 7432000 1044.140869 2.217379 0.000000 4
data 7433000 1044.164185 -2.217282 -0.000000 4
data 7434000 1044.185425 2.217196 0.000000 4
data 7435000 1044.208374 -2.217098 -0.000000 4
data 7436000 1044.233154 2.217014 0.000000 4
data 7437000 1044.259521 -2.216915 -0.000000 4
data 7438000 1044.287598 2.216831 0.000000 4
data 7439000 1044.317261 -2.216732 -0.000000 4
data 7440000 1044.321655 2.216642 0.000000 4
data 7441000 1044.322144 -2.216550 -0.000000 4
data 7442000 1044.322632 2.216459 0.000000 4
data 7443000 1044.278931 -2.216379 -0.000000 4
data 7444000 1044.235474 2.216277 0.000000 4
data 7445000 1044.179077 -2.216200 -0.000000 4
data 7446000 1044.090454 2.216085 0.000000 4
data 7447000 1043.964233 -2.216028 -0.000000 4
data 7448000 1043.835327 2.215902 0.000000 4
data 7449000 1043.707764 -2.215845 -0.000000 4
data 7450000 1043.575562 2.215719 0.000000 4
data 7451000 1043.387085 -2.215678 -0.000000 4
data 7452000 1043.169800 2.215528 0.000000 4
data 7453000 1042.931641 -2.215501 -0.000000 4
data 7454000 1042.630615 2.215329 0.000000 4
data 7455000 1042.330566 -2.215319 -0.000000 4
data 7456000 1042.024048 2.215146 0.000000 4
data 7457000 1041.691772 -2.215144 -0.000000 4
data 7458000 1041.362793 2.214964 0.000000 4
data 7459000 1041.035278 -2.214961 -0.000000 4
data 7460000 1040.705322 2.214782 0.000000 4
data 7461000 1040.321289 -2.214793 -0.000000 4
data 7462000 1039.933594 2.214599 0.000000 4
data 7463000 1039.540283 -2.214613 -0.000000 4
data 7464000 1039.139648 2.214415 0.000000 4
data 7465000 1038.741211 -2.214431 -0.000000 4
data 7466000 1038.327881 2.214229 0.000000 4
data 7467000 1037.903442 -2.214252 -0.000000 4
data 7468000 1037.479736 2.214047 0.000000 4
data 7469000 1037.062378 -2.214068 -0.000000 4
data 7470000 1036.641968 2.213865 0.000000 4
data 7471000 1036.223999 -2.213886 -0.000000 4
data 7472000 1035.812500 2.213685 0.000000 4
data 7473000 1035.411255 -2.213701 -0.000000 4
data 7474000 1035.014282 2.213504 0.000000 4
data 7475000 1034.623657 -2.213518 -0.000000 4
data 7476000 1034.239258 2.213325 0.000000 4
data 7477000 1033.868652 -2.213333 -0.000000 4
data 7478000 1033.505981 2.213145 0.000000 4
data 7479000 1033.158813 -2.213147 -0.000000 4
data 7480000 1032.828979 2.212968 0.000000 4
data 7481000 1032.527710 -2.212958 -0.000000 4
data 7482000 1032.285400 2.212803 0.000000 4
data 7483000 1032.051758 -2.212775 -0.000000 4
data 7484000 1031.822754 2.212623 0.000000 4
data 7485000 1031.609741 -2.212589 -0.000000 4
data 7486000 1031.410767 2.212445 0.000000 4
data 7487000 1031.216187 -2.212407 -0.000000 4
data 7488000 1031.025879 2.212265 0.000000 4
data 7489000 1030.857178 -2.212220 -0.000000 4
data 7490000 1030.694214 2.212086 0.000000 4
data 7491000 1030.535278 -2.212038 -0.000000 4
data 7492000 1030.378418 2.211905 0.000000 4
data 7493000 1030.225342 -2.211856 -0.000000 4
data 7494000 1030.072266 2.211724 0.000000 4
data 7495000 1029.922974 -2.211673 -0.000000 4
data 7496000 1029.746826 2.211536 0.000000 4
data 7497000 1029.567139 -2.211494 -0.000000 4
data 7498000 1029.383789 2.211354 0.000000 4
data 7499000 1029.177856 -2.211319 -0.000000 4
data 7500000 1028.939941 2.211165 0.000000 4
data 7501000 1028.695190 -2.211140 -0.000000 4
data 7502000 1028.397827 2.210970 0.000000 4
data 7503000 1028.061768 -2.210969 -0.000000 4
data 7504000 1027.719971 2.210788 0.000000 4
data 7505000 1027.334351 -2.210801 -0.000000 4
data 7506000 1026.928223 2.210602 0.000000 4
data 7507000 1026.501709 -2.210625 -0.000000 4
data 7508000 1026.030396 2.210410 0.000000 4
data 7509000 1025.566284 -2.210443 -0.000000 4
data 7510000 1025.105347 2.210230 0.000000 4
data 7511000 1024.638306 -2.210264 -0.000000 4
data 7512000 1024.172729 2.210050 0.000000 4
data 7513000 1023.714294 -2.210082 -0.000000 4
data 7514000 1023.259216 2.209871 0.000000 4
data 7515000 1022.803711 -2.209902 -0.000000 4
data 7516000 1022.338257 2.209687 0.000000 4
data 7517000 1021.880066 -2.209719 -0.000000 4
data 7518000 1021.429138 2.209509 0.000000 4
data 7519000 1020.979675 -2.209539 -0.000000 4
data 7520000 1020.543152 2.209333 0.000000 4
data 7521000 1020.113770 -2.209357 -0.000000 4
data 7522000 1019.695190 2.209155 0.000000 4
data 7523000 1019.287354 -2.209174 -0.000000 4
data 7524000 1018.890259 2.208978 0.000000 4
data 7525000 1018.536194 -2.208982 -0.000000 4
data 7526000 1018.197937 2.208802 0.000000 4
data 7527000 1017.885010 -2.208796 -0.000000 4
data 7528000 1017.597046 2.208629 0.000000 4
data 7529000 1017.322388 -2.208612 -0.000000 4
data 7530000 1017.066650 2.208454 0.000000 4
data 7531000 1016.822021 -2.208429 -0.000000 4
data 7532000 1016.601685 2.208281 0.000000 4
data 7533000 1016.395874 -2.208246 -0.000000 4
data 7534000 1016.194824 2.208103 0.000000 4
data 7535000 1016.019592 -2.208059 -0.000000 4
data 7536000 1015.848816 2.207924 0.000000 4
data 7537000 1015.682434 -2.207879 -0.000000 4
data 7538000 1015.520447 2.207746 0.000000 4
data 7539000 1015.362793 -2.207698 -0.000000 4
data 7540000 1015.205566 2.207566 0.000000 4
data 7541000 1015.052612 -2.207517 -0.000000 4
data 7542000 1014.903870 2.207388 0.000000 4
data 7543000 1014.759216 -2.207337 -0.000000 4
data 7544000 1014.616760 2.207209 0.000000 4
data 7545000 1014.478271 -2.207156 -0.000000 4
data 7546000 1014.341919 2.207030 0.000000 4
data 7547000 1014.197998 -2.206979 -0.000000 4
data 7548000 1014.054321 2.206851 0.000000 4
data 7549000 1013.905151 -2.206801 -0.000000 4
data 7550000 1013.750488 2.206671 0.000000 4
data 7551000 1013.597961 -2.206621 -0.000000 4
data 7552000 1013.440002 2.206490 0.000000 4
data 7553000 1013.272766 -2.206445 -0.000000 4
data 7554000 1013.090698 2.206307 0.000000 4
data 7555000 1012.911072 -2.206265 -0.000000 4
data 7556000 1012.726196 2.206126 0.000000 4
data 7557000 1012.534241 -2.206088 -0.000000 4
data 7558000 1012.274170 2.205929 0.000000 4
data 7559000 1012.011658 -2.205909 -0.000000 4
data 7560000 1011.752319 2.205751 0.000000 4
data 7561000 1011.492432 -2.205731 -0.000000 4
data 7562000 1011.228149 2.205571 0.000000 4
data 7563000 1010.938477 -2.205559 -0.000000 4
data 7564000 1010.650513 2.205393 0.000000 4
data 7565000 1010.339355 -2.205386 -0.000000 4
data 7566000 1009.999573 2.205207 0.000000 4
data 7567000 1009.665710 -2.205206 -0.000000 4
data 7568000 1009.293945 2.205018 0.000000 4
data 7569000 1008.919006 -2.205028 -0.000000 4
data 7570000 1008.550415 2.204841 0.000000 4
data 7571000 1008.182434 -2.204849 -0.000000 4
data 7572000 1007.818909 2.204664 0.000000 4
data 7573000 1007.457886 -2.204670 -0.000000 4
data 7574000 1007.084045 2.204482 0.000000 4
data 7575000 1006.710999 -2.204491 -0.000000 4
data 7576000 1006.344360 2.204305 0.000000 4
data 7577000 1005.984131 -2.204311 -0.000000 4
data 7578000 1005.630188 2.204129 0.000000 4
data 7579000 1005.288269 -2.204129 -0.000000 4
data 7580000 1004.960144 2.203954 0.000000 4
data 7581000 1004.641846 -2.203949 -0.000000 4
data 7582000 1004.369568 2.203788 0.000000 4
data 7583000 1004.125610 -2.203763 -0.000000 4
data 7584000 1003.902161 2.203615 0.000000 4
data 7585000 1003.691223 -2.203582 -0.000000 4
data 7586000 1003.489014 2.203439 0.000000 4
data 7587000 1003.295227 -2.203401 -0.000000 4
data 7588000 1003.144226 2.203272 0.000000 4
data 7589000 1002.997498 -2.203222 -0.000000 4
data 7590000 1002.856750 2.203096 0.000000 4
data 7591000 1002.720093 -2.203043 -0.000000 4
data 7592000 1002.587402 2.202919 0.000000 4
data 7593000 1002.462524 -2.202863 -0.000000 4
data 7594000 1002.341492 2.202742 0.000000 4
data 7595000 1002.220398 -2.202685 -0.000000 4
data 7596000 1002.101196 2.202565 0.000000 4
data 7597000 1001.983887 -2.202507 -0.000000 4
data 7598000 1001.868408 2.202388 0.000000 4
data 7599000 1001.750854 -2.202330 -0.000000 4
data 7600000 1001.631348 2.202209 0.000000 4
data 7601000 1001.504028 -2.202154 -0.000000 4
data 7602000 1001.378540 2.202032 0.000000 4
data 7603000 1001.209167 -2.201988 -0.000000 4
data 7604000 1001.038208 2.201854 0.000000 4
data 7605000 1000.865723 -2.201811 -0.000000 4
data 7606000 1000.676575 2.201673 0.000000 4
data 7607000 1000.470764 -2.201638 -0.000000 4
data 7608000 1000.252319 2.201492 0.000000 4
data 7609000 1000.038513 -2.201459 -0.000000 4
data 7610000 999.808350 2.201310 0.000000 4
data 7611000 999.579224 -2.201282 -0.000000 4
data 7612000 999.341431 2.201131 0.000000 4
data 7613000 999.045654 -2.201120 -0.000000 4
data 7614000 998.749634 2.200953 0.000000 4
data 7615000 998.455261 -2.200942 -0.000000 4
data 7616000 998.160583 2.200776 0.000000 4
data 7617000 997.871399 -2.200763 -0.000000 4
data 7618000 997.547668 2.200590 0.000000 4
data 7619000 997.222046 -2.200587 -0.000000 4
data 7620000 996.890808 2.200411 0.000000 4
data 7621000 996.561584 -2.200409 -0.000000 4
data 7622000 996.224915 2.200232 0.000000 4
data 7623000 995.888428 -2.200232 -0.000000 4
data 7624000 995.552246 2.200055 0.000000 4
data 7625000 995.212463 -2.200056 -0.000000 4
data 7626000 994.878723 2.199880 0.000000 4
data 7627000 994.549011 -2.199878 -0.000000 4
data 7628000 994.225220 2.199705 0.000000 4
data 7629000 993.909302 -2.199699 -0.000000 4
data 7630000 993.599121 2.199530 0.000000 4
data 7631000 993.294678 -2.199521 -0.000000 4
data 7632000 993.001709 2.199356 0.000000 4
data 7633000 992.721924 -2.199341 -0.000000 4
data 7634000 992.453308 2.199182 0.000000 4
data 7635000 992.193787 -2.199162 -0.000000 4
data 7636000 991.945251 2.199008 0.000000 4
data 7637000 991.709473 -2.198982 -0.000000 4
data 7638000 991.478699 2.198833 0.000000 4
data 7639000 991.252808 -2.198804 -0.000000 4
data 7640000 991.031860 2.198658 0.000000 4
data 7641000 990.815735 -2.198627 -0.000000 4
data 7642000 990.596741 2.198481 0.000000 4
data 7643000 990.390198 -2.198447 -0.000000 4
data 7644000 990.188293 2.198306 0.000000 4
data 7645000 989.983459 -2.198271 -0.000000 4
data 7646000 989.779419 2.198130 0.000000 4
data 7647000 989.572449 -2.198096 -0.000000 4
data 7648000 989.370117 2.197955 0.000000 4
data 7649000 989.170471 -2.197919 -0.000000 4
data 7650000 988.975464 2.197780 0.000000 4
data 7651000 988.783020 -2.197742 -0.000000 4
data 7652000 988.570374 2.197598 0.000000 4
data 7653000 988.362366 -2.197565 -0.000000 4
data 7654000 988.157166 2.197423 0.000000 4
data 7655000 987.956543 -2.197387 -0.000000 4
data 7656000 987.760498 2.197248 0.000000 4
data 7657000 987.576599 -2.197208 -0.000000 4
data 7658000 987.397034 2.197073 0.000000 4
data 7659000 987.214172 -2.197033 -0.000000 4
data 7660000 987.035645 2.196899 0.000000 4
data 7661000 986.861450 -2.196856 -0.000000 4
data 7662000 986.664856 2.196717 0.000000 4
data 7663000 986.470886 -2.196680 -0.000000 4
data 7664000 986.273621 2.196541 0.000000 4
data 7665000 986.067566 -2.196507 -0.000000 4
data 7666000 985.831787 2.196357 0.000000 4
data 7667000 985.576172 -2.196336 -0.000000 4
data 7668000 985.314148 2.196180 0.000000 4
data 7669000 985.055359 -2.196160 -0.000000 4
data 7670000 984.790344 2.196003 0.000000 4
data 7671000 984.515259 -2.195987 -0.000000 4
data 7672000 984.239685 2.195827 0.000000 4
data 7673000 983.961792 -2.195812 -0.000000 4
data 7674000 983.655029 2.195644 0.000000 4
data 7675000 983.340576 -2.195638 -0.000000 4
data 7676000 982.993713 2.195460 0.000000 4
data 7677000 982.624329 -2.195469 -0.000000 4
data 7678000 982.253723 2.195285 0.000000 4
data 7679000 981.859009 -2.195300 -0.000000 4
data 7680000 981.463257 2.195109 0.000000 4
data 7681000 981.070251 -2.195124 -0.000000 4
data 7682000 980.659180 2.194929 0.000000 4
data 7683000 980.252930 -2.194947 -0.000000 4
data 7684000 979.849670 2.194755 0.000000 4
data 7685000 979.449402 -2.194772 -0.000000 4
data 7686000 979.055847 2.194582 0.000000 4
data 7687000 978.669006 -2.194595 -0.000000 4
data 7688000 978.292542 2.194409 0.000000 4
data 7689000 977.922607 -2.194418 -0.000000 4
data 7690000 977.561096 2.194236 0.000000 4
data 7691000 977.215515 -2.194239 -0.000000 4
data 7692000 976.887573 2.194066 0.000000 4
data 7693000 976.579041 -2.194059 -0.000000 4
data 7694000 976.282043 2.193894 0.000000 4
data 7695000 976.004150 -2.193879 -0.000000 4
data 7696000 975.735657 2.193722 0.000000 4
data 7697000 975.537231 -2.193686 -0.000000 4
data 7698000 975.366455 2.193554 0.000000 4
data 7699000 975.219177 -2.193505 -0.000000 4
data 7700000 975.076050 2.193381 0.000000 4
data 7701000 974.948547 -2.193326 -0.000000 4
data 7702000 974.834412 2.193210 0.000000 4
data 7703000 974.758362 -2.193142 -0.000000 4
data 7704000 974.695312 2.193038 0.000000 4
data 7705000 974.646912 -2.192964 -0.000000 4
data 7706000 974.601624 2.192865 0.000000 4
data 7707000 974.559326 -2.192789 -0.000000 4
data 7708000 974.520020 2.192691 0.000000 4
data 7709000 974.483643 -2.192613 -0.000000 4
data 7710000 974.425354 2.192511 0.000000 4
data 7711000 974.356873 -2.192442 -0.000000 4
data 7712000 974.289612 2.192337 0.000000 4
data 7713000 974.221680 -2.192268 -0.000000 4
data 7714000 974.124512 2.192155 0.000000 4
data 7715000 974.026978 -2.192093 -0.000000 4
data 7716000 973.917603 2.191978 0.000000 4
data 7717000 973.805969 -2.191920 -0.000000 4
data 7718000 973.684631 2.191801 0.000000 4
data 7719000 973.564941 -2.191745 -0.000000 4
data 7720000 973.448853 2.191628 0.000000 4
data 7721000 973.330505 -2.191572 -0.000000 4
data 7722000 973.215759 2.191455 0.000000 4
data 7723000 973.091187 -2.191400 -0.000000 4
data 7724000 972.937866 2.191274 0.000000 4
data 7725000 972.776978 -2.191228 -0.000000 4
data 7726000 972.561096 2.191086 0.000000 4
data 7727000 972.342102 -2.191055 -0.000000 4
data 7728000 972.112366 2.190909 0.000000 4
data 7729000 971.874023 -2.190884 -0.000000 4
data 7730000 971.623291 2.190732 0.000000 4
data 7731000 971.369812 -2.190711 -0.000000 4
data 7732000 971.111755 2.190557 0.000000 4
data 7733000 970.854797 -2.190537 -0.000000 4
data 7734000 970.562805 2.190374 0.000000 4
data 7735000 970.247742 -2.190369 -0.000000 4
data 7736000 969.907776 2.190194 0.000000 4
data 7737000 969.565979 -2.190196 -0.000000 4
data 7738000 969.222473 2.190020 0.000000 4
data 7739000 968.846863 -2.190031 -0.000000 4
data 7740000 968.475525 2.189848 0.000000 4
data 7741000 968.100891 -2.189858 -0.000000 4
data 7742000 967.728699 2.189675 0.000000 4
data 7743000 967.360901 -2.189683 -0.000000 4
data 7744000 966.999268 2.189503 0.000000 4
data 7745000 966.619080 -2.189515 -0.000000 4
data 7746000 966.241455 2.189331 0.000000 4
data 7747000 965.870178 -2.189340 -0.000000 4
data 7748000 965.505249 2.189159 0.000000 4
data 7749000 965.144653 -2.189166 -0.000000 4
data 7750000 964.792114 2.188988 0.000000 4
data 7751000 964.449524 -2.188990 -0.000000 4
data 7752000 964.107239 2.188815 0.000000 4
data 7753000 963.771057 -2.188815 -0.000000 4
data 7754000 963.450317 2.188646 0.000000 4
data 7755000 963.137329 -2.188640 -0.000000 4
data 7756000 962.830139 2.188474 0.000000 4
data 7757000 962.528625 -2.188466 -0.000000 4
data 7758000 962.232849 2.188303 0.000000 4
data 7759000 961.965454 -2.188285 -0.000000 4
data 7760000 961.705261 2.188132 0.000000 4
data 7761000 961.471191 -2.188106 -0.000000 4
data 7762000 961.242126 2.187960 0.000000 4
data 7763000 961.021790 -2.187931 -0.000000 4
data 7764000 960.810059 2.187790 0.000000 4
data 7765000 960.610718 -2.187755 -0.000000 4
data 7766000 960.419800 2.187619 0.000000 4
data 7767000 960.240967 -2.187579 -0.000000 4
data 7768000 960.072205 2.187449 0.000000 4
data 7769000 959.907715 -2.187405 -0.000000 4
data 7770000 959.749390 2.187278 0.000000 4
data 7771000 959.602783 -2.187230 -0.000000 4
data 7772000 959.460205 2.187107 0.000000 4
data 7773000 959.321533 -2.187056 -0.000000 4
data 7774000 959.200134 2.186939 0.000000 4
data 7775000 959.082458 -2.186882 -0.000000 4
data 7776000 958.968445 2.186767 0.000000 4
data 7777000 958.848572 -2.186712 -0.000000 4
data 7778000 958.732422 2.186596 0.000000 4
data 7779000 958.623657 -2.186538 -0.000000 4
data 7780000 958.514587 2.186423 0.000000 4
data 7781000 958.409058 -2.186364 -0.000000 4
data 7782000 958.293640 2.186249 0.000000 4
data 7783000 958.181824 -2.186191 -0.000000 4
data 7784000 958.073547 2.186077 0.000000 4
data 7785000 957.968689 -2.186018 -0.000000 4
data 7786000 957.865295 2.185905 0.000000 4
data 7787000 957.748230 -2.185849 -0.000000 4
data 7788000 957.625183 2.185732 0.000000 4
data 7789000 957.507568 -2.185676 -0.000000 4
data 7790000 957.391602 2.185560 0.000000 4
data 7791000 957.279114 -2.185503 -0.000000 4
data 7792000 957.160522 2.185387 0.000000 4
data 7793000 957.037842 -2.185332 -0.000000 4
data 7794000 956.916748 2.185215 0.000000 4
data 7795000 956.799133 -2.185159 -0.000000 4
data 7796000 956.679260 2.185043 0.000000 4
data 7797000 956.534302 -2.184994 -0.000000 4
data 7798000 956.366394 2.184865 0.000000 4
data 7799000 956.202454 -2.184821 -0.000000 4
data 7800000 956.042419 2.184694 0.000000 4
data 7801000 955.886169 -2.184649 -0.000000 4
data 7802000 955.733704 2.184524 0.000000 4
data 7803000 955.584961 -2.184476 -0.000000 4
data 7804000 955.436157 2.184352 0.000000 4
data 7805000 955.247437 -2.184314 -0.000000 4
data 7806000 955.058960 2.184180 0.000000 4
data 7807000 954.827148 -2.184154 -0.000000 4
data 7808000 954.592346 2.184008 0.000000 4
data 7809000 954.360168 -2.183982 -0.000000 4
data 7810000 954.094543 2.183828 0.000000 4
data 7811000 953.811096 -2.183815 -0.000000 4
data 7812000 953.498535 2.183649 0.000000 4
data 7813000 953.180054 -2.183645 -0.000000 4
data 7814000 952.800659 2.183462 0.000000 4
data 7815000 952.423584 -2.183473 -0.000000 4
data 7816000 952.041199 2.183290 0.000000 4
data 7817000 951.644165 -2.183306 -0.000000 4
data 7818000 951.249634 2.183119 0.000000 4
data 7819000 950.857666 -2.183134 -0.000000 4
data 7820000 950.468262 2.182949 0.000000 4
data 7821000 950.077576 -2.182963 -0.000000 4
data 7822000 949.687561 2.182778 0.000000 4
data 7823000 949.292542 -2.182793 -0.000000 4
data 7824000 948.902039 2.182608 0.000000 4
data 7825000 948.518005 -2.182620 -0.000000 4
data 7826000 948.142151 2.182439 0.000000 4
data 7827000 947.772583 -2.182448 -0.000000 4
data 7828000 947.401672 2.182268 0.000000 4
data 7829000 947.037048 -2.182275 -0.000000 4
data 7830000 946.678589 2.182098 0.000000 4
data 7831000 946.341492 -2.182099 -0.000000 4
data 7832000 946.014099 2.181930 0.000000 4
data 7833000 945.743713 -2.181914 -0.000000 4
data 7834000 945.480530 2.181761 0.000000 4
data 7835000 945.256653 -2.181733 -0.000000 4
data 7836000 945.075500 2.181601 0.000000 4
data 7837000 944.944214 -2.181549 -0.000000 4
data 7838000 944.830017 2.181435 0.000000 4
data 7839000 944.725159 -2.181376 -0.000000 4
data 7840000 944.627625 2.181266 0.000000 4
data 7841000 944.533508 -2.181205 -0.000000 4
data 7842000 944.442810 2.181097 0.000000 4
data 7843000 944.361145 -2.181032 -0.000000 4
data 7844000 944.280823 2.180926 0.000000 4
data 7845000 944.209412 -2.180859 -0.000000 4
data 7846000 944.135376 2.180755 0.000000 4
data 7847000 944.060608 -2.180689 -0.000000 4
data 7848000 943.988953 2.180586 0.000000 4
data 7849000 943.880554 -2.180528 -0.000000 4
data 7850000 943.762207 2.180413 0.000000 4
data 7851000 943.635986 -2.180360 -0.000000 4
data 7852000 943.503906 2.180241 0.000000 4
data 7853000 943.352661 -2.180195 -0.000000 4
data 7854000 943.195801 2.180069 0.000000 4
data 7855000 943.040894 -2.180024 -0.000000 4
data 7856000 942.889832 2.179900 0.000000 4
data 7857000 942.710266 -2.179861 -0.000000 4
data 7858000 942.532898 2.179731 0.000000 4
data 7859000 942.350098 -2.179692 -0.000000 4
data 7860000 942.156250 2.179558 0.000000 4
data 7861000 941.951477 -2.179525 -0.000000 4
data 7862000 941.732056 2.179384 0.000000 4
data 7863000 941.467773 -2.179367 -0.000000 4
data 7864000 941.193298 2.179212 0.000000 4
data 7865000 940.901123 -2.179201 -0.000000 4
data 7866000 940.563110 2.179030 0.000000 4
data 7867000 940.225098 -2.179031 -0.000000 4
data 7868000 939.860596 2.178854 0.000000 4
data 7869000 939.458557 -2.178871 -0.000000 4
data 7870000 939.062988 2.178686 0.000000 4
data 7871000 938.673767 -2.178700 -0.000000 4
data 7872000 938.287109 2.178517 0.000000 4
data 7873000 937.897278 -2.178531 -0.000000 4
data 7874000 937.502502 2.178346 0.000000 4
data 7875000 937.114136 -2.178360 -0.000000 4
data 7876000 936.732178 2.178178 0.000000 4
data 7877000 936.400085 -2.178177 -0.000000 4
data 7878000 936.083252 2.178012 0.000000 4
data 7879000 935.783508 -2.178004 -0.000000 4
data 7880000 935.504395 2.177848 0.000000 4
data 7881000 935.241943 -2.177830 -0.000000 4
data 7882000 934.990295 2.177681 0.000000 4
data 7883000 934.745605 -2.177659 -0.000000 4
data 7884000 934.515381 2.177516 0.000000 4
data 7885000 934.308899 -2.177483 -0.000000 4
data 7886000 934.125977 2.177352 0.000000 4
data 7887000 933.975708 -2.177306 -0.000000 4
data 7888000 933.833191 2.177185 0.000000 4
data 7889000 933.704041 -2.177133 -0.000000 4
data 7890000 933.578613 2.177017 0.000000 4
data 7891000 933.456909 -2.176963 -0.000000 4
data 7892000 933.338867 2.176849 0.000000 4
data 7893000 933.222534 -2.176794 -0.000000 4
data 7894000 933.102112 2.176678 0.000000 4
data 7895000 932.992920 -2.176622 -0.000000 4
data 7896000 932.875732 2.176507 0.000000 4
data 7897000 932.756470 -2.176453 -0.000000 4
data 7898000 932.640747 2.176339 0.000000 4
data 7899000 932.528503 -2.176283 -0.000000 4
data 7900000 932.419739 2.176171 0.000000 4
data 7901000 932.316284 -2.176113 -0.000000 4
data 7902000 932.216125 2.176003 0.000000 4
data 7903000 932.119263 -2.175943 -0.000000 4
data 7904000 932.025574 2.175835 0.000000 4
data 7905000 931.952148 -2.175770 -0.000000 4
data 7906000 931.885498 2.175668 0.000000 4
data 7907000 931.821655 -2.175600 -0.000000 4
data 7908000 931.760681 2.175500 0.000000 4
data 7909000 931.702515 -2.175431 -0.000000 4
data 7910000 931.647095 2.175332 0.000000 4
data 7911000 931.594360 -2.175261 -0.000000 4
data 7912000 931.536682 2.175163 0.000000 4
data 7913000 931.476074 -2.175094 -0.000000 4
data 7914000 931.406799 2.174992 0.000000 4
data 7915000 931.321350 -2.174929 -0.000000 4
data 7916000 931.231262 2.174822 0.000000 4
data 7917000 931.142212 -2.174761 -0.000000 4
data 7918000 931.025879 2.174647 0.000000 4
data 7919000 930.908936 -2.174592 -0.000000 4
data 7920000 930.791443 2.174479 0.000000 4
data 7921000 930.633606 -2.174434 -0.000000 4
data 7922000 930.458618 2.174306 0.000000 4
data 7923000 930.283569 -2.174266 -0.000000 4
data 7924000 930.112366 2.174139 0.000000 4
data 7925000 929.944885 -2.174097 -0.000000 4
data 7926000 929.779175 2.173971 0.000000 4
data 7927000 929.617188 -2.173928 -0.000000 4
data 7928000 929.439941 2.173799 0.000000 4
data 7929000 929.262756 -2.173759 -0.000000 4
data 7930000 929.059082 2.173624 0.000000 4
data 7931000 928.815918 -2.173601 -0.000000 4
data 7932000 928.476929 2.173432 0.000000 4
data 7933000 928.130188 -2.173435 -0.000000 4
data 7934000 927.741699 2.173254 0.000000 4
data 7935000 927.347961 -2.173269 -0.000000 4
data 7936000 926.918701 2.173077 0.000000 4
data 7937000 926.467590 -2.173106 -0.000000 4
data 7938000 926.021301 2.172910 0.000000 4
data 7939000 925.557190 -2.172943 -0.000000 4
data 7940000 925.096252 2.172743 0.000000 4
data 7941000 924.632751 -2.172776 -0.000000 4
data 7942000 924.153564 2.172571 0.000000 4
data 7943000 923.679626 -2.172607 -0.000000 4
data 7944000 923.212891 2.172405 0.000000 4
data 7945000 922.739990 -2.172441 -0.000000 4
data 7946000 922.262878 2.172237 0.000000 4
data 7947000 921.793030 -2.172271 -0.000000 4
data 7948000 921.330383 2.172071 0.000000 4
data 7949000 920.874878 -2.172102 -0.000000 4
data 7950000 920.426453 2.171905 0.000000 4
data 7951000 919.992615 -2.171931 -0.000000 4
data 7952000 919.565735 2.171740 0.000000 4
data 7953000 919.149536 -2.171761 -0.000000 4
data 7954000 918.747620 2.171576 0.000000 4
data 7955000 918.361816 -2.171589 -0.000000 4
data 7956000 918.001404 2.171415 0.000000 4
data 7957000 917.647217 -2.171420 -0.000000 4
data 7958000 917.295471 2.171248 0.000000 4
data 7959000 916.949951 -2.171251 -0.000000 4
data 7960000 916.606750 2.171082 0.000000 4
data 7961000 916.269653 -2.171083 -0.000000 4
data 7962000 915.927246 2.170913 0.000000 4
data 7963000 915.581543 -2.170916 -0.000000 4
data 7964000 915.238159 2.170747 0.000000 4
data 7965000 914.891541 -2.170750 -0.000000 4
data 7966000 914.549194 2.170581 0.000000 4
data 7967000 914.197937 -2.170585 -0.000000 4
data 7968000 913.852905 2.170415 0.000000 4
data 7969000 913.510315 -2.170418 -0.000000 4
data 7970000 913.173889 2.170250 0.000000 4
data 7971000 912.837952 -2.170250 -0.000000 4
data 7972000 912.513794 2.170086 0.000000 4
data 7973000 912.199463 -2.170081 -0.000000 4
data 7974000 911.891052 2.169920 0.000000 4
data 7975000 911.596130 -2.169911 -0.000000 4
data 7976000 911.314453 2.169757 0.000000 4
data 7977000 911.044067 -2.169741 -0.000000 4
data 7978000 910.788635 2.169594 0.000000 4
data 7979000 910.551697 -2.169570 -0.000000 4
data 7980000 910.327515 2.169430 0.000000 4
data 7981000 910.108337 -2.169402 -0.000000 4
data 7982000 909.899780 2.169266 0.000000 4
data 7983000 909.701721 -2.169233 -0.000000 4
data 7984000 909.514038 2.169102 0.000000 4
data 7985000 909.330994 -2.169065 -0.000000 4
data 7986000 909.152466 2.168937 0.000000 4
data 7987000 908.985962 -2.168895 -0.000000 4
data 7988000 908.842773 2.168777 0.000000 4
data 7989000 908.703674 -2.168728 -0.000000 4
data 7990000 908.568665 2.168611 0.000000 4
data 7991000 908.437622 -2.168561 -0.000000 4
data 7992000 908.316223 2.168447 0.000000 4
data 7993000 908.198669 -2.168393 -0.000000 4
data 7994000 908.079224 2.168280 0.000000 4
data 7995000 907.963501 -2.168226 -0.000000 4
data 7996000 907.830750 2.168110 0.000000 4
data 7997000 907.692444 -2.168061 -0.000000 4
data 7998000 907.554321 2.167944 0.000000 4
data 7999000 907.412537 -2.167896 -0.000000 4
data 8000000 907.267151 2.167777 0.000000 4
data 8001000 907.123901 -2.167729 -0.000000 4
data 8002000 906.984497 2.167611 0.000000 4
data 8003000 906.786743 -2.167578 -0.000000 4
data 8004000 906.589661 2.167446 0.000000 4
data 8005000 906.391418 -2.167412 -0.000000 4
data 8006000 906.180664 2.167276 0.000000 4
data 8007000 905.883850 -2.167268 -0.000000 4
data 8008000 905.592529 2.167112 0.000000 4
data 8009000 905.301025 -2.167102 -0.000000 4
data 8010000 904.943237 2.166929 0.000000 4
data 8011000 904.559448 -2.166942 -0.000000 4
data 8012000 904.150085 2.166757 0.000000 4
data 8013000 903.726624 -2.166780 -0.000000 4
data 8014000 903.302551 2.166591 0.000000 4
data 8015000 902.864624 -2.166618 -0.000000 4
data 8016000 902.414917 2.166423 0.000000 4
data 8017000 901.955444 -2.166455 -0.000000 4
data 8018000 901.499512 2.166258 0.000000 4
data 8019000 901.050842 -2.166287 -0.000000 4
data 8020000 900.609497 2.166094 0.000000 4
data 8021000 900.175354 -2.166120 -0.000000 4
data 8022000 899.752075 2.165931 0.000000 4
data 8023000 899.354736 -2.165948 -0.000000 4
data 8024000 898.964233 2.165768 0.000000 4
data 8025000 898.591736 -2.165778 -0.000000 4
data 8026000 898.233398 2.165606 0.000000 4
data 8027000 897.887085 -2.165609 -0.000000 4
data 8028000 897.594299 2.165454 0.000000 4
data 8029000 897.343140 -2.165433 -0.000000 4
data 8030000 897.102966 2.165291 0.000000 4
data 8031000 896.869934 -2.165266 -0.000000 4
data 8032000 896.653381 2.165130 0.000000 4
data 8033000 896.441772 -2.165100 -0.000000 4
data 8034000 896.244568 2.164968 0.000000 4
data 8035000 896.057800 -2.164932 -0.000000 4
data 8036000 895.909607 2.164813 0.000000 4
data 8037000 895.776978 -2.164763 -0.000000 4
data 8038000 895.661621 2.164652 0.000000 4
data 8039000 895.572815 -2.164591 -0.000000 4
data 8040000 895.487610 2.164488 0.000000 4
data 8041000 895.405884 -2.164425 -0.000000 4
data 8042000 895.322021 2.164322 0.000000 4
data 8043000 895.241638 -2.164260 -0.000000 4
data 8044000 895.162781 2.164157 0.000000 4
data 8045000 895.075989 -2.164097 -0.000000 4
data 8046000 894.992615 2.163993 0.000000 4
data 8047000 894.912659 -2.163931 -0.000000 4
data 8048000 894.830383 2.163828 0.000000 4
data 8049000 894.751465 -2.163765 -0.000000 4
data 8050000 894.672058 2.163663 0.000000 4
data 8051000 894.595947 -2.163599 -0.000000 4
data 8052000 894.507996 2.163495 0.000000 4
data 8053000 894.423340 -2.163434 -0.000000 4
data 8054000 894.307983 2.163323 0.000000 4
data 8055000 894.196228 -2.163269 -0.000000 4
data 8056000 894.084290 2.163158 0.000000 4
data 8057000 893.945679 -2.163110 -0.000000 4
data 8058000 893.807129 2.162994 0.000000 4
data 8059000 893.668579 -2.162946 -0.000000 4
data 8060000 893.533752 2.162830 0.000000 4
data 8061000 893.402649 -2.162781 -0.000000 4
data 8062000 893.275269 2.162667 0.000000 4
data 8063000 893.145813 -2.162616 -0.000000 4
data 8064000 893.012451 2.162501 0.000000 4
data 8065000 892.839355 -2.162462 -0.000000 4
data 8066000 892.647705 2.162332 0.000000 4
data 8067000 892.458374 -2.162297 -0.000000 4
data 8068000 892.248779 2.162163 0.000000 4
data 8069000 892.034241 -2.162134 -0.000000 4
data 8070000 891.810974 2.161997 0.000000 4
data 8071000 891.586609 -2.161970 -0.000000 4
data 8072000 891.359314 2.161832 0.000000 4
data 8073000 891.132874 -2.161806 -0.000000 4
data 8074000 890.892212 2.161664 0.000000 4
data 8075000 890.582764 -2.161659 -0.000000 4
data 8076000 890.276855 2.161501 0.000000 4
data 8077000 889.955688 -2.161498 -0.000000 4
data 8078000 889.583618 2.161324 0.000000 4
data 8079000 889.208252 -2.161335 -0.000000 4
data 8080000 888.829651 2.161159 0.000000 4
data 8081000 888.453552 -2.161170 -0.000000 4
data 8082000 888.079895 2.160996 0.000000 4
data 8083000 887.706848 -2.161006 -0.000000 4
data 8084000 887.324951 2.160830 0.000000 4
data 8085000 886.947571 -2.160841 -0.000000 4
data 8086000 886.563232 2.160664 0.000000 4
data 8087000 886.185303 -2.160676 -0.000000 4
data 8088000 885.813782 2.160502 0.000000 4
data 8089000 885.448547 -2.160511 -0.000000 4
data 8090000 885.089539 2.160340 0.000000 4
data 8091000 884.746094 -2.160343 -0.000000 4
data 8092000 884.438904 2.160185 0.000000 4
data 8093000 884.154358 -2.160174 -0.000000 4
data 8094000 883.937439 2.160038 0.000000 4
data 8095000 883.725220 -2.160009 -0.000000 4
data 8096000 883.521545 2.159877 0.000000 4
data 8097000 883.362061 -2.159834 -0.000000 4
data 8098000 883.225525 2.159719 0.000000 4
data 8099000 883.092896 -2.159670 -0.000000 4
data 8100000 882.964111 2.159556 0.000000 4
data 8101000 882.852295 -2.159502 -0.000000 4
data 8102000 882.744141 2.159394 0.000000 4
data 8103000 882.639526 -2.159338 -0.000000 4
data 8104000 882.530884 2.159230 0.000000 4
data 8105000 882.425781 -2.159174 -0.000000 4
data 8106000 882.324158 2.159067 0.000000 4
data 8107000 882.225952 -2.159010 -0.000000 4
data 8108000 882.136780 2.158906 0.000000 4
data 8109000 882.050903 -2.158846 -0.000000 4
data 8110000 881.968262 2.158744 0.000000 4
data 8111000 881.888794 -2.158682 -0.000000 4
data 8112000 881.812439 2.158581 0.000000 4
data 8113000 881.739197 -2.158518 -0.000000 4
data 8114000 881.668945 2.158419 0.000000 4
data 8115000 881.616821 -2.158350 -0.000000 4
data 8116000 881.552368 2.158253 0.000000 4
data 8117000 881.487061 -2.158187 -0.000000 4
data 8118000 881.424683 2.158091 0.000000 4
data 8119000 881.365112 -2.158024 -0.000000 4
data 8120000 881.310242 2.157929 0.000000 4
data 8121000 881.259949 -2.157860 -0.000000 4
data 8122000 881.227478 2.157770 0.000000 4
data 8123000 881.201172 -2.157695 -0.000000 4
data 8124000 881.177246 2.157608 0.000000 4
data 8125000 881.155701 -2.157532 -0.000000 4
data 8126000 881.136414 2.157446 0.000000 4
data 8127000 881.119385 -2.157369 -0.000000 4
data 8128000 881.104553 2.157284 0.000000 4
data 8129000 881.046631 -2.157217 -0.000000 4
data 8130000 880.978088 2.157118 0.000000 4
data 8131000 880.904724 -2.157055 -0.000000 4
data 8132000 880.824646 2.156954 0.000000 4
data 8133000 880.730408 -2.156896 -0.000000 4
data 8134000 880.629639 2.156790 0.000000 4
data 8135000 880.505493 -2.156739 -0.000000 4
data 8136000 880.344971 2.156618 0.000000 4
data 8137000 880.154114 -2.156584 -0.000000 4
data 8138000 879.965271 2.156456 0.000000 4
data 8139000 879.744568 -2.156429 -0.000000 4
data 8140000 879.458374 2.156278 0.000000 4
data 8141000 879.171448 -2.156267 -0.000000 4
data 8142000 878.864868 2.156111 0.000000 4
data 8143000 878.512634 -2.156116 -0.000000 4
data 8144000 878.164124 2.155949 0.000000 4
data 8145000 877.813599 -2.155954 -0.000000 4
data 8146000 877.440491 2.155782 0.000000 4
data 8147000 877.045044 -2.155797 -0.000000 4
data 8148000 876.619934 2.155612 0.000000 4
data 8149000 876.190002 -2.155636 -0.000000 4
data 8150000 875.766541 2.155451 0.000000 4
data 8151000 875.349548 -2.155473 -0.000000 4
data 8152000 874.939026 2.155291 0.000000 4
data 8153000 874.546143 -2.155306 -0.000000 4
data 8154000 874.212219 2.155143 0.000000 4
data 8155000 873.883911 -2.155143 -0.000000 4
data 8156000 873.561218 2.154983 0.000000 4
data 8157000 873.244019 -2.154979 -0.000000 4
data 8158000 872.932373 2.154822 0.000000 4
data 8159000 872.616699 -2.154819 -0.000000 4
data 8160000 872.306519 2.154662 0.000000 4
data 8161000 871.979187 -2.154661 -0.000000 4
data 8162000 871.657471 2.154501 0.000000 4
data 8163000 871.341370 -2.154498 -0.000000 4
data 8164000 871.038391 2.154342 0.000000 4
data 8165000 870.740784 -2.154335 -0.000000 4
data 8166000 870.448547 2.154182 0.000000 4
data 8167000 870.176697 -2.154168 -0.000000 4
data 8168000 869.913757 2.154022 0.000000 4
data 8169000 869.636963 -2.154010 -0.000000 4
data 8170000 869.365356 2.153862 0.000000 4
data 8171000 869.098877 -2.153847 -0.000000 4
data 8172000 868.835571 2.153701 0.000000 4
data 8173000 868.577332 -2.153684 -0.000000 4
data 8174000 868.324097 2.153541 0.000000 4
data 8175000 868.075806 -2.153521 -0.000000 4
data 8176000 867.802368 2.153373 0.000000 4
data 8177000 867.498352 -2.153367 -0.000000 4
data 8178000 867.188538 2.153211 0.000000 4
data 8179000 866.846680 -2.153214 -0.000000 4
data 8180000 866.499451 2.153048 0.000000 4
data 8181000 866.122437 -2.153059 -0.000000 4
data 8182000 865.736633 2.152884 0.000000 4
data 8183000 865.332825 -2.152902 -0.000000 4
data 8184000 864.922485 2.152722 0.000000 4
data 8185000 864.481201 -2.152749 -0.000000 4
data 8186000 864.045044 2.152562 0.000000 4
data 8187000 863.585754 -2.152593 -0.000000 4
data 8188000 863.126282 2.152400 0.000000 4
data 8189000 862.645874 -2.152437 -0.000000 4
data 8190000 862.157898 2.152237 0.000000 4
data 8191000 861.677551 -2.152274 -0.000000 4
data 8192000 861.193481 2.152076 0.000000 4
data 8193000 860.713257 -2.152112 -0.000000 4
data 8194000 860.214417 2.151910 0.000000 4
data 8195000 859.717712 -2.151951 -0.000000 4
data 8196000 859.219421 2.151748 0.000000 4
data 8197000 858.725220 -2.151789 -0.000000 4
data 8198000 858.237000 2.151589 0.000000 4
data 8199000 857.756592 -2.151626 -0.000000 4
data 8200000 857.282104 2.151430 0.000000 4
data 8201000 856.809631 -2.151464 -0.000000 4
data 8202000 856.350525 2.151272 0.000000 4
data 8203000 855.899048 -2.151302 -0.000000 4
data 8204000 855.455078 2.151113 0.000000 4
data 8205000 855.018555 -2.151139 -0.000000 4
data 8206000 854.587585 2.150954 0.000000 4
data 8207000 854.163940 -2.150977 -0.000000 4
data 8208000 853.753235 2.150796 0.000000 4
data 8209000 853.355347 -2.150813 -0.000000 4
data 8210000 852.966431 2.150638 0.000000 4
data 8211000 852.591980 -2.150649 -0.000000 4
data 8212000 852.226318 2.150480 0.000000 4
data 8213000 851.874878 -2.150485 -0.000000 4
data 8214000 851.531982 2.150321 0.000000 4
data 8215000 851.265076 -2.150306 -0.000000 4
data 8216000 851.020813 2.150166 0.000000 4
data 8217000 850.787720 -2.150143 -0.000000 4
data 8218000 850.569458 2.150009 0.000000 4
data 8219000 850.362061 -2.149980 -0.000000 4
data 8220000 850.171021 2.149853 0.000000 4
data 8221000 849.986877 -2.149818 -0.000000 4
data 8222000 849.811340 2.149695 0.000000 4
data 8223000 849.640503 -2.149656 -0.000000 4
data 8224000 849.474365 2.149536 0.000000 4
data 8225000 849.309204 -2.149496 -0.000000 4
data 8226000 849.148621 2.149377 0.000000 4
data 8227000 848.990662 -2.149335 -0.000000 4
data 8228000 848.837280 2.149218 0.000000 4
data 8229000 848.680786 -2.149175 -0.000000 4
data 8230000 848.511902 2.149054 0.000000 4
data 8231000 848.345642 -2.149015 -0.000000 4
data 8232000 848.176453 2.148894 0.000000 4
data 8233000 847.993042 -2.148858 -0.000000 4
data 8234000 847.791809 2.148729 0.000000 4
data 8235000 847.570984 -2.148703 -0.000000 4
data 8236000 847.336426 2.148566 0.000000 4
data 8237000 847.080872 -2.148548 -0.000000 4
data 8238000 846.810059 2.148402 0.000000 4
data 8239000 846.524170 -2.148392 -0.000000 4
data 8240000 846.206421 2.148235 0.000000 4
data 8241000 845.866638 -2.148237 -0.000000 4
data 8242000 845.516296 2.148072 0.000000 4
data 8243000 845.172363 -2.148076 -0.000000 4
data 8244000 844.812195 2.147909 0.000000 4
data 8245000 844.456726 -2.147915 -0.000000 4
data 8246000 844.105896 2.147750 0.000000 4
data 8247000 843.755859 -2.147755 -0.000000 4
data 8248000 843.389771 2.147587 0.000000 4
data 8249000 843.028442 -2.147594 -0.000000 4
data 8250000 842.673706 2.147429 0.000000 4
data 8251000 842.325500 -2.147433 -0.000000 4
data 8252000 841.978088 2.147269 0.000000 4
data 8253000 841.637146 -2.147272 -0.000000 4
data 8254000 841.308228 2.147113 0.000000 4
data 8255000 840.985657 -2.147111 -0.000000 4
data 8256000 840.673035 2.146956 0.000000 4
data 8257000 840.370300 -2.146949 -0.000000 4
data 8258000 840.081055 2.146800 0.000000 4
data 8259000 839.797729 -2.146789 -0.000000 4
data 8260000 839.542786 2.146647 0.000000 4
data 8261000 839.313965 -2.146623 -0.000000 4
data 8262000 839.096069 2.146491 0.000000 4
data 8263000 838.896423 -2.146459 -0.000000 4
data 8264000 838.718628 2.146337 0.000000 4
data 8265000 838.609375 -2.146283 -0.000000 4
data 8266000 838.507812 2.146179 0.000000 4
data 8267000 838.442078 -2.146116 -0.000000 4
data 8268000 838.381714 2.146021 0.000000 4
data 8269000 838.328613 -2.145955 -0.000000 4
data 8270000 838.368958 2.145885 0.000000 4
data 8271000 838.411621 -2.145795 -0.000000 4
data 8272000 838.471558 2.145730 0.000000 4
data 8273000 838.541077 -2.145634 -0.000000 4
data 8274000 838.620056 2.145573 0.000000 4
data 8275000 838.700867 -2.145474 -0.000000 4
data 8276000 838.813477 2.145422 0.000000 4
data 8277000 838.933105 -2.145314 -0.000000 4
data 8278000 839.065247 2.145266 0.000000 4
data 8279000 839.204163 -2.145153 -0.000000 4
data 8280000 839.345947 2.145108 0.000000 4
data 8281000 839.488647 -2.144994 -0.000000 4
data 8282000 839.630371 2.144949 0.000000 4
data 8283000 839.772949 -2.144835 -0.000000 4
data 8284000 839.916321 2.144790 0.000000 4
data 8285000 840.054810 -2.144678 -0.000000 4
data 8286000 840.188416 2.144631 0.000000 4
data 8287000 840.315247 -2.144521 -0.000000 4
data 8288000 840.441040 2.144472 0.000000 4
data 8289000 840.530029 -2.144371 -0.000000 4
data 8290000 840.620117 2.144313 0.000000 4
data 8291000 840.711304 -2.144212 -0.000000 4
data 8292000 840.803528 2.144155 0.000000 4
data 8293000 840.896790 -2.144053 -0.000000 4
data 8294000 840.975952 2.143993 0.000000 4
data 8295000 841.050537 -2.143896 -0.000000 4
data 8296000 841.126221 2.143835 0.000000 4
data 8297000 841.203003 -2.143737 -0.000000 4
data 8298000 841.273254 2.143675 0.000000 4
data 8299000 841.344604 -2.143579 -0.000000 4
data 8300000 841.413269 2.143516 0.000000 4
data 8301000 841.479187 -2.143421 -0.000000 4
data 8302000 841.521667 2.143352 0.000000 4
data 8303000 841.509094 -2.143276 -0.000000 4
data 8304000 841.487061 2.143192 0.000000 4
data 8305000 841.446289 -2.143122 -0.000000 4
data 8306000 841.385010 2.143028 0.000000 4
data 8307000 841.303467 -2.142969 -0.000000 4
data 8308000 841.181213 2.142860 0.000000 4
data 8309000 841.043091 -2.142815 -0.000000 4
data 8310000 840.902405 2.142702 0.000000 4
data 8311000 840.657776 -2.142682 -0.000000 4
data 8312000 840.374207 2.142534 0.000000 4
data 8313000 840.055725 -2.142532 -0.000000 4
data 8314000 839.699097 2.142367 0.000000 4
data 8315000 839.257812 -2.142394 -0.000000 4
data 8316000 838.817139 2.142209 0.000000 4
data 8317000 838.379028 -2.142236 -0.000000 4
data 8318000 837.907776 2.142044 0.000000 4
data 8319000 837.386963 -2.142090 -0.000000 4
data 8320000 836.865845 2.141886 0.000000 4
data 8321000 836.346313 -2.141932 -0.000000 4
data 8322000 835.832153 2.141729 0.000000 4
data 8323000 835.325256 -2.141772 -0.000000 4
data 8324000 834.817993 2.141571 0.000000 4
data 8325000 834.314148 -2.141613 -0.000000 4
data 8326000 833.808167 2.141413 0.000000 4
data 8327000 833.307556 -2.141454 -0.000000 4
data 8328000 832.814209 2.141257 0.000000 4
data 8329000 832.329895 -2.141295 -0.000000 4
data 8330000 831.865784 2.141104 0.000000 4
data 8331000 831.408630 -2.141135 -0.000000 4
data 8332000 830.958374 2.140949 0.000000 4
data 8333000 830.520630 -2.140975 -0.000000 4
data 8334000 830.168274 2.140812 0.000000 4
data 8335000 829.831177 -2.140814 -0.000000 4
data 8336000 829.516663 2.140660 0.000000 4
data 8337000 829.220825 -2.140652 -0.000000 4
data 8338000 828.988464 2.140517 0.000000 4
data 8339000 828.788940 -2.140486 -0.000000 4
data 8340000 828.610535 2.140365 0.000000 4
data 8341000 828.453125 -2.140324 -0.000000 4
data 8342000 828.309021 2.140211 0.000000 4
data 8343000 828.172485 -2.140165 -0.000000 4
data 8344000 828.041382 2.140055 0.000000 4
data 8345000 827.915833 -2.140007 -0.000000 4
data 8346000 827.795654 2.139899 0.000000 4
data 8347000 827.678955 -2.139848 -0.000000 4
data 8348000 827.565674 2.139743 0.000000 4
data 8349000 827.455811 -2.139691 -0.000000 4
data 8350000 827.347412 2.139586 0.000000 4
data 8351000 827.242310 -2.139533 -0.000000 4
data 8352000 827.114319 2.139424 0.000000 4
data 8353000 826.961609 -2.139382 -0.000000 4
data 8354000 826.799561 2.139264 0.000000 4
data 8355000 826.637573 -2.139225 -0.000000 4
data 8356000 826.477478 2.139108 0.000000 4
data 8357000 826.321228 -2.139067 -0.000000 4
data 8358000 826.161255 2.138950 0.000000 4
data 8359000 825.993835 -2.138912 -0.000000 4
data 8360000 825.826477 2.138793 0.000000 4
data 8361000 825.663025 -2.138754 -0.000000 4
data 8362000 825.497803 2.138636 0.000000 4
data 8363000 825.323242 -2.138599 -0.000000 4
data 8364000 825.148804 2.138479 0.000000 4
data 8365000 824.957703 -2.138447 -0.000000 4
data 8366000 824.721985 2.138312 0.000000 4
data 8367000 824.466431 -2.138294 -0.000000 4
data 8368000 824.213806 2.138156 0.000000 4
data 8369000 823.874084 -2.138159 -0.000000 4
data 8370000 823.540039 2.138001 0.000000 4
data 8371000 823.205872 -2.138002 -0.000000 4
data 8372000 822.873596 2.137845 0.000000 4
data 8373000 822.541321 -2.137846 -0.000000 4
data 8374000 822.188477 2.137683 0.000000 4
data 8375000 821.794617 -2.137699 -0.000000 4
data 8376000 821.373413 2.137520 0.000000 4
data 8377000 820.913879 -2.137552 -0.000000 4
data 8378000 820.455688 2.137364 0.000000 4
data 8379000 819.980164 -2.137399 -0.000000 4
data 8380000 819.508118 2.137208 0.000000 4
data 8381000 819.035828 -2.137243 -0.000000 4
data 8382000 818.546448 2.137048 0.000000 4
data 8383000 818.062622 -2.137085 -0.000000 4
data 8384000 817.586182 2.136894 0.000000 4
data 8385000 817.117065 -2.136927 -0.000000 4
data 8386000 816.655212 2.136739 0.000000 4
data 8387000 816.200623 -2.136769 -0.000000 4
data 8388000 815.770081 2.136589 0.000000 4
data 8389000 815.337097 -2.136614 -0.000000 4
data 8390000 814.911133 2.136434 0.000000 4
data 8391000 814.492188 -2.136456 -0.000000 4
data 8392000 814.089417 2.136282 0.000000 4
data 8393000 813.693420 -2.136298 -0.000000 4
data 8394000 813.304077 2.136127 0.000000 4
data 8395000 812.921448 -2.136141 -0.000000 4
data 8396000 812.580933 2.135982 0.000000 4
data 8397000 812.261536 -2.135980 -0.000000 4
data 8398000 811.949951 2.135828 0.000000 4
data 8399000 811.674255 -2.135815 -0.000000 4
data 8400000 811.405823 2.135674 0.000000 4
data 8401000 811.180298 -2.135649 -0.000000 4
data 8402000 810.965393 2.135520 0.000000 4
data 8403000 810.774048 -2.135488 -0.000000 4
data 8404000 810.626648 2.135375 0.000000 4
data 8405000 810.511475 -2.135324 -0.000000 4
data 8406000 810.402039 2.135221 0.000000 4
data 8407000 810.296326 -2.135168 -0.000000 4
data 8408000 810.198120 2.135067 0.000000 4
data 8409000 810.103455 -2.135011 -0.000000 4
data 8410000 810.016113 2.134912 0.000000 4
data 8411000 809.928467 -2.134856 -0.000000 4
data 8412000 809.840454 2.134757 0.000000 4
data 8413000 809.755920 -2.134699 -0.000000 4
data 8414000 809.674744 2.134602 0.000000 4
data 8415000 809.591309 -2.134544 -0.000000 4
data 8416000 809.509338 2.134447 0.000000 4
data 8417000 809.426880 -2.134389 -0.000000 4
data 8418000 809.347778 2.134292 0.000000 4
data 8419000 809.262512 -2.134235 -0.000000 4
data 8420000 809.174927 2.134136 0.000000 4
data 8421000 809.084961 -2.134080 -0.000000 4
data 8422000 808.990906 2.133980 0.000000 4
data 8423000 808.890747 -2.133926 -0.000000 4
data 8424000 808.778992 2.133822 0.000000 4
data 8425000 808.661377 -2.133772 -0.000000 4
data 8426000 808.539856 2.133666 0.000000 4
data 8427000 808.418152 -2.133617 -0.000000 4
data 8428000 808.299927 2.133512 0.000000 4
data 8429000 808.181458 -2.133462 -0.000000 4
data 8430000 808.047791 2.133353 0.000000 4
data 8431000 807.908447 -2.133308 -0.000000 4
data 8432000 807.757751 2.133195 0.000000 4
data 8433000 807.610901 -2.133152 -0.000000 4
data 8434000 807.415405 2.133028 0.000000 4
data 8435000 807.222290 -2.132997 -0.000000 4
data 8436000 807.029724 2.132874 0.000000 4
data 8437000 806.831970 -2.132843 -0.000000 4
data 8438000 806.621643 2.132715 0.000000 4
data 8439000 806.406372 -2.132689 -0.000000 4
data 8440000 806.174927 2.132557 0.000000 4
data 8441000 805.910706 -2.132542 -0.000000 4
data 8442000 805.647705 2.132402 0.000000 4
data 8443000 805.384033 -2.132387 -0.000000 4
data 8444000 805.112244 2.132246 0.000000 4
data 8445000 804.794983 -2.132243 -0.000000 4
data 8446000 804.468323 2.132088 0.000000 4
data 8447000 804.141724 -2.132088 -0.000000 4
data 8448000 803.779602 2.131925 0.000000 4
data 8449000 803.382446 -2.131942 -0.000000 4
data 8450000 802.991699 2.131772 0.000000 4
data 8451000 802.607300 -2.131786 -0.000000 4
data 8452000 802.225403 2.131618 0.000000 4
data 8453000 801.847961 -2.131630 -0.000000 4
data 8454000 801.446899 2.131458 0.000000 4
data 8455000 801.048584 -2.131475 -0.000000 4
data 8456000 800.656799 2.131305 0.000000 4
data 8457000 800.271484 -2.131319 -0.000000 4
data 8458000 799.898193 2.131153 0.000000 4
data 8459000 799.531189 -2.131163 -0.000000 4
data 8460000 799.170410 2.131000 0.000000 4
data 8461000 798.838318 -2.131002 -0.000000 4
data 8462000 798.534485 2.130853 0.000000 4
data 8463000 798.236267 -2.130846 -0.000000 4
data 8464000 797.958557 2.130703 0.000000 4
data 8465000 797.691833 -2.130689 -0.000000 4
data 8466000 797.435974 2.130551 0.000000 4
data 8467000 797.194580 -2.130531 -0.000000 4
data 8468000 796.969421 2.130401 0.000000 4
data 8469000 796.807007 -2.130362 -0.000000 4
data 8470000 796.648743 2.130248 0.000000 4
data 8471000 796.496460 -2.130207 -0.000000 4
data 8472000 796.348267 2.130095 0.000000 4
data 8473000 796.204041 -2.130052 -0.000000 4
data 8474000 796.063782 2.129941 0.000000 4
data 8475000 795.936829 -2.129894 -0.000000 4
data 8476000 795.822937 2.129791 0.000000 4
data 8477000 795.712646 -2.129740 -0.000000 4
data 8478000 795.617126 2.129640 0.000000 4
data 8479000 795.524963 -2.129585 -0.000000 4
data 8480000 795.436157 2.129487 0.000000 4
data 8481000 795.352478 -2.129430 -0.000000 4
data 8482000 795.275757 2.129334 0.000000 4
data 8483000 795.202209 -2.129275 -0.000000 4
data 8484000 795.127991 2.129180 0.000000 4
data 8485000 795.053101 -2.129121 -0.000000 4
data 8486000 794.981262 2.129027 0.000000 4
data 8487000 794.897522 -2.128970 -0.000000 4
data 8488000 794.828125 2.128877 0.000000 4
data 8489000 794.750427 -2.128819 -0.000000 4
data 8490000 794.672058 2.128723 0.000000 4
data 8491000 794.589233 -2.128666 -0.000000 4
data 8492000 794.507568 2.128570 0.000000 4
data 8493000 794.421509 -2.128513 -0.000000 4
data 8494000 794.336609 2.128416 0.000000 4
data 8495000 794.247314 -2.128361 -0.000000 4
data 8496000 794.161072 2.128263 0.000000 4
data 8497000 794.064697 -2.128209 -0.000000 4
data 8498000 793.971497 2.128111 0.000000 4
data 8499000 793.881348 -2.128055 -0.000000 4
data 8500000 793.805420 2.127960 0.000000 4
data 8501000 793.734253 -2.127901 -0.000000 4
data 8502000 793.667725 2.127808 0.000000 4
data 8503000 793.613281 -2.127744 -0.000000 4
data 8504000 793.561462 2.127656 0.000000 4
data 8505000 793.502869 -2.127593 -0.000000 4
data 8506000 793.446899 2.127503 0.000000 4
data 8507000 793.389709 -2.127439 -0.000000 4
data 8508000 793.305237 2.127343 0.000000 4
data 8509000 793.186218 -2.127294 -0.000000 4
data 8510000 793.029297 2.127181 0.000000 4
data 8511000 792.840515 -2.127149 -0.000000 4
data 8512000 792.650024 2.127027 0.000000 4
data 8513000 792.427917 -2.127003 -0.000000 4
data 8514000 792.200684 2.126873 0.000000 4
data 8515000 791.964722 -2.126852 -0.000000 4
data 8516000 791.721924 2.126718 0.000000 4
data 8517000 791.425781 -2.126711 -0.000000 4
data 8518000 791.026367 2.126541 0.000000 4
data 8519000 790.564148 -2.126573 -0.000000 4
data 8520000 790.069519 2.126380 0.000000 4
data 8521000 789.554016 -2.126425 -0.000000 4
data 8522000 789.038513 2.126227 0.000000 4
data 8523000 788.513611 -2.126274 -0.000000 4
data 8524000 787.992554 2.126075 0.000000 4
data 8525000 787.471619 -2.126121 -0.000000 4
data 8526000 786.958252 2.125924 0.000000 4
data 8527000 786.452393 -2.125966 -0.000000 4
data 8528000 785.954041 2.125773 0.000000 4
data 8529000 785.463074 -2.125812 -0.000000 4
data 8530000 784.979492 2.125622 0.000000 4
data 8531000 784.493958 -2.125659 -0.000000 4
data 8532000 784.015808 2.125471 0.000000 4
data 8533000 783.537537 -2.125507 -0.000000 4
data 8534000 783.027466 2.125311 0.000000 4
data 8535000 782.519531 -2.125354 -0.000000 4
data 8536000 782.017456 2.125160 0.000000 4
data 8537000 781.519348 -2.125200 -0.000000 4
data 8538000 781.025208 2.125008 0.000000 4
data 8539000 780.527527 -2.125048 -0.000000 4
data 8540000 780.037598 2.124857 0.000000 4
data 8541000 779.555298 -2.124894 -0.000000 4
data 8542000 779.080627 2.124707 0.000000 4
data 8543000 778.613525 -2.124740 -0.000000 4
data 8544000 778.161377 2.124557 0.000000 4
data 8545000 777.737061 -2.124581 -0.000000 4
data 8546000 777.370178 2.124419 0.000000 4
data 8547000 777.011719 -2.124426 -0.000000 4
data 8548000 776.678345 2.124272 0.000000 4
data 8549000 776.379150 -2.124266 -0.000000 4
data 8550000 776.124878 2.124130 0.000000 4
data 8551000 775.896545 -2.124108 -0.000000 4
data 8552000 775.699402 2.123985 0.000000 4
data 8553000 775.529419 -2.123949 -0.000000 4
data 8554000 775.377014 2.123837 0.000000 4
data 8555000 775.228882 -2.123796 -0.000000 4
data 8556000 775.092529 2.123688 0.000000 4
data 8557000 774.962097 -2.123642 -0.000000 4
data 8558000 774.835754 2.123537 0.000000 4
data 8559000 774.730164 -2.123485 -0.000000 4
data 8560000 774.643250 2.123389 0.000000 4
data 8561000 774.561707 -2.123332 -0.000000 4
data 8562000 774.483643 2.123238 0.000000 4
data 8563000 774.407104 -2.123180 -0.000000 4
data 8564000 774.332092 2.123086 0.000000 4
data 8565000 774.254883 -2.123028 -0.000000 4
data 8566000 774.181030 2.122935 0.000000 4
data 8567000 774.110413 -2.122875 -0.000000 4
data 8568000 773.981506 2.122769 0.000000 4
data 8569000 773.839661 -2.122726 -0.000000 4
data 8570000 773.701782 2.122618 0.000000 4
data 8571000 773.560364 -2.122576 -0.000000 4
data 8572000 773.419128 2.122467 0.000000 4
data 8573000 773.276184 -2.122424 -0.000000 4
data 8574000 773.137207 2.122316 0.000000 4
data 8575000 772.996521 -2.122273 -0.000000 4
data 8576000 772.850342 2.122163 0.000000 4
data 8577000 772.674561 -2.122128 -0.000000 4
data 8578000 772.482422 2.122007 0.000000 4
data 8579000 772.272339 -2.121980 -0.000000 4
data 8580000 772.025818 2.121847 0.000000 4
data 8581000 771.715332 -2.121844 -0.000000 4
data 8582000 771.382446 2.121691 0.000000 4
data 8583000 770.988403 -2.121706 -0.000000 4
data 8584000 770.535706 2.121525 0.000000 4
data 8585000 770.086365 -2.121554 -0.000000 4
data 8586000 769.644104 2.121376 0.000000 4
data 8587000 769.141907 -2.121417 -0.000000 4
data 8588000 768.630676 2.121222 0.000000 4
data 8589000 768.127197 -2.121264 -0.000000 4
data 8590000 767.631470 2.121072 0.000000 4
data 8591000 767.128601 -2.121114 -0.000000 4
data 8592000 766.633484 2.120923 0.000000 4
data 8593000 766.146118 -2.120961 -0.000000 4
data 8594000 765.677673 2.120776 0.000000 4
data 8595000 765.216736 -2.120808 -0.000000 4
data 8596000 764.765076 2.120627 0.000000 4
data 8597000 764.320862 -2.120655 -0.000000 4
data 8598000 763.883972 2.120477 0.000000 4
data 8599000 763.454346 -2.120502 -0.000000 4
data 8600000 763.069153 2.120337 0.000000 4
data 8601000 762.707458 -2.120345 -0.000000 4
data 8602000 762.354126 2.120187 0.000000 4
data 8603000 762.037048 -2.120186 -0.000000 4
data 8604000 761.735413 2.120040 0.000000 4
data 8605000 761.465759 -2.120027 -0.000000 4
data 8606000 761.203613 2.119891 0.000000 4
data 8607000 760.974915 -2.119868 -0.000000 4
data 8608000 760.762573 2.119743 0.000000 4
data 8609000 760.618530 -2.119701 -0.000000 4
data 8610000 760.480652 2.119594 0.000000 4
data 8611000 760.346924 -2.119550 -0.000000 4
data 8612000 760.221130 2.119445 0.000000 4
data 8613000 760.108765 -2.119395 -0.000000 4
data 8614000 760.000305 2.119295 0.000000 4
data 8615000 759.895691 -2.119244 -0.000000 4
data 8616000 759.796692 2.119145 0.000000 4
data 8617000 759.701477 -2.119092 -0.000000 4
data 8618000 759.607971 2.118995 0.000000 4
data 8619000 759.518127 -2.118941 -0.000000 4
data 8620000 759.431885 2.118845 0.000000 4
data 8621000 759.341675 -2.118791 -0.000000 4
data 8622000 759.251282 2.118695 0.000000 4
data 8623000 759.158813 -2.118641 -0.000000 4
data 8624000 759.069946 2.118545 0.000000 4
data 8625000 758.984497 -2.118489 -0.000000 4
data 8626000 758.902466 2.118395 0.000000 4
data 8627000 758.823792 -2.118338 -0.000000 4
data 8628000 758.772705 2.118251 0.000000 4
data 8629000 758.726440 -2.118186 -0.000000 4
data 8630000 758.684937 2.118102 0.000000 4
data 8631000 758.646362 -2.118035 -0.000000 4
data 8632000 758.610596 2.117952 0.000000 4
data 8633000 758.590637 -2.117881 -0.000000 4
data 8634000 758.573242 2.117802 0.000000 4
data 8635000 758.551025 -2.117732 -0.000000 4
data 8636000 758.531311 2.117652 0.000000 4
data 8637000 758.514160 -2.117581 -0.000000 4
data 8638000 758.488220 2.117500 0.000000 4
data 8639000 758.451843 -2.117433 -0.000000 4
data 8640000 758.418091 2.117350 0.000000 4
data 8641000 758.386902 -2.117282 -0.000000 4
data 8642000 758.352600 2.117199 0.000000 4
data 8643000 758.304138 -2.117136 -0.000000 4
data 8644000 758.245300 2.117047 0.000000 4
data 8645000 758.153870 -2.116993 -0.000000 4
data 8646000 758.065491 2.116897 0.000000 4
data 8647000 757.972717 -2.116844 -0.000000 4
data 8648000 757.860657 2.116743 0.000000 4
data 8649000 757.709106 -2.116703 -0.000000 4
data 8650000 757.540710 2.116589 0.000000 4
data 8651000 757.327698 -2.116563 -0.000000 4
data 8652000 757.061401 2.116427 0.000000 4
data 8653000 756.760803 -2.116421 -0.000000 4
data 8654000 756.454285 2.116275 0.000000 4
data 8655000 756.130676 -2.116275 -0.000000 4
data 8656000 755.780945 2.116119 0.000000 4
data 8657000 755.425781 -2.116127 -0.000000 4
data 8658000 755.069031 2.115969 0.000000 4
data 8659000 754.695801 -2.115980 -0.000000 4
data 8660000 754.319336 2.115819 0.000000 4
data 8661000 753.948914 -2.115829 -0.000000 4
data 8662000 753.552917 2.115663 0.000000 4
data 8663000 753.163269 -2.115678 -0.000000 4
data 8664000 752.779846 2.115515 0.000000 4
data 8665000 752.402710 -2.115527 -0.000000 4
data 8666000 752.035461 2.115367 0.000000 4
data 8667000 751.704041 -2.115369 -0.000000 4
data 8668000 751.419250 2.115228 0.000000 4
data 8669000 751.167603 -2.115212 -0.000000 4
data 8670000 750.946838 2.115086 0.000000 4
data 8671000 750.749390 -2.115057 -0.000000 4
data 8672000 750.589722 2.114945 0.000000 4
data 8673000 750.447083 -2.114903 -0.000000 4
data 8674000 750.308167 2.114797 0.000000 4
data 8675000 750.187927 -2.114750 -0.000000 4
data 8676000 750.076782 2.114649 0.000000 4
data 8677000 749.978394 -2.114597 -0.000000 4
data 8678000 749.883240 2.114501 0.000000 4
data 8679000 749.791382 -2.114447 -0.000000 4
data 8680000 749.713867 2.114355 0.000000 4
data 8681000 749.646790 -2.114295 -0.000000 4
data 8682000 749.582581 2.114206 0.000000 4
data 8683000 749.521240 -2.114146 -0.000000 4
data 8684000 749.455322 2.114056 0.000000 4
data 8685000 749.392212 -2.113996 -0.000000 4
data 8686000 749.326355 2.113906 0.000000 4
data 8687000 749.259583 -2.113847 -0.000000 4
data 8688000 749.177002 2.113753 0.000000 4
data 8689000 749.093689 -2.113698 -0.000000 4
data 8690000 749.000244 2.113602 0.000000 4
data 8691000 748.896851 -2.113551 -0.000000 4
data 8692000 748.796631 2.113453 0.000000 4
data 8693000 748.692017 -2.113403 -0.000000 4
data 8694000 748.588684 2.113305 0.000000 4
data 8695000 748.488403 -2.113253 -0.000000 4
data 8696000 748.391235 2.113156 0.000000 4
data 8697000 748.293396 -2.113104 -0.000000 4
data 8698000 748.187378 2.113005 0.000000 4
data 8699000 748.084473 -2.112955 -0.000000 4
data 8700000 747.969727 2.112854 0.000000 4
data 8701000 747.852600 -2.112806 -0.000000 4
data 8702000 747.707031 2.112699 0.000000 4
data 8703000 747.561218 -2.112658 -0.000000 4
data 8704000 747.403931 2.112547 0.000000 4
data 8705000 747.229797 -2.112513 -0.000000 4
data 8706000 747.040771 2.112395 0.000000 4
data 8707000 746.850098 -2.112364 -0.000000 4
data 8708000 746.637329 2.112241 0.000000 4
data 8709000 746.417542 -2.112217 -0.000000 4
data 8710000 746.192627 2.112091 0.000000 4
data 8711000 745.968323 -2.112068 -0.000000 4
data 8712000 745.742676 2.111942 0.000000 4
data 8713000 745.500916 -2.111923 -0.000000 4
data 8714000 745.256165 2.111793 0.000000 4
data 8715000 744.991760 -2.111779 -0.000000 4
data 8716000 744.704224 2.111639 0.000000 4
data 8717000 744.390076 -2.111637 -0.000000 4
data 8718000 744.062561 2.111488 0.000000 4
data 8719000 743.721863 -2.111491 -0.000000 4
data 8720000 743.329102 2.111327 0.000000 4
data 8721000 742.912781 -2.111348 -0.000000 4
data 8722000 742.467529 2.111172 0.000000 4
data 8723000 741.989929 -2.111207 -0.000000 4
data 8724000 741.517578 2.111025 0.000000 4
data 8725000 741.033752 -2.111062 -0.000000 4
data 8726000 740.529175 2.110872 0.000000 4
data 8727000 740.028259 -2.110913 -0.000000 4
data 8728000 739.534729 2.110725 0.000000 4
data 8729000 739.044922 -2.110764 -0.000000 4
data 8730000 738.562439 2.110579 0.000000 4
data 8731000 738.085388 -2.110614 -0.000000 4
data 8732000 737.613708 2.110432 0.000000 4
data 8733000 737.138123 -2.110467 -0.000000 4
data 8734000 736.680969 2.110288 0.000000 4
data 8735000 736.230957 -2.110317 -0.000000 4
data 8736000 735.788025 2.110142 0.000000 4
data 8737000 735.357727 -2.110166 -0.000000 4
data 8738000 734.936157 2.109996 0.000000 4
data 8739000 734.519592 -2.110017 -0.000000 4
data 8740000 734.111694 2.109849 0.000000 4
data 8741000 733.721680 -2.109865 -0.000000 4
data 8742000 733.338257 2.109703 0.000000 4
data 8743000 732.950195 -2.109718 -0.000000 4
data 8744000 732.568726 2.109557 0.000000 4
data 8745000 732.193848 -2.109569 -0.000000 4
data 8746000 731.843933 2.109415 0.000000 4
data 8747000 731.500305 -2.109419 -0.000000 4
data 8748000 731.162842 2.109268 0.000000 4
data 8749000 730.831482 -2.109270 -0.000000 4
data 8750000 730.506226 2.109122 0.000000 4
data 8751000 730.194397 -2.109119 -0.000000 4
data 8752000 729.893982 2.108977 0.000000 4
data 8753000 729.599304 -2.108970 -0.000000 4
data 8754000 729.304810 2.108829 0.000000 4
data 8755000 729.021545 -2.108820 -0.000000 4
data 8756000 728.743958 2.108683 0.000000 4
data 8757000 728.471863 -2.108671 -0.000000 4
data 8758000 728.205261 2.108536 0.000000 4
data 8759000 727.934753 -2.108524 -0.000000 4
data 8760000 727.666077 2.108389 0.000000 4
data 8761000 727.395386 -2.108377 -0.000000 4
data 8762000 727.115356 2.108239 0.000000 4
data 8763000 726.837158 -2.108229 -0.000000 4
data 8764000 726.521851 2.108083 0.000000 4
data 8765000 726.208801 -2.108081 -0.000000 4
data 8766000 725.892395 2.107935 0.000000 4
data 8767000 725.559692 -2.107938 -0.000000 4
data 8768000 725.225708 2.107788 0.000000 4
data 8769000 724.890442 -2.107790 -0.000000 4
data 8770000 724.550232 2.107639 0.000000 4
data 8771000 724.208862 -2.107643 -0.000000 4
data 8772000 723.860718 2.107490 0.000000 4
data 8773000 723.509705 -2.107497 -0.000000 4
data 8774000 723.161377 2.107344 0.000000 4
data 8775000 722.813782 -2.107349 -0.000000 4
data 8776000 722.472534 2.107198 0.000000 4
data 8777000 722.143188 -2.107199 -0.000000 4
data 8778000 721.821838 2.107053 0.000000 4
data 8779000 721.506592 -2.107051 -0.000000 4
data 8780000 721.197388 2.106907 0.000000 4
data 8781000 720.895996 -2.106902 -0.000000 4
data 8782000 720.609802 2.106763 0.000000 4
data 8783000 720.333069 -2.106753 -0.000000 4
data 8784000 720.080566 2.106622 0.000000 4
data 8785000 719.838989 -2.106603 -0.000000 4
data 8786000 719.613831 2.106478 0.000000 4
data 8787000 719.419800 -2.106449 -0.000000 4
data 8788000 719.269470 2.106342 0.000000 4
data 8789000 719.125305 -2.106301 -0.000000 4
data 8790000 719.003967 2.106200 0.000000 4
data 8791000 718.886597 -2.106153 -0.000000 4
data 8792000 718.773193 2.106054 0.000000 4
data 8793000 718.645142 -2.106009 -0.000000 4
data 8794000 718.545227 2.105913 0.000000 4
data 8795000 718.448975 -2.105862 -0.000000 4
data 8796000 718.328552 2.105761 0.000000 4
data 8797000 718.204590 -2.105716 -0.000000 4
data 8798000 718.080872 2.105614 0.000000 4
data 8799000 717.911011 -2.105580 -0.000000 4
data 8800000 717.743652 2.105469 0.000000 4
data 8801000 717.563965 -2.105436 -0.000000 4
data 8802000 717.385010 2.105322 0.000000 4
data 8803000 717.203064 -2.105290 -0.000000 4
data 8804000 717.021790 2.105175 0.000000 4
data 8805000 716.837585 -2.105144 -0.000000 4
data 8806000 716.644897 2.105027 0.000000 4
data 8807000 716.425232 -2.105004 -0.000000 4
data 8808000 716.210388 2.104882 0.000000 4
data 8809000 715.998413 -2.104856 -0.000000 4
data 8810000 715.785645 2.104735 0.000000 4
data 8811000 715.575745 -2.104709 -0.000000 4
data 8812000 715.355713 2.104586 0.000000 4
data 8813000 715.136780 -2.104563 -0.000000 4
data 8814000 714.922607 2.104441 0.000000 4
data 8815000 714.709473 -2.104416 -0.000000 4
data 8816000 714.501038 2.104296 0.000000 4
data 8817000 714.295471 -2.104269 -0.000000 4
data 8818000 714.094543 2.104151 0.000000 4
data 8819000 713.898193 -2.104122 -0.000000 4
data 8820000 713.708191 2.104006 0.000000 4
data 8821000 713.522644 -2.103975 -0.000000 4
data 8822000 713.341492 2.103860 0.000000 4
data 8823000 713.168457 -2.103827 -0.000000 4
data 8824000 713.014465 2.103719 0.000000 4
data 8825000 712.879333 -2.103676 -0.000000 4
data 8826000 712.759216 2.103576 0.000000 4
data 8827000 712.644653 -2.103529 -0.000000 4
data 8828000 712.539246 2.103432 0.000000 4
data 8829000 712.448547 -2.103379 -0.000000 4
data 8830000 712.361206 2.103287 0.000000 4
data 8831000 712.277100 -2.103233 -0.000000 4
data 8832000 712.196228 2.103141 0.000000 4
data 8833000 712.118591 -2.103086 -0.000000 4
data 8834000 712.040344 2.102995 0.000000 4
data 8835000 711.968994 -2.102938 -0.000000 4
data 8836000 711.896912 2.102849 0.000000 4
data 8837000 711.822327 -2.102793 -0.000000 4
data 8838000 711.741577 2.102702 0.000000 4
data 8839000 711.660217 -2.102647 -0.000000 4
data 8840000 711.581909 2.102557 0.000000 4
data 8841000 711.480713 -2.102507 -0.000000 4
data 8842000 711.371704 2.102409 0.000000 4
data 8843000 711.251160 -2.102364 -0.000000 4
data 8844000 711.124756 2.102262 0.000000 4
data 8845000 710.988892 -2.102220 -0.000000 4
data 8846000 710.810303 2.102107 0.000000 4
data 8847000 710.630188 -2.102075 -0.000000 4
data 8848000 710.422546 2.101955 0.000000 4
data 8849000 710.208130 -2.101931 -0.000000 4
data 8850000 709.990723 2.101809 0.000000 4
data 8851000 709.761047 -2.101788 -0.000000 4
data 8852000 709.509949 2.101658 0.000000 4
data 8853000 709.261841 -2.101642 -0.000000 4
data 8854000 709.014709 2.101513 0.000000 4
data 8855000 708.748230 -2.101501 -0.000000 4
data 8856000 708.486694 2.101369 0.000000 4
data 8857000 708.226318 -2.101355 -0.000000 4
data 8858000 707.969055 2.101224 0.000000 4
data 8859000 707.703552 -2.101211 -0.000000 4
data 8860000 707.443054 2.101080 0.000000 4
data 8861000 707.187439 -2.101065 -0.000000 4
data 8862000 706.936646 2.100935 0.000000 4
data 8863000 706.686951 -2.100919 -0.000000 4
data 8864000 706.430969 2.100789 0.000000 4
data 8865000 706.161377 -2.100777 -0.000000 4
data 8866000 705.861633 2.100637 0.000000 4
data 8867000 705.561584 -2.100632 -0.000000 4
data 8868000 705.255798 2.100490 0.000000 4
data 8869000 704.940613 -2.100489 -0.000000 4
data 8870000 704.616150 2.100343 0.000000 4
data 8871000 704.289917 -2.100344 -0.000000 4
data 8872000 703.939758 2.100192 0.000000 4
data 8873000 703.588074 -2.100199 -0.000000 4
data 8874000 703.236755 2.100047 0.000000 4
data 8875000 702.878479 -2.100055 -0.000000 4
data 8876000 702.470703 2.099891 0.000000 4
data 8877000 702.065796 -2.099910 -0.000000 4
data 8878000 701.665588 2.099747 0.000000 4
data 8879000 701.236755 -2.099771 -0.000000 4
data 8880000 700.798096 2.099600 0.000000 4
data 8881000 700.362671 -2.099626 -0.000000 4
data 8882000 699.928650 2.099455 0.000000 4
data 8883000 699.486816 -2.099483 -0.000000 4
data 8884000 699.052002 2.099312 0.000000 4
data 8885000 698.618652 -2.099337 -0.000000 4
data 8886000 698.190491 2.099169 0.000000 4
data 8887000 697.769226 -2.099191 -0.000000 4
data 8888000 697.354858 2.099025 0.000000 4
data 8889000 696.947388 -2.099045 -0.000000 4
data 8890000 696.559692 2.098885 0.000000 4
data 8891000 696.184143 -2.098897 -0.000000 4
data 8892000 695.815063 2.098742 0.000000 4
data 8893000 695.452454 -2.098751 -0.000000 4
data 8894000 695.118408 2.098603 0.000000 4
data 8895000 694.792297 -2.098604 -0.000000 4
data 8896000 694.520264 2.098471 0.000000 4
data 8897000 694.298157 -2.098449 -0.000000 4
data 8898000 694.110596 2.098334 0.000000 4
data 8899000 693.936829 -2.098301 -0.000000 4
data 8900000 693.786011 2.098195 0.000000 4
data 8901000 693.643188 -2.098155 -0.000000 4
data 8902000 693.509949 2.098053 0.000000 4
data 8903000 693.384460 -2.098008 -0.000000 4
data 8904000 693.272095 2.097911 0.000000 4
data 8905000 693.167175 -2.097862 -0.000000 4
data 8906000 693.065918 2.097767 0.000000 4
data 8907000 692.968262 -2.097717 -0.000000 4
data 8908000 692.870422 2.097623 0.000000 4
data 8909000 692.774353 -2.097572 -0.000000 4
data 8910000 692.681702 2.097480 0.000000 4
data 8911000 692.592529 -2.097427 -0.000000 4
data 8912000 692.501282 2.097335 0.000000 4
data 8913000 692.411560 -2.097283 -0.000000 4
data 8914000 692.317810 2.097190 0.000000 4
data 8915000 692.210815 -2.097142 -0.000000 4
data 8916000 692.107361 2.097046 0.000000 4
data 8917000 691.979614 -2.097003 -0.000000 4
data 8918000 691.848206 2.096901 0.000000 4
data 8919000 691.707581 -2.096861 -0.000000 4
data 8920000 691.561523 2.096756 0.000000 4
data 8921000 691.417480 -2.096716 -0.000000 4
data 8922000 691.253235 2.096607 0.000000 4
data 8923000 691.063477 -2.096578 -0.000000 4
data 8924000 690.874268 2.096463 0.000000 4
data 8925000 690.659790 -2.096439 -0.000000 4
data 8926000 690.427673 2.096315 0.000000 4
data 8927000 690.200317 -2.096294 -0.000000 4
data 8928000 689.972046 2.096171 0.000000 4
data 8929000 689.746582 -2.096150 -0.000000 4
data 8930000 689.488831 2.096020 0.000000 4
data 8931000 689.236145 -2.096005 -0.000000 4
data 8932000 688.973572 2.095874 0.000000 4
data 8933000 688.716064 -2.095860 -0.000000 4
data 8934000 688.463501 2.095731 0.000000 4
data 8935000 688.214050 -2.095715 -0.000000 4
data 8936000 687.958435 2.095586 0.000000 4
data 8937000 687.700378 -2.095572 -0.000000 4
data 8938000 687.454712 2.095445 0.000000 4
data 8939000 687.206543 -2.095429 -0.000000 4
data 8940000 686.963318 2.095303 0.000000 4
data 8941000 686.723083 -2.095285 -0.000000 4
data 8942000 686.487671 2.095160 0.000000 4
data 8943000 686.257080 -2.095140 -0.000000 4
data 8944000 686.031250 2.095018 0.000000 4
data 8945000 685.810059 -2.094995 -0.000000 4
data 8946000 685.600952 2.094877 0.000000 4
data 8947000 685.396301 -2.094851 -0.000000 4
data 8948000 685.199829 2.094735 0.000000 4
data 8949000 685.007751 -2.094706 -0.000000 4
data 8950000 684.832947 2.094595 0.000000 4
data 8951000 684.664124 -2.094561 -0.000000 4
data 8952000 684.497559 2.094453 0.000000 4
data 8953000 684.347961 -2.094414 -0.000000 4
data 8954000 684.202209 2.094310 0.000000 4
data 8955000 684.060303 -2.094270 -0.000000 4
data 8956000 683.911072 2.094165 0.000000 4
data 8957000 683.765625 -2.094126 -0.000000 4
data 8958000 683.609253 2.094019 0.000000 4
data 8959000 683.447449 -2.093984 -0.000000 4
data 8960000 683.284119 2.093876 0.000000 4
data 8961000 683.111755 -2.093843 -0.000000 4
data 8962000 682.939758 2.093733 0.000000 4
data 8963000 682.758850 -2.093701 -0.000000 4
data 8964000 682.565369 2.093586 0.000000 4
data 8965000 682.376160 -2.093557 -0.000000 4
data 8966000 682.191162 2.093444 0.000000 4
data 8967000 682.010315 -2.093413 -0.000000 4
data 8968000 681.824402 2.093300 0.000000 4
data 8969000 681.642639 -2.093269 -0.000000 4
data 8970000 681.455688 2.093156 0.000000 4
data 8971000 681.272888 -2.093125 -0.000000 4
data 8972000 681.048035 2.093004 0.000000 4
data 8973000 680.823975 -2.092982 -0.000000 4
data 8974000 680.602600 2.092861 0.000000 4
data 8975000 680.370972 -2.092841 -0.000000 4
data 8976000 680.125549 2.092715 0.000000 4
data 8977000 679.844299 -2.092706 -0.000000 4
data 8978000 679.538574 2.092567 0.000000 4
data 8979000 679.223450 -2.092566 -0.000000 4
data 8980000 678.911987 2.092425 0.000000 4
data 8981000 678.596802 -2.092423 -0.000000 4
data 8982000 678.270508 2.092279 0.000000 4
data 8983000 677.925842 -2.092285 -0.000000 4
data 8984000 677.568604 2.092134 0.000000 4
data 8985000 677.215515 -2.092141 -0.000000 4
data 8986000 676.855469 2.091990 0.000000 4
data 8987000 676.486694 -2.092000 -0.000000 4
data 8988000 676.114807 2.091846 0.000000 4
data 8989000 675.743591 -2.091857 -0.000000 4
data 8990000 675.376770 2.091705 0.000000 4
data 8991000 675.016113 -2.091713 -0.000000 4
data 8992000 674.663391 2.091564 0.000000 4
data 8993000 674.316711 -2.091569 -0.000000 4
data 8994000 673.976013 2.091423 0.000000 4
data 8995000 673.661560 -2.091421 -0.000000 4
data 8996000 673.354614 2.091282 0.000000 4
data 8997000 673.075439 -2.091272 -0.000000 4
data 8998000 672.827454 2.091146 0.000000 4
data 8999000 672.591858 -2.091127 -0.000000 4
data 9000000 672.366760 2.091006 0.000000 4
data 9001000 672.148193 -2.090983 -0.000000 4
data 9002000 671.941711 2.090866 0.000000 4
data 9003000 671.780457 -2.090831 -0.000000 4
data 9004000 671.634399 2.090727 0.000000 4
data 9005000 671.492310 -2.090688 -0.000000 4
data 9006000 671.354065 2.090586 0.000000 4
data 9007000 671.208618 -2.090547 -0.000000 4
data 9008000 671.067139 2.090445 0.000000 4
data 9009000 670.936890 -2.090402 -0.000000 4
data 9010000 670.812134 2.090303 0.000000 4
data 9011000 670.689209 -2.090260 -0.000000 4
data 9012000 670.568115 2.090162 0.000000 4
data 9013000 670.443237 -2.090118 -0.000000 4
data 9014000 670.321960 2.090020 0.000000 4
data 9015000 670.209839 -2.089974 -0.000000 4
data 9016000 670.101196 2.089879 0.000000 4
data 9017000 669.990417 -2.089833 -0.000000 4
data 9018000 669.866455 2.089734 0.000000 4
data 9019000 669.718384 -2.089696 -0.000000 4
data 9020000 669.572327 2.089592 0.000000 4
data 9021000 669.418884 -2.089556 -0.000000 4
data 9022000 669.258301 2.089449 0.000000 4
data 9023000 669.099731 -2.089413 -0.000000 4
data 9024000 668.933899 2.089305 0.000000 4
data 9025000 668.738892 -2.089278 -0.000000 4
data 9026000 668.524109 2.089159 0.000000 4
data 9027000 668.308289 -2.089136 -0.000000 4
data 9028000 668.083984 2.089015 0.000000 4
data 9029000 667.808899 -2.089005 -0.000000 4
data 9030000 667.533386 2.088873 0.000000 4
data 9031000 667.238953 -2.088868 -0.000000 4
data 9032000 666.938721 2.088730 0.000000 4
data 9033000 666.614380 -2.088731 -0.000000 4
data 9034000 666.262451 2.088583 0.000000 4
data 9035000 665.910889 -2.088589 -0.000000 4
data 9036000 665.559753 2.088441 0.000000 4
data 9037000 665.196106 -2.088450 -0.000000 4
data 9038000 664.838501 2.088300 0.000000 4
data 9039000 664.479553 -2.088309 -0.000000 4
data 9040000 664.126648 2.088160 0.000000 4
data 9041000 663.779785 -2.088166 -0.000000 4
data 9042000 663.438843 2.088020 0.000000 4
data 9043000 663.111206 -2.088022 -0.000000 4
data 9044000 662.791138 2.087880 0.000000 4
data 9045000 662.491516 -2.087876 -0.000000 4
data 9046000 662.208435 2.087742 0.000000 4
data 9047000 661.951050 -2.087729 -0.000000 4
data 9048000 661.739197 2.087611 0.000000 4
data 9049000 661.544983 -2.087583 -0.000000 4
data 9050000 661.368042 2.087473 0.000000 4
data 9051000 661.222961 -2.087435 -0.000000 4
data 9052000 661.103943 2.087338 0.000000 4
data 9053000 660.995850 -2.087291 -0.000000 4
data 9054000 660.904236 2.087200 0.000000 4
data 9055000 660.819641 -2.087148 -0.000000 4
data 9056000 660.738281 2.087059 0.000000 4
data 9057000 660.660034 -2.087006 -0.000000 4
data 9058000 660.584961 2.086919 0.000000 4
data 9059000 660.512939 -2.086864 -0.000000 4
data 9060000 660.443970 2.086778 0.000000 4
data 9061000 660.383545 -2.086721 -0.000000 4
data 9062000 660.335144 2.086640 0.000000 4
data 9063000 660.294983 -2.086578 -0.000000 4
data 9064000 660.305481 2.086510 0.000000 4
data 9065000 660.321716 -2.086436 -0.000000 4
data 9066000 660.339966 2.086369 0.000000 4
data 9067000 660.360168 -2.086294 -0.000000 4
data 9068000 660.385986 2.086230 0.000000 4
data 9069000 660.426636 -2.086150 -0.000000 4
data 9070000 660.470764 2.086089 0.000000 4
data 9071000 660.516479 -2.086009 -0.000000 4
data 9072000 660.548950 2.085945 0.000000 4
data 9073000 660.573914 -2.085869 -0.000000 4
data 9074000 660.598694 2.085804 0.000000 4
data 9075000 660.608582 -2.085732 -0.000000 4
data 9076000 660.583374 2.085656 0.000000 4
data 9077000 660.530884 -2.085597 -0.000000 4
data 9078000 660.443970 2.085507 0.000000 4
data 9079000 660.350586 -2.085458 -0.000000 4
data 9080000 660.258240 2.085367 0.000000 4
data 9081000 660.161316 -2.085318 -0.000000 4
data 9082000 660.026672 2.085218 0.000000 4
data 9083000 659.880554 -2.085180 -0.000000 4
data 9084000 659.693542 2.085068 0.000000 4
data 9085000 659.482605 -2.085044 -0.000000 4
data 9086000 659.260986 2.084925 0.000000 4
data 9087000 658.988159 -2.084915 -0.000000 4
data 9088000 658.710815 2.084783 0.000000 4
data 9089000 658.359070 -2.084790 -0.000000 4
data 9090000 657.994385 2.084640 0.000000 4
data 9091000 657.631653 -2.084649 -0.000000 4
data 9092000 657.259827 2.084497 0.000000 4
data 9093000 656.851440 -2.084517 -0.000000 4
data 9094000 656.427185 2.084353 0.000000 4
data 9095000 656.009277 -2.084375 -0.000000 4
data 9096000 655.593994 2.084213 0.000000 4
data 9097000 655.173950 -2.084236 -0.000000 4
data 9098000 654.741882 2.084070 0.000000 4
data 9099000 654.316345 -2.084094 -0.000000 4
data 9100000 653.893555 2.083931 0.000000 4
data 9101000 653.475464 -2.083952 -0.000000 4
data 9102000 653.063782 2.083792 0.000000 4
data 9103000 652.658508 -2.083811 -0.000000 4
data 9104000 652.250427 2.083651 0.000000 4
data 9105000 651.848755 -2.083669 -0.000000 4
data 9106000 651.462646 2.083514 0.000000 4
data 9107000 651.075439 -2.083529 -0.000000 4
data 9108000 650.701782 2.083377 0.000000 4
data 9109000 650.337891 -2.083386 -0.000000 4
data 9110000 649.981934 2.083238 0.000000 4
data 9111000 649.635620 -2.083244 -0.000000 4
data 9112000 649.298889 2.083100 0.000000 4
data 9113000 648.973450 -2.083102 -0.000000 4
data 9114000 648.653748 2.082961 0.000000 4
data 9115000 648.354431 -2.082957 -0.000000 4
data 9116000 648.062378 2.082823 0.000000 4
data 9117000 647.797791 -2.082811 -0.000000 4
data 9118000 647.547485 2.082686 0.000000 4
data 9119000 647.318665 -2.082666 -0.000000 4
data 9120000 647.112976 2.082551 0.000000 4
data 9121000 646.930237 -2.082521 -0.000000 4
data 9122000 646.757263 2.082413 0.000000 4
data 9123000 646.588440 -2.082380 -0.000000 4
data 9124000 646.423706 2.082274 0.000000 4
data 9125000 646.263000 -2.082239 -0.000000 4
data 9126000 646.106323 2.082135 0.000000 4
data 9127000 645.948059 -2.082100 -0.000000 4
data 9128000 645.793762 2.081996 0.000000 4
data 9129000 645.643372 -2.081959 -0.000000 4
data 9130000 645.491333 2.081856 0.000000 4
data 9131000 645.343201 -2.081819 -0.000000 4
data 9132000 645.204407 2.081718 0.000000 4
data 9133000 645.069275 -2.081678 -0.000000 4
data 9134000 644.937866 2.081579 0.000000 4
data 9135000 644.795349 -2.081541 -0.000000 4
data 9136000 644.652893 2.081440 0.000000 4
data 9137000 644.504944 -2.081402 -0.000000 4
data 9138000 644.357056 2.081300 0.000000 4
data 9139000 644.212952 -2.081262 -0.000000 4
data 9140000 644.046753 2.081156 0.000000 4
data 9141000 643.884460 -2.081121 -0.000000 4
data 9142000 643.722473 2.081016 0.000000 4
data 9143000 643.560669 -2.080982 -0.000000 4
data 9144000 643.389832 2.080875 0.000000 4
data 9145000 643.202698 -2.080846 -0.000000 4
data 9146000 642.988403 2.080729 0.000000 4
data 9147000 642.741760 -2.080714 -0.000000 4
data 9148000 642.470459 2.080585 0.000000 4
data 9149000 642.185730 -2.080577 -0.000000 4
data 9150000 641.872986 2.080439 0.000000 4
data 9151000 641.521545 -2.080446 -0.000000 4
data 9152000 641.152161 2.080296 0.000000 4
data 9153000 640.785095 -2.080306 -0.000000 4
data 9154000 640.420349 2.080157 0.000000 4
data 9155000 640.015747 -2.080176 -0.000000 4
data 9156000 639.571594 2.080009 0.000000 4
data 9157000 639.123352 -2.080037 -0.000000 4
data 9158000 638.676575 2.079870 0.000000 4
data 9159000 638.222046 -2.079900 -0.000000 4
data 9160000 637.763550 2.079730 0.000000 4
data 9161000 637.297546 -2.079762 -0.000000 4
data 9162000 636.838745 2.079592 0.000000 4
data 9163000 636.381592 -2.079623 -0.000000 4
data 9164000 635.931580 2.079455 0.000000 4
data 9165000 635.485046 -2.079483 -0.000000 4
data 9166000 635.036499 2.079315 0.000000 4
data 9167000 634.585876 -2.079344 -0.000000 4
data 9168000 634.151672 2.079180 0.000000 4
data 9169000 633.730042 -2.079202 -0.000000 4
data 9170000 633.315369 2.079043 0.000000 4
data 9171000 632.907593 -2.079062 -0.000000 4
data 9172000 632.510254 2.078906 0.000000 4
data 9173000 632.130737 -2.078919 -0.000000 4
data 9174000 631.778015 2.078773 0.000000 4
data 9175000 631.446228 -2.078776 -0.000000 4
data 9176000 631.161011 2.078644 0.000000 4
data 9177000 630.894226 -2.078633 -0.000000 4
data 9178000 630.649475 2.078510 0.000000 4
data 9179000 630.413635 -2.078492 -0.000000 4
data 9180000 630.234314 2.078384 0.000000 4
data 9181000 630.068726 -2.078350 -0.000000 4
data 9182000 629.914856 2.078247 0.000000 4
data 9183000 629.778076 -2.078208 -0.000000 4
data 9184000 629.672974 2.078116 0.000000 4
data 9185000 629.571533 -2.078068 -0.000000 4
data 9186000 629.473816 2.077978 0.000000 4
data 9187000 629.381531 -2.077929 -0.000000 4
data 9188000 629.296448 2.077841 0.000000 4
data 9189000 629.216614 -2.077789 -0.000000 4
data 9190000 629.156677 2.077706 0.000000 4
data 9191000 629.101746 -2.077649 -0.000000 4
data 9192000 629.057251 2.077570 0.000000 4
data 9193000 629.039673 -2.077505 -0.000000 4
data 9194000 629.030212 2.077433 0.000000 4
data 9195000 629.026917 -2.077365 -0.000000 4
data 9196000 629.046326 2.077300 0.000000 4
data 9197000 629.067993 -2.077226 -0.000000 4
data 9198000 629.091797 2.077162 0.000000 4
data 9199000 629.119507 -2.077086 -0.000000 4
data 9200000 629.154724 2.077025 0.000000 4
data 9201000 629.191895 -2.076948 -0.000000 4
data 9202000 629.230957 2.076887 0.000000 4
data 9203000 629.290222 -2.076805 -0.000000 4
data 9204000 629.351074 2.076749 0.000000 4
data 9205000 629.413452 -2.076666 -0.000000 4
data 9206000 629.477356 2.076611 0.000000 4
data 9207000 629.542725 -2.076528 -0.000000 4
data 9208000 629.609497 2.076473 0.000000 4
data 9209000 629.659180 -2.076393 -0.000000 4
data 9210000 629.675476 2.076328 0.000000 4
data 9211000 629.691772 -2.076255 -0.000000 4
data 9212000 629.687805 2.076185 0.000000 4
data 9213000 629.645386 -2.076125 -0.000000 4
data 9214000 629.548340 2.076035 0.000000 4
data 9215000 629.452393 -2.075987 -0.000000 4
data 9216000 629.350159 2.075896 0.000000 4
data 9217000 629.232483 -2.075852 -0.000000 4
data 9218000 629.077515 2.075750 0.000000 4
data 9219000 628.880066 -2.075723 -0.000000 4
data 9220000 628.620422 2.075598 0.000000 4
data 9221000 628.288269 -2.075601 -0.000000 4
data 9222000 627.917419 2.075452 0.000000 4
data 9223000 627.550476 -2.075462 -0.000000 4
data 9224000 627.185547 2.075314 0.000000 4
data 9225000 626.802490 -2.075328 -0.000000 4
data 9226000 626.414368 2.075175 0.000000 4
data 9227000 626.019409 -2.075192 -0.000000 4
data 9228000 625.615906 2.075036 0.000000 4
data 9229000 625.216736 -2.075053 -0.000000 4
data 9230000 624.814575 2.074897 0.000000 4
data 9231000 624.416809 -2.074914 -0.000000 4
data 9232000 624.021545 2.074760 0.000000 4
data 9233000 623.627014 -2.074776 -0.000000 4
data 9234000 623.238647 2.074623 0.000000 4
data 9235000 622.854614 -2.074638 -0.000000 4
data 9236000 622.471252 2.074486 0.000000 4
data 9237000 622.081238 -2.074502 -0.000000 4
data 9238000 621.697449 2.074350 0.000000 4
data 9239000 621.319885 -2.074363 -0.000000 4
data 9240000 620.948425 2.074213 0.000000 4
data 9241000 620.586731 -2.074223 -0.000000 4
data 9242000 620.227356 2.074076 0.000000 4
data 9243000 619.877686 -2.074083 -0.000000 4
data 9244000 619.548584 2.073943 0.000000 4
data 9245000 619.228943 -2.073944 -0.000000 4
data 9246000 618.918579 2.073808 0.000000 4
data 9247000 618.622864 -2.073803 -0.000000 4
data 9248000 618.361877 2.073678 0.000000 4
data 9249000 618.105957 -2.073664 -0.000000 4
data 9250000 617.855042 2.073541 0.000000 4
data 9251000 617.614624 -2.073525 -0.000000 4
data 9252000 617.379089 2.073405 0.000000 4
data 9253000 617.148315 -2.073386 -0.000000 4
data 9254000 616.929626 2.073270 0.000000 4
data 9255000 616.713745 -2.073248 -0.000000 4
data 9256000 616.502441 2.073134 0.000000 4
data 9257000 616.266357 -2.073116 -0.000000 4
data 9258000 616.035034 2.072998 0.000000 4
data 9259000 615.808472 -2.072978 -0.000000 4
data 9260000 615.586609 2.072861 0.000000 4
data 9261000 615.369385 -2.072840 -0.000000 4
data 9262000 615.156738 2.072725 0.000000 4
data 9263000 614.948608 -2.072702 -0.000000 4
data 9264000 614.744995 2.072589 0.000000 4
data 9265000 614.547729 -2.072563 -0.000000 4
data 9266000 614.373169 2.072457 0.000000 4
data 9267000 614.204529 -2.072425 -0.000000 4
data 9268000 614.041809 2.072321 0.000000 4
data 9269000 613.895996 -2.072284 -0.000000 4
data 9270000 613.774170 2.072189 0.000000 4
data 9271000 613.657776 -2.072146 -0.000000 4
data 9272000 613.544861 2.072053 0.000000 4
data 9273000 613.435364 -2.072008 -0.000000 4
data 9274000 613.327454 2.071916 0.000000 4
data 9275000 613.221069 -2.071871 -0.000000 4
data 9276000 613.118042 2.071780 0.000000 4
data 9277000 613.018372 -2.071733 -0.000000 4
data 9278000 612.921936 2.071644 0.000000 4
data 9279000 612.825012 -2.071596 -0.000000 4
data 9280000 612.714783 2.071504 0.000000 4
data 9281000 612.600586 -2.071460 -0.000000 4
data 9282000 612.489746 2.071368 0.000000 4
data 9283000 612.382202 -2.071323 -0.000000 4
data 9284000 612.277893 2.071232 0.000000 4
data 9285000 612.169495 -2.071187 -0.000000 4
data 9286000 612.057007 2.071095 0.000000 4
data 9287000 611.945984 -2.071050 -0.000000 4
data 9288000 611.807068 2.070952 0.000000 4
data 9289000 611.667969 -2.070913 -0.000000 4
data 9290000 611.523254 2.070814 0.000000 4
data 9291000 611.365601 -2.070780 -0.000000 4
data 9292000 611.209839 2.070678 0.000000 4
data 9293000 611.054077 -2.070643 -0.000000 4
data 9294000 610.874512 2.070536 0.000000 4
data 9295000 610.697021 -2.070506 -0.000000 4
data 9296000 610.479431 2.070391 0.000000 4
data 9297000 610.262512 -2.070369 -0.000000 4
data 9298000 610.038879 2.070253 0.000000 4
data 9299000 609.755432 -2.070246 -0.000000 4
data 9300000 609.471497 2.070116 0.000000 4
data 9301000 609.174255 -2.070112 -0.000000 4
data 9302000 608.858398 2.069976 0.000000 4
data 9303000 608.524048 -2.069980 -0.000000 4
data 9304000 608.169556 2.069835 0.000000 4
data 9305000 607.800720 -2.069846 -0.000000 4
data 9306000 607.437866 2.069700 0.000000 4
data 9307000 607.066223 -2.069712 -0.000000 4
data 9308000 606.696899 2.069564 0.000000 4
data 9309000 606.315308 -2.069578 -0.000000 4
data 9310000 605.938049 2.069429 0.000000 4
data 9311000 605.555908 -2.069443 -0.000000 4
data 9312000 605.157959 2.069289 0.000000 4
data 9313000 604.762695 -2.069306 -0.000000 4
data 9314000 604.370178 2.069154 0.000000 4
data 9315000 603.982117 -2.069169 -0.000000 4
data 9316000 603.600403 2.069019 0.000000 4
data 9317000 603.193848 -2.069038 -0.000000 4
data 9318000 602.790161 2.068883 0.000000 4
data 9319000 602.385681 -2.068902 -0.000000 4
data 9320000 601.985901 2.068748 0.000000 4
data 9321000 601.583496 -2.068767 -0.000000 4
data 9322000 601.178528 2.068612 0.000000 4
data 9323000 600.769165 -2.068632 -0.000000 4
data 9324000 600.377441 2.068480 0.000000 4
data 9325000 599.981262 -2.068497 -0.000000 4
data 9326000 599.591675 2.068345 0.000000 4
data 9327000 599.208618 -2.068359 -0.000000 4
data 9328000 598.843018 2.068213 0.000000 4
data 9329000 598.483765 -2.068222 -0.000000 4
data 9330000 598.138062 2.068080 0.000000 4
data 9331000 597.802124 -2.068084 -0.000000 4
data 9332000 597.501526 2.067952 0.000000 4
data 9333000 597.230469 -2.067942 -0.000000 4
data 9334000 597.008667 2.067827 0.000000 4
data 9335000 596.797241 -2.067804 -0.000000 4
data 9336000 596.592407 2.067692 0.000000 4
data 9337000 596.397827 -2.067666 -0.000000 4
data 9338000 596.227905 2.067562 0.000000 4
data 9339000 596.065979 -2.067528 -0.000000 4
data 9340000 595.904602 2.067426 0.000000 4
data 9341000 595.747437 -2.067392 -0.000000 4
data 9342000 595.609070 2.067294 0.000000 4
data 9343000 595.474609 -2.067255 -0.000000 4
data 9344000 595.358704 2.067163 0.000000 4
data 9345000 595.248291 -2.067119 -0.000000 4
data 9346000 595.141541 2.067028 0.000000 4
data 9347000 595.038330 -2.066982 -0.000000 4
data 9348000 594.938721 2.066893 0.000000 4
data 9349000 594.848083 -2.066845 -0.000000 4
data 9350000 594.755249 2.066757 0.000000 4
data 9351000 594.649292 -2.066712 -0.000000 4
data 9352000 594.539551 2.066621 0.000000 4
data 9353000 594.422302 -2.066578 -0.000000 4
data 9354000 594.306824 2.066486 0.000000 4
data 9355000 594.193054 -2.066442 -0.000000 4
data 9356000 594.068054 2.066348 0.000000 4
data 9357000 593.933960 -2.066309 -0.000000 4
data 9358000 593.801697 2.066213 0.000000 4
data 9359000 593.640137 -2.066180 -0.000000 4
data 9360000 593.451416 2.066072 0.000000 4
data 9361000 593.254089 -2.066046 -0.000000 4
data 9362000 593.024475 2.065930 0.000000 4
data 9363000 592.784912 -2.065913 -0.000000 4
data 9364000 592.531799 2.065792 0.000000 4
data 9365000 592.265259 -2.065781 -0.000000 4
data 9366000 592.001953 2.065657 0.000000 4
data 9367000 591.743652 -2.065645 -0.000000 4
data 9368000 591.473877 2.065520 0.000000 4
data 9369000 591.172607 -2.065516 -0.000000 4
data 9370000 590.858459 2.065382 0.000000 4
data 9371000 590.542542 -2.065382 -0.000000 4
data 9372000 590.226746 2.065247 0.000000 4
data 9373000 589.879944 -2.065253 -0.000000 4
data 9374000 589.537231 2.065112 0.000000 4
data 9375000 589.198608 -2.065117 -0.000000 4
data 9376000 588.865845 2.064979 0.000000 4
data 9377000 588.515137 -2.064986 -0.000000 4
data 9378000 588.163086 2.064843 0.000000 4
data 9379000 587.809753 -2.064851 -0.000000 4
data 9380000 587.435059 2.064704 0.000000 4
data 9381000 587.064819 -2.064715 -0.000000 4
data 9382000 586.667969 2.064563 0.000000 4
data 9383000 586.270386 -2.064581 -0.000000 4
data 9384000 585.873840 2.064429 0.000000 4
data 9385000 585.469299 -2.064447 -0.000000 4
data 9386000 585.071472 2.064295 0.000000 4
data 9387000 584.680237 -2.064311 -0.000000 4
data 9388000 584.310181 2.064165 0.000000 4
data 9389000 583.952026 -2.064174 -0.000000 4
data 9390000 583.601929 2.064032 0.000000 4
data 9391000 583.292786 -2.064030 -0.000000 4
data 9392000 582.994934 2.063900 0.000000 4
data 9393000 582.759460 -2.063882 -0.000000 4
data 9394000 582.528992 2.063766 0.000000 4
data 9395000 582.318054 -2.063744 -0.000000 4
data 9396000 582.113770 2.063633 0.000000 4
data 9397000 581.915955 -2.063608 -0.000000 4
data 9398000 581.733765 2.063502 0.000000 4
data 9399000 581.570679 -2.063469 -0.000000 4
data 9400000 581.413635 2.063368 0.000000 4
data 9401000 581.269958 -2.063332 -0.000000 4
data 9402000 581.135742 2.063236 0.000000 4
data 9403000 581.005493 -2.063196 -0.000000 4
data 9404000 580.873657 2.063101 0.000000 4
data 9405000 580.756653 -2.063059 -0.000000 4
data 9406000 580.643372 2.062967 0.000000 4
data 9407000 580.533691 -2.062923 -0.000000 4
data 9408000 580.409363 2.062830 0.000000 4
data 9409000 580.285095 -2.062789 -0.000000 4
data 9410000 580.162781 2.062696 0.000000 4
data 9411000 580.042236 -2.062654 -0.000000 4
data 9412000 579.916199 2.062560 0.000000 4
data 9413000 579.793884 -2.062519 -0.000000 4
data 9414000 579.664246 2.062424 0.000000 4
data 9415000 579.512695 -2.062389 -0.000000 4
data 9416000 579.346863 2.062287 0.000000 4
data 9417000 579.141174 -2.062264 -0.000000 4
data 9418000 578.923523 2.062150 0.000000 4
data 9419000 578.703125 -2.062130 -0.000000 4
data 9420000 578.469116 2.062013 0.000000 4
data 9421000 578.230774 -2.061997 -0.000000 4
data 9422000 577.988037 2.061878 0.000000 4
data 9423000 577.733765 -2.061865 -0.000000 4
data 9424000 577.468018 2.061742 0.000000 4
data 9425000 577.207397 -2.061730 -0.000000 4
data 9426000 576.948120 2.061608 0.000000 4
data 9427000 576.692078 -2.061595 -0.000000 4
data 9428000 576.435547 2.061474 0.000000 4
data 9429000 576.182190 -2.061460 -0.000000 4
data 9430000 575.933838 2.061341 0.000000 4
data 9431000 575.697754 -2.061324 -0.000000 4
data 9432000 575.459106 2.061206 0.000000 4
data 9433000 575.225342 -2.061189 -0.000000 4
data 9434000 574.994568 2.061073 0.000000 4
data 9435000 574.766724 -2.061054 -0.000000 4
data 9436000 574.543640 2.060940 0.000000 4
data 9437000 574.319763 -2.060920 -0.000000 4
data 9438000 574.098694 2.060807 0.000000 4
data 9439000 573.863953 -2.060790 -0.000000 4
data 9440000 573.634033 2.060674 0.000000 4
data 9441000 573.401611 -2.060656 -0.000000 4
data 9442000 573.173950 2.060541 0.000000 4
data 9443000 572.934570 -2.060525 -0.000000 4
data 9444000 572.690857 2.060406 0.000000 4
data 9445000 572.393616 -2.060403 -0.000000 4
data 9446000 572.101807 2.060274 0.000000 4
data 9447000 571.811707 -2.060269 -0.000000 4
data 9448000 571.519714 2.060140 0.000000 4
data 9449000 571.222168 -2.060136 -0.000000 4
data 9450000 570.922791 2.060006 0.000000 4
data 9451000 570.619812 -2.060003 -0.000000 4
data 9452000 570.309570 2.059871 0.000000 4
data 9453000 569.990356 -2.059871 -0.000000 4
data 9454000 569.669556 2.059737 0.000000 4
data 9455000 569.352661 -2.059737 -0.000000 4
data 9456000 569.028687 2.059602 0.000000 4
data 9457000 568.701416 -2.059604 -0.000000 4
data 9458000 568.356201 2.059464 0.000000 4
data 9459000 568.017029 -2.059469 -0.000000 4
data 9460000 567.707642 2.059337 0.000000 4
data 9461000 567.405701 -2.059335 -0.000000 4
data 9462000 567.109375 2.059205 0.000000 4
data 9463000 566.818604 -2.059200 -0.000000 4
data 9464000 566.533325 2.059073 0.000000 4
data 9465000 566.262695 -2.059063 -0.000000 4
data 9466000 566.013794 2.058944 0.000000 4
data 9467000 565.771790 -2.058929 -0.000000 4
data 9468000 565.538513 2.058813 0.000000 4
data 9469000 565.330200 -2.058790 -0.000000 4
data 9470000 565.126526 2.058681 0.000000 4
data 9471000 564.927490 -2.058656 -0.000000 4
data 9472000 564.743958 2.058551 0.000000 4
data 9473000 564.564880 -2.058522 -0.000000 4
data 9474000 564.391907 2.058419 0.000000 4
data 9475000 564.248840 -2.058382 -0.000000 4
data 9476000 564.109680 2.058286 0.000000 4
data 9477000 563.974487 -2.058248 -0.000000 4
data 9478000 563.837585 2.058153 0.000000 4
data 9479000 563.710083 -2.058113 -0.000000 4
data 9480000 563.586365 2.058021 0.000000 4
data 9481000 563.460754 -2.057981 -0.000000 4
data 9482000 563.338867 2.057888 0.000000 4
data 9483000 563.220642 -2.057847 -0.000000 4
data 9484000 563.102356 2.057755 0.000000 4
data 9485000 562.987732 -2.057713 -0.000000 4
data 9486000 562.867493 2.057621 0.000000 4
data 9487000 562.747192 -2.057580 -0.000000 4
data 9488000 562.610352 2.057485 0.000000 4
data 9489000 562.464539 -2.057449 -0.000000 4
data 9490000 562.320679 2.057352 0.000000 4
data 9491000 562.169678 -2.057317 -0.000000 4
data 9492000 562.015259 2.057219 0.000000 4
data 9493000 561.844604 -2.057188 -0.000000 4
data 9494000 561.659729 2.057083 0.000000 4
data 9495000 561.477234 -2.057055 -0.000000 4
data 9496000 561.289795 2.056949 0.000000 4
data 9497000 561.101074 -2.056922 -0.000000 4
data 9498000 560.914734 2.056817 0.000000 4
data 9499000 560.728943 -2.056789 -0.000000 4
data 9500000 560.525391 2.056680 0.000000 4
data 9501000 560.324341 -2.056656 -0.000000 4
data 9502000 560.127686 2.056548 0.000000 4
data 9503000 559.929810 -2.056524 -0.000000 4
data 9504000 559.659607 2.056401 0.000000 4
data 9505000 559.392700 -2.056391 -0.000000 4
data 9506000 559.123474 2.056267 0.000000 4
data 9507000 558.859253 -2.056257 -0.000000 4
data 9508000 558.590881 2.056134 0.000000 4
data 9509000 558.327515 -2.056123 -0.000000 4
data 9510000 558.049194 2.055998 0.000000 4
data 9511000 557.768616 -2.055991 -0.000000 4
data 9512000 557.489624 2.055866 0.000000 4
data 9513000 557.201233 -2.055861 -0.000000 4
data 9514000 556.910767 2.055733 0.000000 4
data 9515000 556.605591 -2.055731 -0.000000 4
data 9516000 556.304016 2.055602 0.000000 4
data 9517000 556.004211 -2.055598 -0.000000 4
data 9518000 555.708008 2.055470 0.000000 4
data 9519000 555.411743 -2.055466 -0.000000 4
data 9520000 555.120911 2.055339 0.000000 4
data 9521000 554.835388 -2.055333 -0.000000 4
data 9522000 554.551514 2.055207 0.000000 4
data 9523000 554.276550 -2.055198 -0.000000 4
data 9524000 554.014099 2.055077 0.000000 4
data 9525000 553.762207 -2.055064 -0.000000 4
data 9526000 553.528076 2.054949 0.000000 4
data 9527000 553.306030 -2.054929 -0.000000 4
data 9528000 553.088623 2.054817 0.000000 4
data 9529000 552.875793 -2.054796 -0.000000 4
data 9530000 552.667603 2.054686 0.000000 4
data 9531000 552.469360 -2.054662 -0.000000 4
data 9532000 552.275513 2.054555 0.000000 4
data 9533000 552.085999 -2.054529 -0.000000 4
data 9534000 551.904541 2.054425 0.000000 4
data 9535000 551.727295 -2.054396 -0.000000 4
data 9536000 551.559692 2.054295 0.000000 4
data 9537000 551.396179 -2.054263 -0.000000 4
data 9538000 551.236694 2.054163 0.000000 4
data 9539000 551.081177 -2.054130 -0.000000 4
data 9540000 550.922241 2.054031 0.000000 4
data 9541000 550.767273 -2.053997 -0.000000 4
data 9542000 550.610718 2.053898 0.000000 4
data 9543000 550.438110 -2.053869 -0.000000 4
data 9544000 550.264099 2.053766 0.000000 4
data 9545000 550.092285 -2.053736 -0.000000 4
data 9546000 549.920898 2.053634 0.000000 4
data 9547000 549.740784 -2.053606 -0.000000 4
data 9548000 549.555664 2.053502 0.000000 4
data 9549000 549.372925 -2.053474 -0.000000 4
data 9550000 549.192444 2.053370 0.000000 4
data 9551000 549.010620 -2.053342 -0.000000 4
data 9552000 548.807434 2.053234 0.000000 4
data 9553000 548.603088 -2.053211 -0.000000 4
data 9554000 548.397644 2.053102 0.000000 4
data 9555000 548.191162 -2.053079 -0.000000 4
data 9556000 547.968994 2.052967 0.000000 4
data 9557000 547.725830 -2.052952 -0.000000 4
data 9558000 547.471008 2.052833 0.000000 4
data 9559000 547.202820 -2.052823 -0.000000 4
data 9560000 546.937866 2.052702 0.000000 4
data 9561000 546.670593 -2.052692 -0.000000 4
data 9562000 546.401062 2.052570 0.000000 4
data 9563000 546.136597 -2.052559 -0.000000 4
data 9564000 545.877136 2.052439 0.000000 4
data 9565000 545.622620 -2.052427 -0.000000 4
data 9566000 545.372986 2.052309 0.000000 4
data 9567000 545.126404 -2.052295 -0.000000 4
data 9568000 544.884583 2.052178 0.000000 4
data 9569000 544.640259 -2.052164 -0.000000 4
data 9570000 544.389832 2.052046 0.000000 4
data 9571000 544.133423 -2.052033 -0.000000 4
data 9572000 543.880066 2.051915 0.000000 4
data 9573000 543.631653 -2.051901 -0.000000 4
data 9574000 543.380798 2.051783 0.000000 4
data 9575000 543.129333 -2.051770 -0.000000 4
data 9576000 542.864563 2.051649 0.000000 4
data 9577000 542.597595 -2.051639 -0.000000 4
data 9578000 542.335693 2.051519 0.000000 4
data 9579000 542.056885 -2.051511 -0.000000 4
data 9580000 541.756042 2.051383 0.000000 4
data 9581000 541.447815 -2.051382 -0.000000 4
data 9582000 541.135986 2.051251 0.000000 4
data 9583000 540.817017 -2.051252 -0.000000 4
data 9584000 540.501831 2.051120 0.000000 4
data 9585000 540.172241 -2.051124 -0.000000 4
data 9586000 539.848389 2.050990 0.000000 4
data 9587000 539.528503 -2.050992 -0.000000 4
data 9588000 539.205139 2.050858 0.000000 4
data 9589000 538.896667 -2.050857 -0.000000 4
data 9590000 538.593750 2.050729 0.000000 4
data 9591000 538.296387 -2.050725 -0.000000 4
data 9592000 538.004517 2.050599 0.000000 4
data 9593000 537.719910 -2.050593 -0.000000 4
data 9594000 537.447937 2.050470 0.000000 4
data 9595000 537.188477 -2.050459 -0.000000 4
data 9596000 536.937805 2.050341 0.000000 4
data 9597000 536.692139 -2.050327 -0.000000 4
data 9598000 536.453247 2.050212 0.000000 4
data 9599000 536.235718 -2.050192 -0.000000 4
data 9600000 536.033691 2.050084 0.000000 4
data 9601000 535.865356 -2.050054 -0.000000 4
data 9602000 535.706665 2.049955 0.000000 4
data 9603000 535.553833 -2.049922 -0.000000 4
data 9604000 535.405029 2.049825 0.000000 4
data 9605000 535.260193 -2.049790 -0.000000 4
data 9606000 535.113770 2.049694 0.000000 4
data 9607000 534.976685 -2.049657 -0.000000 4
data 9608000 534.843445 2.049564 0.000000 4
data 9609000 534.708496 -2.049527 -0.000000 4
data 9610000 534.571777 2.049433 0.000000 4
data 9611000 534.437012 -2.049396 -0.000000 4
data 9612000 534.304138 2.049303 0.000000 4
data 9613000 534.167786 -2.049266 -0.000000 4
data 9614000 534.035095 2.049173 0.000000 4
data 9615000 533.906067 -2.049134 -0.000000 4
data 9616000 533.766113 2.049040 0.000000 4
data 9617000 533.622559 -2.049004 -0.000000 4
data 9618000 533.490051 2.048912 0.000000 4
data 9619000 533.352051 -2.048875 -0.000000 4
data 9620000 533.216003 2.048781 0.000000 4
data 9621000 533.083618 -2.048743 -0.000000 4
data 9622000 532.954834 2.048652 0.000000 4
data 9623000 532.811401 -2.048616 -0.000000 4
data 9624000 532.664368 2.048520 0.000000 4
data 9625000 532.517395 -2.048486 -0.000000 4
data 9626000 532.366882 2.048389 0.000000 4
data 9627000 532.187378 -2.048361 -0.000000 4
data 9628000 532.008301 2.048259 0.000000 4
data 9629000 531.831421 -2.048230 -0.000000 4
data 9630000 531.653076 2.048128 0.000000 4
data 9631000 531.466064 -2.048102 -0.000000 4
data 9632000 531.283081 2.047999 0.000000 4
data 9633000 531.093323 -2.047973 -0.000000 4
data 9634000 530.904114 2.047868 0.000000 4
data 9635000 530.706238 -2.047844 -0.000000 4
data 9636000 530.507080 2.047738 0.000000 4
data 9637000 530.292175 -2.047717 -0.000000 4
data 9638000 530.043396 2.047601 0.000000 4
data 9639000 529.784851 -2.047589 -0.000000 4
data 9640000 529.512939 2.047468 0.000000 4
data 9641000 529.235107 -2.047460 -0.000000 4
data 9642000 528.947754 2.047336 0.000000 4
data 9643000 528.647400 -2.047333 -0.000000 4
data 9644000 528.352356 2.047206 0.000000 4
data 9645000 528.049805 -2.047204 -0.000000 4
data 9646000 527.752625 2.047077 0.000000 4
data 9647000 527.457031 -2.047074 -0.000000 4
data 9648000 527.166748 2.046949 0.000000 4
data 9649000 526.872681 -2.046944 -0.000000 4
data 9650000 526.582031 2.046819 0.000000 4
data 9651000 526.296570 -2.046813 -0.000000 4
data 9652000 526.016357 2.046690 0.000000 4
data 9653000 525.728577 -2.046685 -0.000000 4
data 9654000 525.446045 2.046561 0.000000 4
data 9655000 525.156006 -2.046556 -0.000000 4
data 9656000 524.871216 2.046433 0.000000 4
data 9657000 524.591675 -2.046426 -0.000000 4
data 9658000 524.322815 2.046305 0.000000 4
data 9659000 524.055420 -2.046295 -0.000000 4
data 9660000 523.793091 2.046176 0.000000 4
data 9661000 523.535767 -2.046165 -0.000000 4
data 9662000 523.283386 2.046047 0.000000 4
data 9663000 523.035950 -2.046034 -0.000000 4
data 9664000 522.793396 2.045919 0.000000 4
data 9665000 522.555664 -2.045903 -0.000000 4
data 9666000 522.309998 2.045787 0.000000 4
data 9667000 522.067383 -2.045773 -0.000000 4
data 9668000 521.815002 2.045655 0.000000 4
data 9669000 521.567566 -2.045642 -0.000000 4
data 9670000 521.299561 2.045521 0.000000 4
data 9671000 521.020325 -2.045515 -0.000000 4
data 9672000 520.737244 2.045391 0.000000 4
data 9673000 520.457581 -2.045384 -0.000000 4
data 9674000 520.152344 2.045256 0.000000 4
data 9675000 519.850708 -2.045254 -0.000000 4
data 9676000 519.552734 2.045127 0.000000 4
data 9677000 519.252930 -2.045125 -0.000000 4
data 9678000 518.956848 2.044999 0.000000 4
data 9679000 518.638916 -2.045000 -0.000000 4
data 9680000 518.303040 2.044865 0.000000 4
data 9681000 517.967651 -2.044870 -0.000000 4
data 9682000 517.621765 2.044734 0.000000 4
data 9683000 517.276428 -2.044740 -0.000000 4
data 9684000 516.917114 2.044601 0.000000 4
data 9685000 516.552979 -2.044612 -0.000000 4
data 9686000 516.158813 2.044466 0.000000 4
data 9687000 515.771179 -2.044481 -0.000000 4
data 9688000 515.384644 2.044337 0.000000 4
data 9689000 514.997314 -2.044352 -0.000000 4
data 9690000 514.616516 2.044209 0.000000 4
data 9691000 514.227600 -2.044225 -0.000000 4
data 9692000 513.841675 2.044080 0.000000 4
data 9693000 513.460449 -2.044094 -0.000000 4
data 9694000 513.085693 2.043952 0.000000 4
data 9695000 512.717407 -2.043964 -0.000000 4
data 9696000 512.348267 2.043823 0.000000 4
data 9697000 511.985596 -2.043833 -0.000000 4
data 9698000 511.634644 2.043696 0.000000 4
data 9699000 511.293640 -2.043702 -0.000000 4
data 9700000 510.958832 2.043568 0.000000 4
data 9701000 510.637360 -2.043570 -0.000000 4
data 9702000 510.321869 2.043440 0.000000 4
data 9703000 510.005066 -2.043441 -0.000000 4
data 9704000 509.690521 2.043312 0.000000 4
data 9705000 509.381897 -2.043311 -0.000000 4
data 9706000 509.068268 2.043182 0.000000 4
data 9707000 508.747864 -2.043183 -0.000000 4
data 9708000 508.415283 2.043050 0.000000 4
data 9709000 508.087036 -2.043053 -0.000000 4
data 9710000 507.752167 2.042920 0.000000 4
data 9711000 507.421692 -2.042923 -0.000000 4
data 9712000 507.097321 2.042792 0.000000 4
data 9713000 506.773560 -2.042794 -0.000000 4
data 9714000 506.454102 2.042664 0.000000 4
data 9715000 506.133392 -2.042666 -0.000000 4
data 9716000 505.818756 2.042536 0.000000 4
data 9717000 505.499237 -2.042538 -0.000000 4
data 9718000 505.185760 2.042409 0.000000 4
data 9719000 504.878296 -2.042408 -0.000000 4
data 9720000 504.564056 2.042279 0.000000 4
data 9721000 504.255798 -2.042278 -0.000000 4
data 9722000 503.958954 2.042152 0.000000 4
data 9723000 503.667969 -2.042148 -0.000000 4
data 9724000 503.382751 2.042025 0.000000 4
data 9725000 503.103271 -2.042018 -0.000000 4
data 9726000 502.833099 2.041898 0.000000 4
data 9727000 502.568481 -2.041888 -0.000000 4
data 9728000 502.309387 2.041770 0.000000 4
data 9729000 502.059357 -2.041758 -0.000000 4
data 9730000 501.830963 2.041646 0.000000 4
data 9731000 501.609558 -2.041627 -0.000000 4
data 9732000 501.393219 2.041519 0.000000 4
data 9733000 501.194550 -2.041495 -0.000000 4
data 9734000 501.015228 2.041394 0.000000 4
data 9735000 500.844147 -2.041365 -0.000000 4
data 9736000 500.679352 2.041267 0.000000 4
data 9737000 500.519012 -2.041235 -0.000000 4
data 9738000 500.372131 2.041141 0.000000 4
data 9739000 500.234894 -2.041105 -0.000000 4
data 9740000 500.105377 2.041014 0.000000 4
data 9741000 499.979858 -2.040976 -0.000000 4
data 9742000 499.854706 2.040886 0.000000 4
data 9743000 499.733490 -2.040847 -0.000000 4
data 9744000 499.616150 2.040758 0.000000 4
data 9745000 499.500854 -2.040718 -0.000000 4
data 9746000 499.389374 2.040631 0.000000 4
data 9747000 499.254364 -2.040594 -0.000000 4
data 9748000 499.106995 2.040500 0.000000 4
data 9749000 498.954651 -2.040467 -0.000000 4
data 9750000 498.806458 2.040372 0.000000 4
data 9751000 498.640564 -2.040342 -0.000000 4
data 9752000 498.477081 2.040245 0.000000 4
data 9753000 498.299652 -2.040217 -0.000000 4
data 9754000 498.113861 2.040115 0.000000 4
data 9755000 497.912537 -2.040092 -0.000000 4
data 9756000 497.703094 2.039985 0.000000 4
data 9757000 497.465668 -2.039969 -0.000000 4
data 9758000 497.224152 2.039856 0.000000 4
data 9759000 496.983978 -2.039841 -0.000000 4
data 9760000 496.716125 2.039722 0.000000 4
data 9761000 496.446289 -2.039713 -0.000000 4
data 9762000 496.150909 2.039589 0.000000 4
data 9763000 495.861084 -2.039584 -0.000000 4
data 9764000 495.576752 2.039462 0.000000 4
data 9765000 495.297852 -2.039455 -0.000000 4
data 9766000 495.064240 2.039343 0.000000 4
data 9767000 494.850098 -2.039323 -0.000000 4
data 9768000 494.640656 2.039216 0.000000 4
data 9769000 494.439545 -2.039193 -0.000000 4
data 9770000 494.262909 2.039093 0.000000 4
data 9771000 494.090607 -2.039065 -0.000000 4
data 9772000 493.922607 2.038966 0.000000 4
data 9773000 493.758820 -2.038936 -0.000000 4
data 9774000 493.610077 2.038841 0.000000 4
data 9775000 493.474426 -2.038805 -0.000000 4
data 9776000 493.351685 2.038716 0.000000 4
data 9777000 493.232666 -2.038677 -0.000000 4
data 9778000 493.117310 2.038589 0.000000 4
data 9779000 493.007355 -2.038548 -0.000000 4
data 9780000 492.911804 2.038464 0.000000 4
data 9781000 492.823273 -2.038419 -0.000000 4
data 9782000 492.743500 2.038338 0.000000 4
data 9783000 492.683228 -2.038287 -0.000000 4
data 9784000 492.674927 2.038221 0.000000 4
data 9785000 492.712616 -2.038150 -0.000000 4
data 9786000 492.763123 2.038096 0.000000 4
data 9787000 492.815369 -2.038022 -0.000000 4
data 9788000 492.869324 2.037969 0.000000 4
data 9789000 492.924927 -2.037894 -0.000000 4
data 9790000 492.971252 2.037839 0.000000 4
data 9791000 493.001068 -2.037770 -0.000000 4
data 9792000 492.998291 2.037705 0.000000 4
data 9793000 492.988556 -2.037643 -0.000000 4
data 9794000 492.977356 2.037577 0.000000 4
data 9795000 492.966553 -2.037516 -0.000000 4
data 9796000 492.932465 2.037445 0.000000 4
data 9797000 492.893524 -2.037389 -0.000000 4
data 9798000 492.856995 2.037318 0.000000 4
data 9799000 492.804688 -2.037265 -0.000000 4
data 9800000 492.751251 2.037190 0.000000 4
data 9801000 492.700348 -2.037137 -0.000000 4
data 9802000 492.633820 2.037060 0.000000 4
data 9803000 492.544495 -2.037014 -0.000000 4
data 9804000 492.399963 2.036921 0.000000 4
data 9805000 492.240723 -2.036890 -0.000000 4
data 9806000 492.066895 2.036791 0.000000 4
data 9807000 491.838745 -2.036774 -0.000000 4
data 9808000 491.573212 2.036656 0.000000 4
data 9809000 491.299622 -2.036648 -0.000000 4
data 9810000 490.990936 2.036522 0.000000 4
data 9811000 490.662018 -2.036525 -0.000000 4
data 9812000 490.311249 2.036390 0.000000 4
data 9813000 489.909973 -2.036408 -0.000000 4
data 9814000 489.482239 2.036258 0.000000 4
data 9815000 489.035553 -2.036285 -0.000000 4
data 9816000 488.575592 2.036128 0.000000 4
data 9817000 488.118805 -2.036157 -0.000000 4
data 9818000 487.661591 2.036000 0.000000 4
data 9819000 487.211212 -2.036029 -0.000000 4
data 9820000 486.754944 2.035872 0.000000 4
data 9821000 486.301880 -2.035901 -0.000000 4
data 9822000 485.855682 2.035746 0.000000 4
data 9823000 485.403625 -2.035775 -0.000000 4
data 9824000 484.958466 2.035621 0.000000 4
data 9825000 484.520172 -2.035646 -0.000000 4
data 9826000 484.075989 2.035493 0.000000 4
data 9827000 483.638702 -2.035518 -0.000000 4
data 9828000 483.202850 2.035366 0.000000 4
data 9829000 482.762939 -2.035392 -0.000000 4
data 9830000 482.328125 2.035240 0.000000 4
data 9831000 481.900208 -2.035264 -0.000000 4
data 9832000 481.475494 2.035114 0.000000 4
data 9833000 481.057587 -2.035136 -0.000000 4
data 9834000 480.646454 2.034988 0.000000 4
data 9835000 480.242035 -2.035007 -0.000000 4
data 9836000 479.847900 2.034864 0.000000 4
data 9837000 479.491089 -2.034873 -0.000000 4
data 9838000 479.158569 2.034742 0.000000 4
data 9839000 478.841064 -2.034743 -0.000000 4
data 9840000 478.556549 2.034622 0.000000 4
data 9841000 478.284698 -2.034614 -0.000000 4
data 9842000 478.025482 2.034497 0.000000 4
data 9843000 477.775116 -2.034485 -0.000000 4
data 9844000 477.540710 2.034374 0.000000 4
data 9845000 477.331177 -2.034353 -0.000000 4
data 9846000 477.126343 2.034249 0.000000 4
data 9847000 476.944305 -2.034222 -0.000000 4
data 9848000 476.772095 2.034124 0.000000 4
data 9849000 476.627747 -2.034090 -0.000000 4
data 9850000 476.489197 2.033998 0.000000 4
data 9851000 476.354584 -2.033962 -0.000000 4
data 9852000 476.223846 2.033873 0.000000 4
data 9853000 476.095154 -2.033836 -0.000000 4
data 9854000 475.950348 2.033743 0.000000 4
data 9855000 475.822174 -2.033706 -0.000000 4
data 9856000 475.685089 2.033615 0.000000 4
data 9857000 475.531921 -2.033582 -0.000000 4
data 9858000 475.375519 2.033488 0.000000 4
data 9859000 475.221375 -2.033456 -0.000000 4
data 9860000 475.063965 2.033360 0.000000 4
data 9861000 474.903320 -2.033330 -0.000000 4
data 9862000 474.728638 2.033231 0.000000 4
data 9863000 474.516510 -2.033211 -0.000000 4
data 9864000 474.308960 2.033106 0.000000 4
data 9865000 474.102295 -2.033084 -0.000000 4
data 9866000 473.896545 2.032980 0.000000 4
data 9867000 473.686279 -2.032959 -0.000000 4
data 9868000 473.469635 2.032852 0.000000 4
data 9869000 473.257629 -2.032832 -0.000000 4
data 9870000 473.046539 2.032726 0.000000 4
data 9871000 472.830933 -2.032706 -0.000000 4
data 9872000 472.605469 2.032598 0.000000 4
data 9873000 472.372009 -2.032582 -0.000000 4
data 9874000 472.136108 2.032471 0.000000 4
data 9875000 471.872437 -2.032461 -0.000000 4
data 9876000 471.610199 2.032345 0.000000 4
data 9877000 471.333160 -2.032338 -0.000000 4
data 9878000 471.059509 2.032220 0.000000 4
data 9879000 470.789307 -2.032212 -0.000000 4
data 9880000 470.488068 2.032088 0.000000 4
data 9881000 470.188690 -2.032085 -0.000000 4
data 9882000 469.893005 2.031962 0.000000 4
data 9883000 469.600922 -2.031958 -0.000000 4
data 9884000 469.303436 2.031835 0.000000 4
data 9885000 469.009644 -2.031832 -0.000000 4
data 9886000 468.714050 2.031709 0.000000 4
data 9887000 468.420288 -2.031705 -0.000000 4
data 9888000 468.131989 2.031584 0.000000 4
data 9889000 467.852722 -2.031577 -0.000000 4
data 9890000 467.586029 2.031461 0.000000 4
data 9891000 467.326324 -2.031450 -0.000000 4
data 9892000 467.071716 2.031336 0.000000 4
data 9893000 466.822205 -2.031323 -0.000000 4
data 9894000 466.584991 2.031212 0.000000 4
data 9895000 466.358063 -2.031195 -0.000000 4
data 9896000 466.135925 2.031087 0.000000 4
data 9897000 465.918518 -2.031069 -0.000000 4
data 9898000 465.705780 2.030962 0.000000 4
data 9899000 465.504883 -2.030940 -0.000000 4
data 9900000 465.308533 2.030838 0.000000 4
data 9901000 465.116608 -2.030814 -0.000000 4
data 9902000 464.934570 2.030714 0.000000 4
data 9903000 464.756836 -2.030687 -0.000000 4
data 9904000 464.577911 2.030588 0.000000 4
data 9905000 464.405060 -2.030560 -0.000000 4
data 9906000 464.240021 2.030464 0.000000 4
data 9907000 464.079071 -2.030434 -0.000000 4
data 9908000 463.922180 2.030339 0.000000 4
data 9909000 463.774689 -2.030306 -0.000000 4
data 9910000 463.631134 2.030215 0.000000 4
data 9911000 463.502228 -2.030178 -0.000000 4
data 9912000 463.366180 2.030087 0.000000 4
data 9913000 463.244720 -2.030049 -0.000000 4
data 9914000 463.126831 2.029963 0.000000 4
data 9915000 463.016113 -2.029922 -0.000000 4
data 9916000 462.908844 2.029838 0.000000 4
data 9917000 462.804993 -2.029796 -0.000000 4
data 9918000 462.704498 2.029713 0.000000 4
data 9919000 462.589233 -2.029674 -0.000000 4
data 9920000 462.475616 2.029588 0.000000 4
data 9921000 462.365417 -2.029547 -0.000000 4
data 9922000 462.258575 2.029463 0.000000 4
data 9923000 462.155060 -2.029422 -0.000000 4
data 9924000 462.054840 2.029339 0.000000 4
data 9925000 461.957886 -2.029295 -0.000000 4
data 9926000 461.864105 2.029214 0.000000 4
data 9927000 461.773468 -2.029170 -0.000000 4
data 9928000 461.685913 2.029089 0.000000 4
data 9929000 461.601410 -2.029044 -0.000000 4
data 9930000 461.519928 2.028965 0.000000 4
data 9931000 461.435913 -2.028919 -0.000000 4
data 9932000 461.354919 2.028840 0.000000 4
data 9933000 461.262390 -2.028796 -0.000000 4
data 9934000 461.171112 2.028715 0.000000 4
data 9935000 461.081024 -2.028671 -0.000000 4
data 9936000 460.993896 2.028590 0.000000 4
data 9937000 460.900757 -2.028547 -0.000000 4
data 9938000 460.792511 2.028462 0.000000 4
data 9939000 460.669312 -2.028425 -0.000000 4
data 9940000 460.549408 2.028338 0.000000 4
data 9941000 460.432739 -2.028299 -0.000000 4
data 9942000 460.319305 2.028214 0.000000 4
data 9943000 460.209045 -2.028173 -0.000000 4
data 9944000 460.100037 2.028089 0.000000 4
data 9945000 459.981506 -2.028050 -0.000000 4
data 9946000 459.840851 2.027959 0.000000 4
data 9947000 459.701813 -2.027925 -0.000000 4
data 9948000 459.558960 2.027833 0.000000 4
data 9949000 459.417694 -2.027800 -0.000000 4
data 9950000 459.278046 2.027709 0.000000 4
data 9951000 459.130859 -2.027676 -0.000000 4
data 9952000 458.987152 2.027585 0.000000 4
data 9953000 458.845093 -2.027551 -0.000000 4
data 9954000 458.677460 2.027455 0.000000 4
data 9955000 458.513519 -2.027425 -0.000000 4
data 9956000 458.353149 2.027331 0.000000 4
data 9957000 458.205383 -2.027298 -0.000000 4
data 9958000 458.046600 2.027204 0.000000 4
data 9959000 457.905853 -2.027169 -0.000000 4
data 9960000 457.768463 2.027080 0.000000 4
data 9961000 457.619904 -2.027047 -0.000000 4
data 9962000 457.474762 2.026956 0.000000 4
data 9963000 457.333038 -2.026922 -0.000000 4
data 9964000 457.185608 2.026830 0.000000 4
data 9965000 457.025330 -2.026799 -0.000000 4
data 9966000 456.866821 2.026706 0.000000 4
data 9967000 456.708160 -2.026675 -0.000000 4
data 9968000 456.543976 2.026580 0.000000 4
data 9969000 456.383362 -2.026550 -0.000000 4
data 9970000 456.222656 2.026455 0.000000 4
data 9971000 456.061890 -2.026425 -0.000000 4
data 9972000 455.904633 2.026331 0.000000 4
data 9973000 455.745422 -2.026301 -0.000000 4
data 9974000 455.589722 2.026207 0.000000 4
data 9975000 455.417633 -2.026180 -0.000000 4
data 9976000 455.234711 2.026081 0.000000 4
data 9977000 455.050110 -2.026055 -0.000000 4
data 9978000 454.869263 2.025957 0.000000 4
data 9979000 454.675903 -2.025934 -0.000000 4
data 9980000 454.480896 2.025832 0.000000 4
data 9981000 454.286194 -2.025809 -0.000000 4
data 9982000 454.095367 2.025709 0.000000 4
data 9983000 453.877655 -2.025690 -0.000000 4
data 9984000 453.635132 2.025579 0.000000 4
data 9985000 453.396973 -2.025565 -0.000000 4
data 9986000 453.136078 2.025450 0.000000 4
data 9987000 452.876160 -2.025440 -0.000000 4
data 9988000 452.615417 2.025326 0.000000 4
data 9989000 452.351990 -2.025316 -0.000000 4
data 9990000 452.087769 2.025202 0.000000 4
data 9991000 451.824615 -2.025192 -0.000000 4
data 9992000 451.560638 2.025077 0.000000 4
data 9993000 451.301331 -2.025067 -0.000000 4
data 9994000 451.042999 2.024953 0.000000 4
data 9995000 450.778442 -2.024944 -0.000000 4
data 9996000 450.505951 2.024827 0.000000 4
data 9997000 450.230988 -2.024820 -0.000000 4
data 9998000 449.935577 2.024699 0.000000 4
data 9999000 449.641541 -2.024696 -0.000000 4
data 10000000 449.345306 2.024575 0.000000 4
data 10001000 449.041504 -2.024573 -0.000000 4
data 10002000 448.737457 2.024450 0.000000 4
data 10003000 448.436707 -2.024448 -0.000000 4
data 10004000 448.126678 2.024324 0.000000 4
data 10005000 447.818268 -2.024324 -0.000000 4
data 10006000 447.502472 2.024199 0.000000 4
data 10007000 447.172180 -2.024203 -0.000000 4
data 10008000 446.834717 2.024074 0.000000 4
data 10009000 446.501007 -2.024078 -0.000000 4
data 10010000 446.172821 2.023951 0.000000 4
data 10011000 445.850159 -2.023953 -0.000000 4
data 10012000 445.534760 2.023828 0.000000 4
data 10013000 445.217529 -2.023830 -0.000000 4
data 10014000 444.905731 2.023705 0.000000 4
data 10015000 444.599304 -2.023705 -0.000000 4
data 10016000 444.298187 2.023583 0.000000 4
data 10017000 444.000580 -2.023580 -0.000000 4
data 10018000 443.697388 2.023458 0.000000 4
data 10019000 443.390564 -2.023457 -0.000000 4
data 10020000 443.063812 2.023330 0.000000 4
data 10021000 442.735443 -2.023334 -0.000000 4
data 10022000 442.409119 2.023207 0.000000 4
data 10023000 442.079376 -2.023211 -0.000000 4
data 10024000 441.737244 2.023081 0.000000 4
data 10025000 441.388275 -2.023088 -0.000000 4
data 10026000 441.032562 2.022955 0.000000 4
data 10027000 440.682831 -2.022964 -0.000000 4
data 10028000 440.339020 2.022833 0.000000 4
data 10029000 439.995636 -2.022840 -0.000000 4
data 10030000 439.663544 2.022712 0.000000 4
data 10031000 439.339050 -2.022715 -0.000000 4
data 10032000 439.020264 2.022589 0.000000 4
data 10033000 438.712494 -2.022589 -0.000000 4
data 10034000 438.410248 2.022467 0.000000 4
data 10035000 438.113495 -2.022464 -0.000000 4
data 10036000 437.816833 2.022343 0.000000 4
data 10037000 437.522003 -2.022340 -0.000000 4
data 10038000 437.232605 2.022221 0.000000 4
data 10039000 436.943176 -2.022217 -0.000000 4
data 10040000 436.653717 2.022097 0.000000 4
data 10041000 436.353485 -2.022095 -0.000000 4
data 10042000 436.055115 2.021974 0.000000 4
data 10043000 435.746033 -2.021974 -0.000000 4
data 10044000 435.413757 2.021846 0.000000 4
data 10045000 435.085571 -2.021850 -0.000000 4
data 10046000 434.756012 2.021723 0.000000 4
data 10047000 434.410645 -2.021730 -0.000000 4
data 10048000 434.065948 2.021600 0.000000 4
data 10049000 433.716492 -2.021607 -0.000000 4
data 10050000 433.373108 2.021477 0.000000 4
data 10051000 433.035767 -2.021483 -0.000000 4
data 10052000 432.706207 2.021356 0.000000 4
data 10053000 432.380768 -2.021359 -0.000000 4
data 10054000 432.055817 2.021233 0.000000 4
data 10055000 431.727753 -2.021236 -0.000000 4
data 10056000 431.403839 2.021110 0.000000 4
data 10057000 431.067810 -2.021115 -0.000000 4
data 10058000 430.734161 2.020988 0.000000 4
data 10059000 430.383148 -2.020996 -0.000000 4
data 10060000 430.036560 2.020865 0.000000 4
data 10061000 429.694275 -2.020872 -0.000000 4
data 10062000 429.354553 2.020743 0.000000 4
data 10063000 429.001129 -2.020751 -0.000000 4
data 10064000 428.650421 2.020620 0.000000 4
data 10065000 428.293304 -2.020629 -0.000000 4
data 10066000 427.929901 2.020496 0.000000 4
data 10067000 427.567505 -2.020506 -0.000000 4
data 10068000 427.211487 2.020374 0.000000 4
data 10069000 426.851044 -2.020384 -0.000000 4
data 10070000 426.488007 2.020251 0.000000 4
data 10071000 426.117004 -2.020263 -0.000000 4
data 10072000 425.752533 2.020129 0.000000 4
data 10073000 425.401733 -2.020137 -0.000000 4
data 10074000 425.053650 2.020006 0.000000 4
data 10075000 424.711884 -2.020013 -0.000000 4
data 10076000 424.376373 2.019885 0.000000 4
data 10077000 424.050690 -2.019888 -0.000000 4
data 10078000 423.738312 2.019765 0.000000 4
data 10079000 423.437286 -2.019763 -0.000000 4
data 10080000 423.143982 2.019643 0.000000 4
data 10081000 422.856476 -2.019639 -0.000000 4
data 10082000 422.574677 2.019522 0.000000 4
data 10083000 422.311127 -2.019513 -0.000000 4
data 10084000 422.067474 2.019403 0.000000 4
data 10085000 421.847137 -2.019385 -0.000000 4
data 10086000 421.639038 2.019283 0.000000 4
data 10087000 421.471832 -2.019254 -0.000000 4
data 10088000 421.354156 2.019170 0.000000 4
data 10089000 421.240448 -2.019131 -0.000000 4
data 10090000 421.130615 2.019048 0.000000 4
data 10091000 421.024597 -2.019007 -0.000000 4
data 10092000 420.922394 2.018926 0.000000 4
data 10093000 420.823914 -2.018884 -0.000000 4
data 10094000 420.729095 2.018804 0.000000 4
data 10095000 420.637909 -2.018761 -0.000000 4
data 10096000 420.548401 2.018682 0.000000 4
data 10097000 420.444458 -2.018641 -0.000000 4
data 10098000 420.344177 2.018560 0.000000 4
data 10099000 420.254700 -2.018517 -0.000000 4
data 10100000 420.168701 2.018438 0.000000 4
data 10101000 420.086121 -2.018393 -0.000000 4
data 10102000 419.999695 2.018315 0.000000 4
data 10103000 419.916687 -2.018270 -0.000000 4
data 10104000 419.837006 2.018193 0.000000 4
data 10105000 419.758789 -2.018147 -0.000000 4
data 10106000 419.674835 2.018070 0.000000 4
data 10107000 419.592377 -2.018025 -0.000000 4
data 10108000 419.497009 2.017945 0.000000 4
data 10109000 419.385223 -2.017906 -0.000000 4
data 10110000 419.267914 2.017821 0.000000 4
data 10111000 419.154205 -2.017783 -0.000000 4
data 10112000 419.006226 2.017692 0.000000 4
data 10113000 418.844116 -2.017663 -0.000000 4
data 10114000 418.633820 2.017560 0.000000 4
data 10115000 418.395630 -2.017546 -0.000000 4
data 10116000 418.135254 2.017434 0.000000 4
data 10117000 417.865509 -2.017426 -0.000000 4
data 10118000 417.600891 2.017313 0.000000 4
data 10119000 417.341339 -2.017303 -0.000000 4
data 10120000 417.005890 2.017175 0.000000 4
data 10121000 416.663605 -2.017182 -0.000000 4
data 10122000 416.318237 2.017053 0.000000 4
data 10123000 415.968048 -2.017061 -0.000000 4
data 10124000 415.609497 2.016929 0.000000 4
data 10125000 415.251648 -2.016938 -0.000000 4
data 10126000 414.899872 2.016808 0.000000 4
data 10127000 414.557739 -2.016814 -0.000000 4
data 10128000 414.221588 2.016687 0.000000 4
data 10129000 413.891327 -2.016691 -0.000000 4
data 10130000 413.566925 2.016566 0.000000 4
data 10131000 413.251984 -2.016567 -0.000000 4
data 10132000 412.962524 2.016449 0.000000 4
data 10133000 412.703705 -2.016439 -0.000000 4
data 10134000 412.469818 2.016332 0.000000 4
data 10135000 412.253448 -2.016314 -0.000000 4
data 10136000 412.066986 2.016216 0.000000 4
data 10137000 411.915497 -2.016185 -0.000000 4
data 10138000 411.775238 2.016096 0.000000 4
data 10139000 411.660492 -2.016058 -0.000000 4
data 10140000 411.549408 2.015975 0.000000 4
data 10141000 411.441895 -2.015936 -0.000000 4
data 10142000 411.337921 2.015854 0.000000 4
data 10143000 411.226593 -2.015815 -0.000000 4
data 10144000 411.118835 2.015733 0.000000 4
data 10145000 411.009186 -2.015694 -0.000000 4
data 10146000 410.886810 2.015609 0.000000 4
data 10147000 410.768036 -2.015571 -0.000000 4
data 10148000 410.652832 2.015488 0.000000 4
data 10149000 410.541168 -2.015449 -0.000000 4
data 10150000 410.432983 2.015367 0.000000 4
data 10151000 410.333618 -2.015325 -0.000000 4
data 10152000 410.237579 2.015246 0.000000 4
data 10153000 410.144836 -2.015203 -0.000000 4
data 10154000 410.055298 2.015125 0.000000 4
data 10155000 409.985138 -2.015078 -0.000000 4
data 10156000 409.921570 2.015004 0.000000 4
data 10157000 409.860870 -2.014956 -0.000000 4
data 10158000 409.783203 2.014879 0.000000 4
data 10159000 409.708527 -2.014833 -0.000000 4
data 10160000 409.635010 2.014758 0.000000 4
data 10161000 409.564423 -2.014711 -0.000000 4
data 10162000 409.493073 2.014636 0.000000 4
data 10163000 409.422821 -2.014589 -0.000000 4
data 10164000 409.350037 2.014514 0.000000 4
data 10165000 409.276489 -2.014468 -0.000000 4
data 10166000 409.204010 2.014393 0.000000 4
data 10167000 409.100159 -2.014353 -0.000000 4
data 10168000 408.992249 2.014271 0.000000 4
data 10169000 408.882111 -2.014232 -0.000000 4
data 10170000 408.751770 2.014146 0.000000 4
data 10171000 408.599640 -2.014115 -0.000000 4
data 10172000 408.447510 2.014024 0.000000 4
data 10173000 408.286377 -2.013995 -0.000000 4
data 10174000 408.125336 2.013903 0.000000 4
data 10175000 407.966187 -2.013873 -0.000000 4
data 10176000 407.787292 2.013777 0.000000 4
data 10177000 407.601471 -2.013753 -0.000000 4
data 10178000 407.394409 2.013652 0.000000 4
data 10179000 407.119598 -2.013645 -0.000000 4
data 10180000 406.847839 2.013531 0.000000 4
data 10181000 406.546783 -2.013530 -0.000000 4
data 10182000 406.189789 2.013399 0.000000 4
data 10183000 405.815125 -2.013412 -0.000000 4
data 10184000 405.426666 2.013275 0.000000 4
data 10185000 405.024536 -2.013294 -0.000000 4
data 10186000 404.612457 2.013152 0.000000 4
data 10187000 404.206757 -2.013171 -0.000000 4
data 10188000 403.798431 2.013031 0.000000 4
data 10189000 403.382050 -2.013052 -0.000000 4
data 10190000 402.968567 2.012910 0.000000 4
data 10191000 402.561554 -2.012929 -0.000000 4
data 10192000 402.159180 2.012790 0.000000 4
data 10193000 401.763214 -2.012807 -0.000000 4
data 10194000 401.373596 2.012670 0.000000 4
data 10195000 400.990265 -2.012685 -0.000000 4
data 10196000 400.622192 2.012552 0.000000 4
data 10197000 400.303253 -2.012554 -0.000000 4
data 10198000 400.006134 2.012436 0.000000 4
data 10199000 399.725189 -2.012430 -0.000000 4
data 10200000 399.456665 2.012317 0.000000 4
data 10201000 399.256104 -2.012296 -0.000000 4
data 10202000 399.063538 2.012198 0.000000 4
data 10203000 398.875305 -2.012174 -0.000000 4
data 10204000 398.696716 2.012079 0.000000 4
data 10205000 398.522308 -2.012053 -0.000000 4
data 10206000 398.353851 2.011959 0.000000 4
data 10207000 398.201996 -2.011928 -0.000000 4
data 10208000 398.054047 2.011839 0.000000 4
data 10209000 397.909943 -2.011807 -0.000000 4
data 10210000 397.769623 2.011719 0.000000 4
data 10211000 397.633026 -2.011685 -0.000000 4
data 10212000 397.503723 2.011600 0.000000 4
data 10213000 397.374420 -2.011565 -0.000000 4
data 10214000 397.248718 2.011480 0.000000 4
data 10215000 397.094238 -2.011450 -0.000000 4
data 10216000 396.931030 2.011357 0.000000 4
data 10217000 396.771729 -2.011328 -0.000000 4
data 10218000 396.610901 2.011236 0.000000 4
data 10219000 396.453949 -2.011207 -0.000000 4
data 10220000 396.300842 2.011117 0.000000 4
data 10221000 396.144318 -2.011087 -0.000000 4
data 10222000 395.998810 2.010998 0.000000 4
data 10223000 395.856995 -2.010965 -0.000000 4
data 10224000 395.706268 2.010876 0.000000 4
data 10225000 395.552094 -2.010846 -0.000000 4
data 10226000 395.398102 2.010755 0.000000 4
data 10227000 395.244232 -2.010725 -0.000000 4
data 10228000 395.092346 2.010635 0.000000 4
data 10229000 394.942413 -2.010604 -0.000000 4
data 10230000 394.796173 2.010515 0.000000 4
data 10231000 394.649994 -2.010484 -0.000000 4
data 10232000 394.507446 2.010396 0.000000 4
data 10233000 394.368500 -2.010363 -0.000000 4
data 10234000 394.233124 2.010276 0.000000 4
data 10235000 394.088715 -2.010244 -0.000000 4
data 10236000 393.944275 2.010155 0.000000 4
data 10237000 393.783661 -2.010127 -0.000000 4
data 10238000 393.626801 2.010036 0.000000 4
data 10239000 393.453918 -2.010010 -0.000000 4
data 10240000 393.290283 2.009917 0.000000 4
data 10241000 393.125061 -2.009889 -0.000000 4
data 10242000 392.963593 2.009798 0.000000 4
data 10243000 392.804108 -2.009769 -0.000000 4
data 10244000 392.628571 2.009674 0.000000 4
data 10245000 392.435364 -2.009652 -0.000000 4
data 10246000 392.237213 2.009553 0.000000 4
data 10247000 392.037811 -2.009532 -0.000000 4
data 10248000 391.815582 2.009429 0.000000 4
data 10249000 391.577972 -2.009415 -0.000000 4
data 10250000 391.291046 2.009299 0.000000 4
data 10251000 390.998413 -2.009296 -0.000000 4
data 10252000 390.709076 2.009179 0.000000 4
data 10253000 390.369202 -2.009186 -0.000000 4
data 10254000 390.031372 2.009060 0.000000 4
data 10255000 389.693726 -2.009065 -0.000000 4
data 10256000 389.356323 2.008940 0.000000 4
data 10257000 389.013763 -2.008946 -0.000000 4
data 10258000 388.675110 2.008820 0.000000 4
data 10259000 388.306274 -2.008832 -0.000000 4
data 10260000 387.938019 2.008700 0.000000 4
data 10261000 387.573975 -2.008711 -0.000000 4
data 10262000 387.212311 2.008581 0.000000 4
data 10263000 386.833252 -2.008595 -0.000000 4
data 10264000 386.456818 2.008461 0.000000 4
data 10265000 386.086517 -2.008474 -0.000000 4
data 10266000 385.713379 2.008341 0.000000 4
data 10267000 385.346375 -2.008353 -0.000000 4
data 10268000 384.985474 2.008222 0.000000 4
data 10269000 384.632385 -2.008231 -0.000000 4
data 10270000 384.292450 2.008105 0.000000 4
data 10271000 383.965546 -2.008109 -0.000000 4
data 10272000 383.646179 2.007987 0.000000 4
data 10273000 383.336029 -2.007987 -0.000000 4
data 10274000 383.040466 2.007870 0.000000 4
data 10275000 382.762817 -2.007864 -0.000000 4
data 10276000 382.494080 2.007752 0.000000 4
data 10277000 382.230530 -2.007743 -0.000000 4
data 10278000 381.977417 2.007634 0.000000 4
data 10279000 381.729340 -2.007622 -0.000000 4
data 10280000 381.486206 2.007515 0.000000 4
data 10281000 381.249786 -2.007501 -0.000000 4
data 10282000 381.018219 2.007396 0.000000 4
data 10283000 380.804016 -2.007378 -0.000000 4
data 10284000 380.594421 2.007278 0.000000 4
data 10285000 380.389374 -2.007258 -0.000000 4
data 10286000 380.188873 2.007159 0.000000 4
data 10287000 379.992798 -2.007137 -0.000000 4
data 10288000 379.801147 2.007040 0.000000 4
data 10289000 379.613861 -2.007017 -0.000000 4
data 10290000 379.430878 2.006922 0.000000 4
data 10291000 379.261169 -2.006895 -0.000000 4
data 10292000 379.091949 2.006802 0.000000 4
data 10293000 378.926849 -2.006774 -0.000000 4
data 10294000 378.765778 2.006683 0.000000 4
data 10295000 378.608734 -2.006654 -0.000000 4
data 10296000 378.455658 2.006565 0.000000 4
data 10297000 378.297546 -2.006536 -0.000000 4
data 10298000 378.129059 2.006443 0.000000 4
data 10299000 377.955627 -2.006417 -0.000000 4
data 10300000 377.764832 2.006320 0.000000 4
data 10301000 377.576508 -2.006297 -0.000000 4
data 10302000 377.372681 2.006198 0.000000 4
data 10303000 377.173248 -2.006177 -0.000000 4
data 10304000 376.972839 2.006078 0.000000 4
data 10305000 376.776764 -2.006057 -0.000000 4
data 10306000 376.584991 2.005960 0.000000 4
data 10307000 376.397522 -2.005937 -0.000000 4
data 10308000 376.214264 2.005842 0.000000 4
data 10309000 376.028015 -2.005818 -0.000000 4
data 10310000 375.845978 2.005723 0.000000 4
data 10311000 375.662659 -2.005699 -0.000000 4
data 10312000 375.479950 2.005604 0.000000 4
data 10313000 375.278137 -2.005584 -0.000000 4
data 10314000 375.078857 2.005485 0.000000 4
data 10315000 374.849823 -2.005470 -0.000000 4
data 10316000 374.621857 2.005366 0.000000 4
data 10317000 374.398499 -2.005350 -0.000000 4
data 10318000 374.177917 2.005248 0.000000 4
data 10319000 373.958282 -2.005231 -0.000000 4
data 10320000 373.743195 2.005130 0.000000 4
data 10321000 373.527161 -2.005112 -0.000000 4
data 10322000 373.310242 2.005010 0.000000 4
data 10323000 373.097839 -2.004992 -0.000000 4
data 10324000 372.888092 2.004892 0.000000 4
data 10325000 372.682770 -2.004872 -0.000000 4
data 10326000 372.481812 2.004774 0.000000 4
data 10327000 372.267273 -2.004756 -0.000000 4
data 10328000 372.050049 2.004654 0.000000 4
data 10329000 371.835449 -2.004636 -0.000000 4
data 10330000 371.621765 2.004535 0.000000 4
data 10331000 371.416107 -2.004516 -0.000000 4
data 10332000 371.211243 2.004417 0.000000 4
data 10333000 371.010742 -2.004396 -0.000000 4
data 10334000 370.812775 2.004298 0.000000 4
data 10335000 370.619080 -2.004276 -0.000000 4
data 10336000 370.429626 2.004180 0.000000 4
data 10337000 370.251587 -2.004155 -0.000000 4
data 10338000 370.077606 2.004062 0.000000 4
data 10339000 369.907623 -2.004036 -0.000000 4
data 10340000 369.736237 2.003943 0.000000 4
data 10341000 369.568817 -2.003916 -0.000000 4
data 10342000 369.403564 2.003825 0.000000 4
data 10343000 369.240417 -2.003797 -0.000000 4
data 10344000 369.077606 2.003706 0.000000 4
data 10345000 368.906097 -2.003680 -0.000000 4
data 10346000 368.724274 2.003585 0.000000 4
data 10347000 368.537506 -2.003562 -0.000000 4
data 10348000 368.349487 2.003466 0.000000 4
data 10349000 368.129791 -2.003450 -0.000000 4
data 10350000 367.903809 2.003347 0.000000 4
data 10351000 367.668030 -2.003333 -0.000000 4
data 10352000 367.431427 2.003228 0.000000 4
data 10353000 367.194092 -2.003214 -0.000000 4
data 10354000 366.948883 2.003108 0.000000 4
data 10355000 366.701202 -2.003096 -0.000000 4
data 10356000 366.456543 2.002990 0.000000 4
data 10357000 366.191528 -2.002982 -0.000000 4
data 10358000 365.929626 2.002872 0.000000 4
data 10359000 365.663666 -2.002864 -0.000000 4
data 10360000 365.386597 2.002751 0.000000 4
data 10361000 365.111053 -2.002745 -0.000000 4
data 10362000 364.836975 2.002633 0.000000 4
data 10363000 364.560730 -2.002627 -0.000000 4
data 10364000 364.284241 2.002514 0.000000 4
data 10365000 363.991333 -2.002512 -0.000000 4
data 10366000 363.701965 2.002397 0.000000 4
data 10367000 363.408844 -2.002394 -0.000000 4
data 10368000 363.121002 2.002279 0.000000 4
data 10369000 362.838409 -2.002275 -0.000000 4
data 10370000 362.557434 2.002161 0.000000 4
data 10371000 362.274475 -2.002157 -0.000000 4
data 10372000 362.003876 2.002045 0.000000 4
data 10373000 361.731201 -2.002039 -0.000000 4
data 10374000 361.461853 2.001928 0.000000 4
data 10375000 361.192261 -2.001921 -0.000000 4
data 10376000 360.925934 2.001810 0.000000 4
data 10377000 360.659332 -2.001802 -0.000000 4
data 10378000 360.390564 2.001692 0.000000 4
data 10379000 360.114410 -2.001686 -0.000000 4
data 10380000 359.834473 2.001573 0.000000 4
data 10381000 359.559753 -2.001566 -0.000000 4
data 10382000 359.290222 2.001455 0.000000 4
data 10383000 359.020447 -2.001448 -0.000000 4
data 10384000 358.752228 2.001338 0.000000 4
data 10385000 358.478333 -2.001331 -0.000000 4
data 10386000 358.202454 2.001219 0.000000 4
data 10387000 357.922852 -2.001214 -0.000000 4
data 10388000 357.648499 2.001102 0.000000 4
data 10389000 357.370422 -2.001096 -0.000000 4
data 10390000 357.097565 2.000985 0.000000 4
data 10391000 356.829926 -2.000978 -0.000000 4
data 10392000 356.567413 2.000868 0.000000 4
data 10393000 356.309998 -2.000859 -0.000000 4
data 10394000 356.057617 2.000751 0.000000 4
data 10395000 355.810242 -2.000740 -0.000000 4
data 10396000 355.576721 2.000636 0.000000 4
data 10397000 355.362335 -2.000618 -0.000000 4
data 10398000 355.159698 2.000520 0.000000 4
data 10399000 354.961548 -2.000499 -0.000000 4
data 10400000 354.767822 2.000403 0.000000 4
data 10401000 354.582062 -2.000380 -0.000000 4
data 10402000 354.400574 2.000286 0.000000 4
data 10403000 354.223328 -2.000261 -0.000000 4
data 10404000 354.053864 2.000170 0.000000 4
data 10405000 353.888489 -2.000142 -0.000000 4
data 10406000 353.727173 2.000052 0.000000 4
data 10407000 353.569855 -2.000024 -0.000000 4
data 10408000 353.416504 1.999935 0.000000 4
data 10409000 353.267090 -1.999905 -0.000000 4
data 10410000 353.117950 1.999818 0.000000 4
data 10411000 352.970886 -1.999787 -0.000000 4
data 10412000 352.820435 1.999699 0.000000 4
data 10413000 352.668488 -1.999670 -0.000000 4
data 10414000 352.515015 1.999581 0.000000 4
data 10415000 352.365387 -1.999551 -0.000000 4
data 10416000 352.210663 1.999463 0.000000 4
data 10417000 352.058014 -1.999433 -0.000000 4
data 10418000 351.902039 1.999344 0.000000 4
data 10419000 351.717712 -1.999321 -0.000000 4
data 10420000 351.537537 1.999228 0.000000 4
data 10421000 351.356079 -1.999204 -0.000000 4
data 10422000 351.169800 1.999109 0.000000 4
data 10423000 350.985901 -1.999086 -0.000000 4
data 10424000 350.788269 1.998989 0.000000 4
data 10425000 350.593109 -1.998968 -0.000000 4
data 10426000 350.398621 1.998871 0.000000 4
data 10427000 350.206573 -1.998850 -0.000000 4
data 10428000 349.984772 1.998748 0.000000 4
data 10429000 349.756744 -1.998733 -0.000000 4
data 10430000 349.518951 1.998629 0.000000 4
data 10431000 349.275085 -1.998617 -0.000000 4
data 10432000 349.030640 1.998511 0.000000 4
data 10433000 348.776642 -1.998501 -0.000000 4
data 10434000 348.525696 1.998395 0.000000 4
data 10435000 348.265259 -1.998386 -0.000000 4
data 10436000 347.956146 1.998268 0.000000 4
data 10437000 347.622101 -1.998273 -0.000000 4
data 10438000 347.283051 1.998150 0.000000 4
data 10439000 346.924774 -1.998160 -0.000000 4
data 10440000 346.565338 1.998032 0.000000 4
data 10441000 346.197571 -1.998044 -0.000000 4
data 10442000 345.832336 1.997915 0.000000 4
data 10443000 345.471405 -1.997926 -0.000000 4
data 10444000 345.116547 1.997799 0.000000 4
data 10445000 344.767670 -1.997807 -0.000000 4
data 10446000 344.415863 1.997681 0.000000 4
data 10447000 344.064667 -1.997690 -0.000000 4
data 10448000 343.719482 1.997565 0.000000 4
data 10449000 343.373108 -1.997573 -0.000000 4
data 10450000 343.023804 1.997448 0.000000 4
data 10451000 342.680511 -1.997455 -0.000000 4
data 10452000 342.341400 1.997331 0.000000 4
data 10453000 342.008240 -1.997337 -0.000000 4
data 10454000 341.680939 1.997215 0.000000 4
data 10455000 341.357697 -1.997219 -0.000000 4
data 10456000 341.040283 1.997099 0.000000 4
data 10457000 340.730408 -1.997100 -0.000000 4
data 10458000 340.431549 1.996984 0.000000 4
data 10459000 340.172211 -1.996975 -0.000000 4
data 10460000 339.921631 1.996869 0.000000 4
data 10461000 339.711884 -1.996851 -0.000000 4
data 10462000 339.510315 1.996754 0.000000 4
data 10463000 339.315094 -1.996732 -0.000000 4
data 10464000 339.136902 1.996640 0.000000 4
data 10465000 338.977325 -1.996612 -0.000000 4
data 10466000 338.821838 1.996524 0.000000 4
data 10467000 338.684723 -1.996492 -0.000000 4
data 10468000 338.551514 1.996408 0.000000 4
data 10469000 338.425659 -1.996373 -0.000000 4
data 10470000 338.303558 1.996291 0.000000 4
data 10471000 338.185120 -1.996256 -0.000000 4
data 10472000 338.070312 1.996175 0.000000 4
data 10473000 337.950134 -1.996140 -0.000000 4
data 10474000 337.833588 1.996059 0.000000 4
data 10475000 337.720642 -1.996022 -0.000000 4
data 10476000 337.598724 1.995941 0.000000 4
data 10477000 337.460754 -1.995909 -0.000000 4
data 10478000 337.324799 1.995824 0.000000 4
data 10479000 337.192566 -1.995791 -0.000000 4
data 10480000 337.056885 1.995707 0.000000 4
data 10481000 336.912415 -1.995676 -0.000000 4
data 10482000 336.771729 1.995591 0.000000 4
data 10483000 336.629395 -1.995560 -0.000000 4
data 10484000 336.485474 1.995474 0.000000 4
data 10485000 336.345306 -1.995442 -0.000000 4
data 10486000 336.205261 1.995357 0.000000 4
data 10487000 336.067139 -1.995325 -0.000000 4
data 10488000 335.925537 1.995240 0.000000 4
data 10489000 335.787628 -1.995208 -0.000000 4
data 10490000 335.653381 1.995124 0.000000 4
data 10491000 335.510223 -1.995093 -0.000000 4
data 10492000 335.356445 1.995006 0.000000 4
data 10493000 335.199341 -1.994977 -0.000000 4
data 10494000 335.044281 1.994889 0.000000 4
data 10495000 334.882263 -1.994862 -0.000000 4
data 10496000 334.718750 1.994773 0.000000 4
data 10497000 334.535919 -1.994749 -0.000000 4
data 10498000 334.357147 1.994657 0.000000 4
data 10499000 334.178833 -1.994633 -0.000000 4
data 10500000 334.004547 1.994541 0.000000 4
data 10501000 333.819916 -1.994518 -0.000000 4
data 10502000 333.628632 1.994424 0.000000 4
data 10503000 333.432587 -1.994403 -0.000000 4
data 10504000 333.237152 1.994307 0.000000 4
data 10505000 333.029785 -1.994289 -0.000000 4
data 10506000 332.823181 1.994191 0.000000 4
data 10507000 332.595856 -1.994176 -0.000000 4
data 10508000 332.367706 1.994075 0.000000 4
data 10509000 332.117249 -1.994064 -0.000000 4
data 10510000 331.864380 1.993958 0.000000 4
data 10511000 331.614563 -1.993947 -0.000000 4
data 10512000 331.362335 1.993841 0.000000 4
data 10513000 331.102386 -1.993833 -0.000000 4
data 10514000 330.802673 1.993717 0.000000 4
data 10515000 330.495789 -1.993718 -0.000000 4
data 10516000 330.194244 1.993602 0.000000 4
data 10517000 329.894409 -1.993601 -0.000000 4
data 10518000 329.592743 1.993486 0.000000 4
data 10519000 329.275024 -1.993488 -0.000000 4
data 10520000 328.936066 1.993366 0.000000 4
data 10521000 328.602844 -1.993371 -0.000000 4
data 10522000 328.275299 1.993250 0.000000 4
data 10523000 327.951630 -1.993254 -0.000000 4
data 10524000 327.633545 1.993135 0.000000 4
data 10525000 327.321014 -1.993137 -0.000000 4
data 10526000 327.015808 1.993021 0.000000 4
data 10527000 326.723206 -1.993018 -0.000000 4
data 10528000 326.443054 1.992907 0.000000 4
data 10529000 326.168121 -1.992901 -0.000000 4
data 10530000 325.912598 1.992795 0.000000 4
data 10531000 325.662018 -1.992784 -0.000000 4
data 10532000 325.418152 1.992680 0.000000 4
data 10533000 325.179108 -1.992668 -0.000000 4
data 10534000 324.968048 1.992569 0.000000 4
data 10535000 324.765076 -1.992550 -0.000000 4
data 10536000 324.570068 1.992455 0.000000 4
data 10537000 324.381195 -1.992433 -0.000000 4
data 10538000 324.203735 1.992341 0.000000 4
data 10539000 324.039307 -1.992315 -0.000000 4
data 10540000 323.880676 1.992227 0.000000 4
data 10541000 323.740295 -1.992195 -0.000000 4
data 10542000 323.607239 1.992112 0.000000 4
data 10543000 323.479614 -1.992078 -0.000000 4
data 10544000 323.369812 1.992000 0.000000 4
data 10545000 323.247406 -1.991965 -0.000000 4
data 10546000 323.128510 1.991885 0.000000 4
data 10547000 323.013092 -1.991849 -0.000000 4
data 10548000 322.901093 1.991769 0.000000 4
data 10549000 322.787109 -1.991733 -0.000000 4
data 10550000 322.664001 1.991652 0.000000 4
data 10551000 322.526581 -1.991620 -0.000000 4
data 10552000 322.373077 1.991533 0.000000 4
data 10553000 322.205536 -1.991507 -0.000000 4
data 10554000 322.038330 1.991418 0.000000 4
data 10555000 321.857239 -1.991394 -0.000000 4
data 10556000 321.671234 1.991301 0.000000 4
data 10557000 321.444763 -1.991286 -0.000000 4
data 10558000 321.204956 1.991183 0.000000 4
data 10559000 320.969818 -1.991170 -0.000000 4
data 10560000 320.705444 1.991062 0.000000 4
data 10561000 320.431641 -1.991056 -0.000000 4
data 10562000 320.130798 1.990941 0.000000 4
data 10563000 319.788910 -1.990948 -0.000000 4
data 10564000 319.436737 1.990824 0.000000 4
data 10565000 319.072571 -1.990835 -0.000000 4
data 10566000 318.700134 1.990707 0.000000 4
data 10567000 318.308868 -1.990723 -0.000000 4
data 10568000 317.888306 1.990586 0.000000 4
data 10569000 317.447662 -1.990611 -0.000000 4
data 10570000 317.008514 1.990471 0.000000 4
data 10571000 316.553070 -1.990499 -0.000000 4
data 10572000 316.101105 1.990356 0.000000 4
data 10573000 315.656158 -1.990382 -0.000000 4
data 10574000 315.211121 1.990240 0.000000 4
data 10575000 314.769501 -1.990266 -0.000000 4
data 10576000 314.322418 1.990124 0.000000 4
data 10577000 313.875244 -1.990151 -0.000000 4
data 10578000 313.431641 1.990009 0.000000 4
data 10579000 312.995117 -1.990034 -0.000000 4
data 10580000 312.565613 1.989895 0.000000 4
data 10581000 312.143097 -1.989918 -0.000000 4
data 10582000 311.727478 1.989781 0.000000 4
data 10583000 311.318726 -1.989801 -0.000000 4
data 10584000 310.936310 1.989671 0.000000 4
data 10585000 310.572876 -1.989682 -0.000000 4
data 10586000 310.222961 1.989559 0.000000 4
data 10587000 309.886383 -1.989565 -0.000000 4
data 10588000 309.570160 1.989447 0.000000 4
data 10589000 309.275879 -1.989445 -0.000000 4
data 10590000 308.994415 1.989335 0.000000 4
data 10591000 308.736328 -1.989326 -0.000000 4
data 10592000 308.499542 1.989223 0.000000 4
data 10593000 308.267853 -1.989210 -0.000000 4
data 10594000 308.044769 1.989110 0.000000 4
data 10595000 307.826630 -1.989094 -0.000000 4
data 10596000 307.615173 1.988996 0.000000 4
data 10597000 307.408569 -1.988978 -0.000000 4
data 10598000 307.203156 1.988881 0.000000 4
data 10599000 307.002502 -1.988862 -0.000000 4
data 10600000 306.804718 1.988767 0.000000 4
data 10601000 306.608063 -1.988747 -0.000000 4
data 10602000 306.414276 1.988652 0.000000 4
data 10603000 306.214447 -1.988633 -0.000000 4
data 10604000 306.019257 1.988538 0.000000 4
data 10605000 305.819733 -1.988519 -0.000000 4
data 10606000 305.623077 1.988424 0.000000 4
data 10607000 305.431030 -1.988403 -0.000000 4
data 10608000 305.243561 1.988310 0.000000 4
data 10609000 305.053497 -1.988288 -0.000000 4
data 10610000 304.864380 1.988195 0.000000 4
data 10611000 304.670868 -1.988174 -0.000000 4
data 10612000 304.478333 1.988081 0.000000 4
data 10613000 304.288544 -1.988059 -0.000000 4
data 10614000 304.099670 1.987966 0.000000 4
data 10615000 303.902802 -1.987946 -0.000000 4
data 10616000 303.678467 1.987846 0.000000 4
data 10617000 303.446503 -1.987832 -0.000000 4
data 10618000 303.212341 1.987731 0.000000 4
data 10619000 302.967102 -1.987720 -0.000000 4
data 10620000 302.716248 1.987615 0.000000 4
data 10621000 302.470490 -1.987604 -0.000000 4
data 10622000 302.220825 1.987500 0.000000 4
data 10623000 301.946045 -1.987494 -0.000000 4
data 10624000 301.674835 1.987386 0.000000 4
data 10625000 301.408936 -1.987378 -0.000000 4
data 10626000 301.148315 1.987272 0.000000 4
data 10627000 300.880432 -1.987265 -0.000000 4
data 10628000 300.603638 1.987156 0.000000 4
data 10629000 300.330414 -1.987150 -0.000000 4
data 10630000 300.066132 1.987043 0.000000 4
data 10631000 299.807068 -1.987034 -0.000000 4
data 10632000 299.549652 1.986929 0.000000 4
data 10633000 299.297424 -1.986919 -0.000000 4
data 10634000 299.039673 1.986813 0.000000 4
data 10635000 298.772888 -1.986806 -0.000000 4
data 10636000 298.502502 1.986698 0.000000 4
data 10637000 298.219696 -1.986694 -0.000000 4
data 10638000 297.942352 1.986584 0.000000 4
data 10639000 297.670380 -1.986578 -0.000000 4
data 10640000 297.403778 1.986471 0.000000 4
data 10641000 297.142487 -1.986463 -0.000000 4
data 10642000 296.889954 1.986358 0.000000 4
data 10643000 296.651489 -1.986346 -0.000000 4
data 10644000 296.419800 1.986245 0.000000 4
data 10645000 296.212646 -1.986227 -0.000000 4
data 10646000 296.010162 1.986132 0.000000 4
data 10647000 295.812317 -1.986112 -0.000000 4
data 10648000 295.624329 1.986019 0.000000 4
data 10649000 295.440826 -1.985996 -0.000000 4
data 10650000 295.261749 1.985906 0.000000 4
data 10651000 295.090607 -1.985881 -0.000000 4
data 10652000 294.920166 1.985792 0.000000 4
data 10653000 294.753998 -1.985766 -0.000000 4
data 10654000 294.586731 1.985677 0.000000 4
data 10655000 294.423676 -1.985651 -0.000000 4
data 10656000 294.264771 1.985564 0.000000 4
data 10657000 294.109985 -1.985536 -0.000000 4
data 10658000 293.959229 1.985450 0.000000 4
data 10659000 293.814270 -1.985420 -0.000000 4
data 10660000 293.673248 1.985337 0.000000 4
data 10661000 293.536133 -1.985306 -0.000000 4
data 10662000 293.401062 1.985223 0.000000 4
data 10663000 293.269775 -1.985191 -0.000000 4
data 10664000 293.129791 1.985107 0.000000 4
data 10665000 292.993622 -1.985076 -0.000000 4
data 10666000 292.861237 1.984994 0.000000 4
data 10667000 292.732605 -1.984961 -0.000000 4
data 10668000 292.593414 1.984878 0.000000 4
data 10669000 292.454437 -1.984847 -0.000000 4
data 10670000 292.312134 1.984763 0.000000 4
data 10671000 292.173615 -1.984732 -0.000000 4
data 10672000 292.029999 1.984648 0.000000 4
data 10673000 291.890167 -1.984618 -0.000000 4
data 10674000 291.723785 1.984529 0.000000 4
data 10675000 291.549011 -1.984505 -0.000000 4
data 10676000 291.376556 1.984416 0.000000 4
data 10677000 291.181488 -1.984396 -0.000000 4
data 10678000 290.969360 1.984299 0.000000 4
data 10679000 290.749268 -1.984283 -0.000000 4
data 10680000 290.508850 1.984181 0.000000 4
data 10681000 290.260742 -1.984171 -0.000000 4
data 10682000 290.015656 1.984068 0.000000 4
data 10683000 289.750519 -1.984061 -0.000000 4
data 10684000 289.467285 1.983951 0.000000 4
data 10685000 289.185730 -1.983946 -0.000000 4
data 10686000 288.857849 1.983828 0.000000 4
data 10687000 288.530334 -1.983833 -0.000000 4
data 10688000 288.174774 1.983709 0.000000 4
data 10689000 287.818085 -1.983719 -0.000000 4
data 10690000 287.455017 1.983594 0.000000 4
data 10691000 287.082062 -1.983607 -0.000000 4
data 10692000 286.715302 1.983482 0.000000 4
data 10693000 286.352905 -1.983493 -0.000000 4
data 10694000 285.996643 1.983369 0.000000 4
data 10695000 285.646454 -1.983378 -0.000000 4
data 10696000 285.302307 1.983257 0.000000 4
data 10697000 284.974792 -1.983261 -0.000000 4
data 10698000 284.658417 1.983145 0.000000 4
data 10699000 284.365509 -1.983143 -0.000000 4
data 10700000 284.099426 1.983037 0.000000 4
data 10701000 283.842041 -1.983028 -0.000000 4
data 10702000 283.630646 1.982931 0.000000 4
data 10703000 283.445190 -1.982909 -0.000000 4
data 10704000 283.274780 1.982821 0.000000 4
data 10705000 283.117432 -1.982793 -0.000000 4
data 10706000 282.987274 1.982712 0.000000 4
data 10707000 282.891113 -1.982674 -0.000000 4
data 10708000 282.800140 1.982600 0.000000 4
data 10709000 282.726715 -1.982557 -0.000000 4
data 10710000 282.656433 1.982487 0.000000 4
data 10711000 282.575043 -1.982445 -0.000000 4
data 10712000 282.496857 1.982374 0.000000 4
data 10713000 282.421814 -1.982331 -0.000000 4
data 10714000 282.348083 1.982261 0.000000 4
data 10715000 282.254303 -1.982222 -0.000000 4
data 10716000 282.161987 1.982148 0.000000 4
data 10717000 282.072906 -1.982108 -0.000000 4
data 10718000 281.987000 1.982035 0.000000 4
data 10719000 281.904236 -1.981994 -0.000000 4
data 10720000 281.824585 1.981922 0.000000 4
data 10721000 281.747955 -1.981880 -0.000000 4
data 10722000 281.672607 1.981809 0.000000 4
data 10723000 281.594849 -1.981767 -0.000000 4
data 10724000 281.502319 1.981693 0.000000 4
data 10725000 281.409332 -1.981654 -0.000000 4
data 10726000 281.312378 1.981579 0.000000 4
data 10727000 281.198975 -1.981544 -0.000000 4
data 10728000 281.087097 1.981466 0.000000 4
data 10729000 280.976776 -1.981430 -0.000000 4
data 10730000 280.864349 1.981353 0.000000 4
data 10731000 280.755188 -1.981316 -0.000000 4
data 10732000 280.643890 1.981239 0.000000 4
data 10733000 280.521606 -1.981205 -0.000000 4
data 10734000 280.391968 1.981125 0.000000 4
data 10735000 280.251556 -1.981094 -0.000000 4
data 10736000 280.103973 1.981010 0.000000 4
data 10737000 279.920929 -1.980988 -0.000000 4
data 10738000 279.741791 1.980898 0.000000 4
data 10739000 279.552307 -1.980877 -0.000000 4
data 10740000 279.356201 1.980784 0.000000 4
data 10741000 279.142822 -1.980767 -0.000000 4
data 10742000 278.905334 1.980666 0.000000 4
data 10743000 278.668732 -1.980654 -0.000000 4
data 10744000 278.402893 1.980548 0.000000 4
data 10745000 278.115265 -1.980545 -0.000000 4
data 10746000 277.768768 1.980424 0.000000 4
data 10747000 277.411957 -1.980434 -0.000000 4
data 10748000 277.059113 1.980312 0.000000 4
data 10749000 276.642853 -1.980332 -0.000000 4
data 10750000 276.231262 1.980199 0.000000 4
data 10751000 275.822510 -1.980219 -0.000000 4
data 10752000 275.409454 1.980086 0.000000 4
data 10753000 274.992218 -1.980107 -0.000000 4
data 10754000 274.551361 1.979969 0.000000 4
data 10755000 274.117249 -1.979993 -0.000000 4
data 10756000 273.665100 1.979852 0.000000 4
data 10757000 273.219879 -1.979879 -0.000000 4
data 10758000 272.769073 1.979739 0.000000 4
data 10759000 272.325256 -1.979765 -0.000000 4
data 10760000 271.888336 1.979627 0.000000 4
data 10761000 271.470734 -1.979648 -0.000000 4
data 10762000 271.059845 1.979516 0.000000 4
data 10763000 270.655579 -1.979534 -0.000000 4
data 10764000 270.266724 1.979406 0.000000 4
data 10765000 269.887909 -1.979420 -0.000000 4
data 10766000 269.526062 1.979296 0.000000 4
data 10767000 269.205841 -1.979299 -0.000000 4
data 10768000 268.912689 1.979189 0.000000 4
data 10769000 268.633911 -1.979184 -0.000000 4
data 10770000 268.360535 1.979077 0.000000 4
data 10771000 268.103058 -1.979068 -0.000000 4
data 10772000 267.859619 1.978967 0.000000 4
data 10773000 267.621155 -1.978955 -0.000000 4
data 10774000 267.403656 1.978858 0.000000 4
data 10775000 267.199768 -1.978840 -0.000000 4
data 10776000 267.014648 1.978749 0.000000 4
data 10777000 266.865875 -1.978720 -0.000000 4
data 10778000 266.722839 1.978638 0.000000 4
data 10779000 266.583740 -1.978607 -0.000000 4
data 10780000 266.464508 1.978529 0.000000 4
data 10781000 266.348938 -1.978494 -0.000000 4
data 10782000 266.242310 1.978418 0.000000 4
data 10783000 266.139191 -1.978381 -0.000000 4
data 10784000 266.034241 1.978305 0.000000 4
data 10785000 265.909729 -1.978272 -0.000000 4
data 10786000 265.787079 1.978193 0.000000 4
data 10787000 265.668060 -1.978159 -0.000000 4
data 10788000 265.552612 1.978081 0.000000 4
data 10789000 265.440674 -1.978046 -0.000000 4
data 10790000 265.328705 1.977969 0.000000 4
data 10791000 265.214935 -1.977934 -0.000000 4
data 10792000 265.095764 1.977856 0.000000 4
data 10793000 264.978302 -1.977821 -0.000000 4
data 10794000 264.862579 1.977744 0.000000 4
data 10795000 264.741425 -1.977710 -0.000000 4
data 10796000 264.614960 1.977630 0.000000 4
data 10797000 264.479614 -1.977599 -0.000000 4
data 10798000 264.340790 1.977518 0.000000 4
data 10799000 264.200317 -1.977487 -0.000000 4
data 10800000 264.063538 1.977406 0.000000 4
data 10801000 263.923279 -1.977376 -0.000000 4
data 10802000 263.770691 1.977292 0.000000 4
data 10803000 263.611267 -1.977265 -0.000000 4
data 10804000 263.445038 1.977178 0.000000 4
data 10805000 263.265015 -1.977155 -0.000000 4
data 10806000 263.083710 1.977066 0.000000 4
data 10807000 262.860352 -1.977051 -0.000000 4
data 10808000 262.634338 1.976953 0.000000 4
data 10809000 262.402222 -1.976940 -0.000000 4
data 10810000 262.144592 1.976836 0.000000 4
data 10811000 261.858154 -1.976833 -0.000000 4
data 10812000 261.552032 1.976721 0.000000 4
data 10813000 261.215820 -1.976727 -0.000000 4
data 10814000 260.885284 1.976610 0.000000 4
data 10815000 260.532074 -1.976619 -0.000000 4
data 10816000 260.170532 1.976496 0.000000 4
data 10817000 259.747711 -1.976518 -0.000000 4
data 10818000 259.301422 1.976380 0.000000 4
data 10819000 258.858459 -1.976406 -0.000000 4
data 10820000 258.417053 1.976268 0.000000 4
data 10821000 257.968414 -1.976295 -0.000000 4
data 10822000 257.526764 1.976157 0.000000 4
data 10823000 257.092041 -1.976182 -0.000000 4
data 10824000 256.664185 1.976047 0.000000 4
data 10825000 256.228973 -1.976071 -0.000000 4
data 10826000 255.800705 1.975936 0.000000 4
data 10827000 255.379318 -1.975958 -0.000000 4
data 10828000 254.978943 1.975828 0.000000 4
data 10829000 254.590485 -1.975844 -0.000000 4
data 10830000 254.208557 1.975718 0.000000 4
data 10831000 253.834869 -1.975731 -0.000000 4
data 10832000 253.471115 1.975608 0.000000 4
data 10833000 253.131363 -1.975615 -0.000000 4
data 10834000 252.797668 1.975497 0.000000 4
data 10835000 252.507187 -1.975495 -0.000000 4
data 10836000 252.225800 1.975387 0.000000 4
data 10837000 251.997696 -1.975373 -0.000000 4
data 10838000 251.785156 1.975278 0.000000 4
data 10839000 251.580963 -1.975260 -0.000000 4
data 10840000 251.455826 1.975181 0.000000 4
data 10841000 251.348679 -1.975145 -0.000000 4
data 10842000 251.252289 1.975071 0.000000 4
data 10843000 251.159424 -1.975033 -0.000000 4
data 10844000 251.078934 1.974962 0.000000 4
data 10845000 251.017746 -1.974917 -0.000000 4
data 10846000 250.963196 1.974852 0.000000 4
data 10847000 250.915207 -1.974805 -0.000000 4
data 10848000 250.870148 1.974741 0.000000 4
data 10849000 250.827988 -1.974693 -0.000000 4
data 10850000 250.788666 1.974630 0.000000 4
data 10851000 250.752136 -1.974581 -0.000000 4
data 10852000 250.714844 1.974518 0.000000 4
data 10853000 250.680267 -1.974468 -0.000000 4
data 10854000 250.648376 1.974407 0.000000 4
data 10855000 250.601425 -1.974360 -0.000000 4
data 10856000 250.541275 1.974293 0.000000 4
data 10857000 250.482208 -1.974248 -0.000000 4
data 10858000 250.410095 1.974179 0.000000 4
data 10859000 250.326767 -1.974139 -0.000000 4
data 10860000 250.234131 1.974066 0.000000 4
data 10861000 250.119843 -1.974031 -0.000000 4
data 10862000 250.007141 1.973955 0.000000 4
data 10863000 249.890747 -1.973921 -0.000000 4
data 10864000 249.767059 1.973842 0.000000 4
data 10865000 249.632675 -1.973811 -0.000000 4
data 10866000 249.498260 1.973731 0.000000 4
data 10867000 249.363861 -1.973700 -0.000000 4
data 10868000 249.220581 1.973618 0.000000 4
data 10869000 249.063202 -1.973591 -0.000000 4
data 10870000 248.890076 1.973504 0.000000 4
data 10871000 248.692551 -1.973484 -0.000000 4
data 10872000 248.495651 1.973392 0.000000 4
data 10873000 248.295807 -1.973374 -0.000000 4
data 10874000 248.087723 1.973280 0.000000 4
data 10875000 247.836166 -1.973270 -0.000000 4
data 10876000 247.578644 1.973167 0.000000 4
data 10877000 247.315277 -1.973160 -0.000000 4
data 10878000 247.001907 1.973047 0.000000 4
data 10879000 246.667374 -1.973053 -0.000000 4
data 10880000 246.273041 1.972925 0.000000 4
data 10881000 245.849579 -1.972947 -0.000000 4
data 10882000 245.430878 1.972815 0.000000 4
data 10883000 245.002762 -1.972838 -0.000000 4
data 10884000 244.577774 1.972704 0.000000 4
data 10885000 244.157623 -1.972726 -0.000000 4
data 10886000 243.742340 1.972594 0.000000 4
data 10887000 243.330063 -1.972614 -0.000000 4
data 10888000 242.894287 1.972479 0.000000 4
data 10889000 242.465332 -1.972502 -0.000000 4
data 10890000 242.043137 1.972369 0.000000 4
data 10891000 241.627670 -1.972390 -0.000000 4
data 10892000 241.218872 1.972259 0.000000 4
data 10893000 240.816711 -1.972277 -0.000000 4
data 10894000 240.405258 1.972146 0.000000 4
data 10895000 240.014618 -1.972163 -0.000000 4
data 10896000 239.616333 1.972034 0.000000 4
data 10897000 239.224640 -1.972051 -0.000000 4
data 10898000 238.835907 1.971924 0.000000 4
data 10899000 238.457260 -1.971938 -0.000000 4
data 10900000 238.099167 1.971817 0.000000 4
data 10901000 237.734909 -1.971828 -0.000000 4
data 10902000 237.376953 1.971707 0.000000 4
data 10903000 237.037643 -1.971714 -0.000000 4
data 10904000 236.711426 1.971599 0.000000 4
data 10905000 236.423004 -1.971596 -0.000000 4
data 10906000 236.143646 1.971489 0.000000 4
data 10907000 235.869751 -1.971484 -0.000000 4
data 10908000 235.613678 1.971382 0.000000 4
data 10909000 235.384064 -1.971369 -0.000000 4
data 10910000 235.182358 1.971276 0.000000 4
data 10911000 235.003021 -1.971254 -0.000000 4
data 10912000 234.831635 1.971167 0.000000 4
data 10913000 234.669876 -1.971141 -0.000000 4
data 10914000 234.531799 1.971061 0.000000 4
data 10915000 234.397705 -1.971030 -0.000000 4
data 10916000 234.267517 1.970951 0.000000 4
data 10917000 234.148300 -1.970917 -0.000000 4
data 10918000 234.032837 1.970841 0.000000 4
data 10919000 233.928162 -1.970804 -0.000000 4
data 10920000 233.827042 1.970731 0.000000 4
data 10921000 233.734741 -1.970692 -0.000000 4
data 10922000 233.656464 1.970623 0.000000 4
data 10923000 233.581436 -1.970581 -0.000000 4
data 10924000 233.509598 1.970513 0.000000 4
data 10925000 233.440903 -1.970470 -0.000000 4
data 10926000 233.375305 1.970403 0.000000 4
data 10927000 233.310974 -1.970359 -0.000000 4
data 10928000 233.249664 1.970293 0.000000 4
data 10929000 233.175415 -1.970251 -0.000000 4
data 10930000 233.088318 1.970180 0.000000 4
data 10931000 232.999130 -1.970141 -0.000000 4
data 10932000 232.904312 1.970068 0.000000 4
data 10933000 232.803879 -1.970031 -0.000000 4
data 10934000 232.705017 1.969958 0.000000 4
data 10935000 232.604111 -1.969921 -0.000000 4
data 10936000 232.495865 1.969846 0.000000 4
data 10937000 232.339691 -1.969820 -0.000000 4
data 10938000 232.183777 1.969736 0.000000 4
data 10939000 232.021103 -1.969711 -0.000000 4
data 10940000 231.853439 1.969625 0.000000 4
data 10941000 231.666748 -1.969604 -0.000000 4
data 10942000 231.431168 1.969506 0.000000 4
data 10943000 231.161331 -1.969500 -0.000000 4
data 10944000 230.884079 1.969394 0.000000 4
data 10945000 230.576599 -1.969395 -0.000000 4
data 10946000 230.225067 1.969276 0.000000 4
data 10947000 229.851105 -1.969289 -0.000000 4
data 10948000 229.469116 1.969164 0.000000 4
data 10949000 229.089783 -1.969178 -0.000000 4
data 10950000 228.644257 1.969042 0.000000 4
data 10951000 228.202087 -1.969067 -0.000000 4
data 10952000 227.766800 1.968933 0.000000 4
data 10953000 227.331284 -1.968957 -0.000000 4
data 10954000 226.895523 1.968822 0.000000 4
data 10955000 226.461365 -1.968847 -0.000000 4
data 10956000 226.025269 1.968712 0.000000 4
data 10957000 225.588989 -1.968737 -0.000000 4
data 10958000 225.150833 1.968601 0.000000 4
data 10959000 224.719650 -1.968625 -0.000000 4
data 10960000 224.295380 1.968493 0.000000 4
data 10961000 223.862137 -1.968517 -0.000000 4
data 10962000 223.451736 1.968387 0.000000 4
data 10963000 223.048096 -1.968405 -0.000000 4
data 10964000 222.656479 1.968279 0.000000 4
data 10965000 222.282074 -1.968292 -0.000000 4
data 10966000 221.933502 1.968174 0.000000 4
data 10967000 221.615814 -1.968177 -0.000000 4
data 10968000 221.321640 1.968068 0.000000 4
data 10969000 221.045517 -1.968063 -0.000000 4
data 10970000 220.797791 1.967963 0.000000 4
data 10971000 220.638184 -1.967937 -0.000000 4
data 10972000 220.500534 1.967857 0.000000 4
data 10973000 220.393387 -1.967822 -0.000000 4
data 10974000 220.289917 1.967748 0.000000 4
data 10975000 220.191818 -1.967711 -0.000000 4
data 10976000 220.100861 1.967639 0.000000 4
data 10977000 220.016891 -1.967600 -0.000000 4
data 10978000 219.938034 1.967530 0.000000 4
data 10979000 219.873108 -1.967487 -0.000000 4
data 10980000 219.811340 1.967421 0.000000 4
data 10981000 219.742065 -1.967379 -0.000000 4
data 10982000 219.675934 1.967312 0.000000 4
data 10983000 219.612915 -1.967269 -0.000000 4
data 10984000 219.554749 1.967203 0.000000 4
data 10985000 219.499573 -1.967158 -0.000000 4
data 10986000 219.447327 1.967094 0.000000 4
data 10987000 219.385635 -1.967050 -0.000000 4
data 10988000 219.325134 1.966984 0.000000 4
data 10989000 219.267563 -1.966940 -0.000000 4
data 10990000 219.211166 1.966875 0.000000 4
data 10991000 219.152313 -1.966831 -0.000000 4
data 10992000 219.075119 1.966762 0.000000 4
data 10993000 218.997437 -1.966721 -0.000000 4
data 10994000 218.912186 1.966651 0.000000 4
data 10995000 218.828293 -1.966611 -0.000000 4
data 10996000 218.728058 1.966538 0.000000 4
data 10997000 218.608078 -1.966505 -0.000000 4
data 10998000 218.461472 1.966424 0.000000 4
data 10999000 218.316803 -1.966395 -0.000000 4
data 11000000 218.175812 1.966315 0.000000 4
data 11001000 218.020767 -1.966288 -0.000000 4
data 11002000 217.841217 1.966201 0.000000 4
data 11003000 217.665649 -1.966178 -0.000000 4
data 11004000 217.485214 1.966091 0.000000 4
data 11005000 217.292923 -1.966071 -0.000000 4
data 11006000 217.071228 1.965976 0.000000 4
data 11007000 216.846863 -1.965962 -0.000000 4
data 11008000 216.619919 1.965866 0.000000 4
data 11009000 216.363922 -1.965858 -0.000000 4
data 11010000 216.107407 1.965756 0.000000 4
data 11011000 215.816864 -1.965754 -0.000000 4
data 11012000 215.531464 1.965648 0.000000 4
data 11013000 215.233582 -1.965647 -0.000000 4
data 11014000 214.933838 1.965538 0.000000 4
data 11015000 214.639374 -1.965537 -0.000000 4
data 11016000 214.299026 1.965420 0.000000 4
data 11017000 213.962601 -1.965427 -0.000000 4
data 11018000 213.631836 1.965312 0.000000 4
data 11019000 213.306717 -1.965316 -0.000000 4
data 11020000 212.951935 1.965197 0.000000 4
data 11021000 212.594223 -1.965208 -0.000000 4
data 11022000 212.233643 1.965088 0.000000 4
data 11023000 211.879044 -1.965097 -0.000000 4
data 11024000 211.514526 1.964976 0.000000 4
data 11025000 211.149033 -1.964988 -0.000000 4
data 11026000 210.768463 1.964864 0.000000 4
data 11027000 210.388901 -1.964879 -0.000000 4
data 11028000 209.941589 1.964743 0.000000 4
data 11029000 209.501251 -1.964768 -0.000000 4
data 11030000 209.067841 1.964635 0.000000 4
data 11031000 208.641312 -1.964658 -0.000000 4
data 11032000 208.221603 1.964527 0.000000 4
data 11033000 207.821014 -1.964545 -0.000000 4
data 11034000 207.502762 1.964433 0.000000 4
data 11035000 207.206146 -1.964432 -0.000000 4
data 11036000 206.920380 1.964326 0.000000 4
data 11037000 206.650604 -1.964320 -0.000000 4
data 11038000 206.386108 1.964218 0.000000 4
data 11039000 206.133881 -1.964209 -0.000000 4
data 11040000 205.902603 1.964113 0.000000 4
data 11041000 205.676224 -1.964099 -0.000000 4
data 11042000 205.488190 1.964010 0.000000 4
data 11043000 205.309891 -1.963988 -0.000000 4
data 11044000 205.139435 1.963903 0.000000 4
data 11045000 204.985565 -1.963876 -0.000000 4
data 11046000 204.902771 1.963807 0.000000 4
data 11047000 204.839157 -1.963764 -0.000000 4
data 11048000 204.794495 1.963701 0.000000 4
data 11049000 204.752731 -1.963654 -0.000000 4
data 11050000 204.713791 1.963593 0.000000 4
data 11051000 204.677643 -1.963545 -0.000000 4
data 11052000 204.628372 1.963482 0.000000 4
data 11053000 204.596085 -1.963433 -0.000000 4
data 11054000 204.548798 1.963370 0.000000 4
data 11055000 204.491959 -1.963326 -0.000000 4
data 11056000 204.437988 1.963262 0.000000 4
data 11057000 204.386841 -1.963216 -0.000000 4
data 11058000 204.338470 1.963153 0.000000 4
data 11059000 204.322815 -1.963102 -0.000000 4
data 11060000 204.335953 1.963050 0.000000 4
data 11061000 204.351135 -1.962993 -0.000000 4
data 11062000 204.368332 1.962941 0.000000 4
data 11063000 204.387482 -1.962883 -0.000000 4
data 11064000 204.408554 1.962833 0.000000 4
data 11065000 204.426254 -1.962775 -0.000000 4
data 11066000 204.429932 1.962722 0.000000 4
data 11067000 204.425049 -1.962668 -0.000000 4
data 11068000 204.293503 1.962590 0.000000 4
data 11069000 204.121262 -1.962567 -0.000000 4
data 11070000 203.871750 1.962467 0.000000 4
data 11071000 203.598618 -1.962462 -0.000000 4
data 11072000 203.291550 1.962353 0.000000 4
data 11073000 202.912201 -1.962367 -0.000000 4
data 11074000 202.537064 1.962245 0.000000 4
data 11075000 202.151993 -1.962260 -0.000000 4
data 11076000 201.750061 1.962133 0.000000 4
data 11077000 201.354355 -1.962150 -0.000000 4
data 11078000 200.964844 1.962026 0.000000 4
data 11079000 200.599075 -1.962038 -0.000000 4
data 11080000 200.205826 1.961912 0.000000 4
data 11081000 199.818787 -1.961928 -0.000000 5
data 11082000 199.437927 1.961805 0.000000 5
data 11083000 199.063202 -1.961818 -0.000000 5
data 11084000 198.708649 1.961700 0.000000 5
data 11085000 198.359985 -1.961709 -0.000000 5
data 11086000 198.001297 1.961590 0.000000 5
data 11087000 197.648575 -1.961599 -0.000000 5
data 11088000 197.301758 1.961482 0.000000 5
data 11089000 196.976685 -1.961487 -0.000000 5
data 11090000 196.673065 1.961378 0.000000 5
data 11091000 196.374893 -1.961377 -0.000000 5
data 11092000 196.161377 1.961285 0.000000 5
data 11093000 196.070404 -1.961247 -0.000000 5
data 11094000 196.333603 1.961240 0.000000 5
data 11095000 196.612305 -1.961136 -0.000000 5
data 11096000 196.890350 1.961132 0.000000 5
data 11097000 197.167725 -1.961028 -0.000000 5
data 11098000 197.444366 1.961023 0.000000 5
data 11099000 197.704330 -1.960922 -0.000000 5
data 11100000 197.921310 1.960907 0.000000 5
data 11101000 197.817123 -1.960872 -0.000000 5
data 11102000 197.663116 1.960790 0.000000 5
data 11103000 197.486237 -1.960768 -0.000000 5
data 11104000 197.304306 1.960681 0.000000 5
data 11105000 197.117416 -1.960660 -0.000000 5
data 11106000 196.911484 1.960569 0.000000 5
data 11107000 196.672653 -1.960558 -0.000000 5
data 11108000 196.431198 1.960461 0.000000 5
data 11109000 196.183624 -1.960451 -0.000000 5
data 11110000 195.931732 1.960352 0.000000 5
data 11111000 195.680878 -1.960343 -0.000000 5
data 11112000 195.415207 1.960241 0.000000 5
data 11113000 195.140167 -1.960236 -0.000000 5
data 11114000 194.861176 1.960132 0.000000 5
data 11115000 194.574707 -1.960130 -0.000000 5
data 11116000 194.273819 1.960021 0.000000 5
data 11117000 193.970993 -1.960022 -0.000000 5
data 11118000 193.655716 1.959911 0.000000 5
data 11119000 193.329926 -1.959916 -0.000000 5
data 11120000 193.006027 1.959803 0.000000 5
data 11121000 192.684006 -1.959807 -0.000000 5
data 11122000 192.365585 1.959696 0.000000 5
data 11123000 192.050812 -1.959699 -0.000000 5
data 11124000 191.741379 1.959589 0.000000 5
data 11125000 191.421371 -1.959593 -0.000000 5
data 11126000 191.105057 1.959482 0.000000 5
data 11127000 190.788818 -1.959485 -0.000000 5
data 11128000 190.467422 1.959373 0.000000 5
data 11129000 190.142731 -1.959377 -0.000000 5
data 11130000 189.813004 1.959264 0.000000 5
data 11131000 189.488846 -1.959268 -0.000000 5
data 11132000 189.180756 1.959159 0.000000 5
data 11133000 188.878052 -1.959160 -0.000000 5
data 11134000 188.580673 1.959052 0.000000 5
data 11135000 188.278030 -1.959053 -0.000000 5
data 11136000 187.980728 1.958945 0.000000 5
data 11137000 187.688736 -1.958944 -0.000000 5
data 11138000 187.407242 1.958840 0.000000 5
data 11139000 187.130905 -1.958835 -0.000000 5
data 11140000 186.859665 1.958733 0.000000 5
data 11141000 186.588242 -1.958727 -0.000000 5
data 11142000 186.321884 1.958626 0.000000 5
data 11143000 186.060532 -1.958619 -0.000000 5
data 11144000 185.809402 1.958520 0.000000 5
data 11145000 185.563156 -1.958510 -0.000000 5
data 11146000 185.321732 1.958413 0.000000 5
data 11147000 185.092102 -1.958400 -0.000000 5
data 11148000 184.870712 1.958307 0.000000 5
data 11149000 184.653885 -1.958292 -0.000000 5
data 11150000 184.443298 1.958200 0.000000 5
data 11151000 184.238922 -1.958183 -0.000000 5
data 11152000 184.042435 1.958094 0.000000 5
data 11153000 183.850266 -1.958075 -0.000000 5
data 11154000 183.662354 1.957987 0.000000 5
data 11155000 183.478653 -1.957966 -0.000000 5
data 11156000 183.299118 1.957880 0.000000 5
data 11157000 183.120178 -1.957859 -0.000000 5
data 11158000 182.933044 1.957771 0.000000 5
data 11159000 182.720230 -1.957756 -0.000000 5
data 11160000 182.510071 1.957664 0.000000 5
data 11161000 182.300812 -1.957648 -0.000000 5
data 11162000 182.092453 1.957557 0.000000 5
data 11163000 181.867371 -1.957544 -0.000000 5
data 11164000 181.646866 1.957450 0.000000 5
data 11165000 181.420380 -1.957437 -0.000000 5
data 11166000 181.182617 1.957341 0.000000 5
data 11167000 180.935532 -1.957332 -0.000000 5
data 11168000 180.686203 1.957233 0.000000 5
data 11169000 180.431152 -1.957225 -0.000000 5
data 11170000 180.158142 1.957123 0.000000 5
data 11171000 179.888428 -1.957117 -0.000000 5
data 11172000 179.623764 1.957016 0.000000 5
data 11173000 179.360580 -1.957010 -0.000000 5
data 11174000 179.098877 1.956909 0.000000 5
data 11175000 178.835159 -1.956903 -0.000000 5
data 11176000 178.576462 1.956803 0.000000 5
data 11177000 178.319138 -1.956795 -0.000000 5
data 11178000 178.059784 1.956695 0.000000 5
data 11179000 177.805389 -1.956687 -0.000000 5
data 11180000 177.550629 1.956588 0.000000 5
data 11181000 177.276199 -1.956583 -0.000000 5
data 11182000 177.001617 1.956480 0.000000 5
data 11183000 176.732162 -1.956475 -0.000000 5
data 11184000 176.467804 1.956374 0.000000 5
data 11185000 176.192688 -1.956370 -0.000000 5
data 11186000 175.884079 1.956261 0.000000 5
data 11187000 175.544113 -1.956268 -0.000000 5
data 11188000 175.194183 1.956152 0.000000 5
data 11189000 174.841446 -1.956161 -0.000000 5
data 11190000 174.494720 1.956046 0.000000 5
data 11191000 174.153946 -1.956053 -0.000000 5
data 11192000 173.804993 1.955937 0.000000 5
data 11193000 173.462036 -1.955945 -0.000000 5
data 11194000 173.139114 1.955834 0.000000 5
data 11195000 172.821945 -1.955837 -0.000000 5
data 11196000 172.496399 1.955725 0.000000 5
data 11197000 172.176651 -1.955729 -0.000000 5
data 11198000 171.859131 1.955619 0.000000 5
data 11199000 171.547333 -1.955621 -0.000000 5
data 11200000 171.241226 1.955513 0.000000 5
data 11201000 170.940750 -1.955513 -0.000000 5
data 11202000 170.642334 1.955406 0.000000 5
data 11203000 170.349472 -1.955405 -0.000000 5
data 11204000 170.051620 1.955298 0.000000 5
data 11205000 169.769836 -1.955295 -0.000000 5
data 11206000 169.493454 1.955192 0.000000 5
data 11207000 169.225952 -1.955186 -0.000000 5
data 11208000 168.963715 1.955086 0.000000 5
data 11209000 168.703171 -1.955079 -0.000000 5
data 11210000 168.447830 1.954980 0.000000 5
data 11211000 168.197632 -1.954971 -0.000000 5
data 11212000 167.942017 1.954872 0.000000 5
data 11213000 167.691559 -1.954863 -0.000000 5
data 11214000 167.439148 1.954765 0.000000 5
data 11215000 167.190125 -1.954756 -0.000000 5
data 11216000 166.937408 1.954658 0.000000 5
data 11217000 166.675735 -1.954651 -0.000000 5
data 11218000 166.419281 1.954552 0.000000 5
data 11219000 166.167984 -1.954543 -0.000000 5
data 11220000 165.921799 1.954446 0.000000 5
data 11221000 165.680679 -1.954435 -0.000000 5
data 11222000 165.444565 1.954340 0.000000 5
data 11223000 165.199310 -1.954330 -0.000000 5
data 11224000 164.948608 1.954232 0.000000 5
data 11225000 164.713501 -1.954221 -0.000000 5
data 11226000 164.483353 1.954126 0.000000 5
data 11227000 164.247574 -1.954115 -0.000000 5
data 11228000 164.016739 1.954021 0.000000 5
data 11229000 163.787292 -1.954008 -0.000000 5
data 11230000 163.555664 1.953914 0.000000 5
data 11231000 163.316650 -1.953903 -0.000000 5
data 11232000 163.082596 1.953808 0.000000 5
data 11233000 162.848221 -1.953796 -0.000000 5
data 11234000 162.597717 1.953699 0.000000 5
data 11235000 162.339996 -1.953691 -0.000000 5
data 11236000 162.083923 1.953592 0.000000 5
data 11237000 161.832993 -1.953584 -0.000000 5
data 11238000 161.587158 1.953487 0.000000 5
data 11239000 161.346375 -1.953476 -0.000000 5
data 11240000 161.108841 1.953381 0.000000 5
data 11241000 160.876266 -1.953369 -0.000000 5
data 11242000 160.648590 1.953275 0.000000 5
data 11243000 160.420502 -1.953262 -0.000000 5
data 11244000 160.197266 1.953169 0.000000 5
data 11245000 159.977066 -1.953155 -0.000000 5
data 11246000 159.759903 1.953063 0.000000 5
data 11247000 159.533386 -1.953050 -0.000000 5
data 11248000 159.306442 1.952957 0.000000 5
data 11249000 159.084335 -1.952943 -0.000000 5
data 11250000 158.845932 1.952848 0.000000 5
data 11251000 158.598450 -1.952838 -0.000000 5
data 11252000 158.356018 1.952742 0.000000 5
data 11253000 158.118561 -1.952731 -0.000000 5
data 11254000 157.882523 1.952636 0.000000 5
data 11255000 157.651413 -1.952624 -0.000000 5
data 11256000 157.425156 1.952531 0.000000 5
data 11257000 157.207245 -1.952516 -0.000000 5
data 11258000 156.994064 1.952425 0.000000 5
data 11259000 156.790802 -1.952408 -0.000000 5
data 11260000 156.593887 1.952320 0.000000 5
data 11261000 156.424286 -1.952297 -0.000000 5
data 11262000 156.258881 1.952214 0.000000 5
data 11263000 156.097641 -1.952190 -0.000000 5
data 11264000 155.940506 1.952109 0.000000 5
data 11265000 155.790955 -1.952083 -0.000000 5
data 11266000 155.650620 1.952004 0.000000 5
data 11267000 155.514160 -1.951976 -0.000000 5
data 11268000 155.376266 1.951898 0.000000 5
data 11269000 155.236893 -1.951870 -0.000000 5
data 11270000 155.101318 1.951792 0.000000 5
data 11271000 154.969528 -1.951763 -0.000000 5
data 11272000 154.839737 1.951687 0.000000 5
data 11273000 154.699615 -1.951659 -0.000000 5
data 11274000 154.559769 1.951581 0.000000 5
data 11275000 154.420181 -1.951552 -0.000000 5
data 11276000 154.266830 1.951472 0.000000 5
data 11277000 154.103363 -1.951448 -0.000000 5
data 11278000 153.921097 1.951363 0.000000 5
data 11279000 153.741226 -1.951342 -0.000000 5
data 11280000 153.511154 1.951248 0.000000 5
data 11281000 153.285767 -1.951235 -0.000000 5
data 11282000 153.063263 1.951142 0.000000 5
data 11283000 152.836578 -1.951130 -0.000000 5
data 11284000 152.612732 1.951037 0.000000 5
data 11285000 152.388260 -1.951024 -0.000000 5
data 11286000 152.166656 1.950931 0.000000 5
data 11287000 151.942596 -1.950918 -0.000000 5
data 11288000 151.709137 1.950824 0.000000 5
data 11289000 151.461090 -1.950815 -0.000000 5
data 11290000 151.210861 1.950718 0.000000 5
data 11291000 150.958542 -1.950709 -0.000000 5
data 11292000 150.709335 1.950612 0.000000 5
data 11293000 150.461548 -1.950603 -0.000000 5
data 11294000 150.218613 1.950507 0.000000 5
data 11295000 149.980499 -1.950496 -0.000000 5
data 11296000 149.703293 1.950395 0.000000 5
data 11297000 149.429535 -1.950390 -0.000000 5
data 11298000 149.150421 1.950288 0.000000 5
data 11299000 148.857239 -1.950287 -0.000000 5
data 11300000 148.569412 1.950183 0.000000 5
data 11301000 148.286880 -1.950180 -0.000000 5
data 11302000 148.002579 1.950077 0.000000 5
data 11303000 147.720032 -1.950074 -0.000000 5
data 11304000 147.442764 1.949972 0.000000 5
data 11305000 147.170715 -1.949967 -0.000000 5
data 11306000 146.903839 1.949867 0.000000 5
data 11307000 146.647308 -1.949860 -0.000000 5
data 11308000 146.409821 1.949765 0.000000 5
data 11309000 146.177155 -1.949753 -0.000000 5
data 11310000 145.952789 1.949661 0.000000 5
data 11311000 145.733109 -1.949647 -0.000000 5
data 11312000 145.518066 1.949556 0.000000 5
data 11313000 145.298843 -1.949542 -0.000000 5
data 11314000 145.084244 1.949451 0.000000 5
data 11315000 144.870758 -1.949436 -0.000000 5
data 11316000 144.642502 1.949343 0.000000 5
data 11317000 144.406738 -1.949332 -0.000000 5
data 11318000 144.173996 1.949238 0.000000 5
data 11319000 143.945999 -1.949225 -0.000000 5
data 11320000 143.722717 1.949133 0.000000 5
data 11321000 143.504105 -1.949119 -0.000000 5
data 11322000 143.290100 1.949028 0.000000 5
data 11323000 143.136765 -1.949003 -0.000000 5
data 11324000 142.996124 1.948925 0.000000 5
data 11325000 142.864532 -1.948896 -0.000000 5
data 11326000 142.773453 1.948827 0.000000 5
data 11327000 142.710205 -1.948785 -0.000000 5
data 11328000 142.658646 1.948724 0.000000 5
data 11329000 142.615204 -1.948678 -0.000000 5
data 11330000 142.574493 1.948619 0.000000 5
data 11331000 142.536453 -1.948573 -0.000000 5
data 11332000 142.501053 1.948514 0.000000 5
data 11333000 142.492752 -1.948462 -0.000000 5
data 11334000 142.486725 1.948409 0.000000 5
data 11335000 142.477676 -1.948358 -0.000000 5
data 11336000 142.470886 1.948304 0.000000 5
data 11337000 142.466293 -1.948252 -0.000000 5
data 11338000 142.463852 1.948199 0.000000 5
data 11339000 142.463531 -1.948146 -0.000000 5
data 11340000 142.465271 1.948094 0.000000 5
data 11341000 142.469040 -1.948041 -0.000000 5
data 11342000 142.474792 1.947989 0.000000 5
data 11343000 142.482498 -1.947935 -0.000000 5
data 11344000 142.479813 1.947882 0.000000 5
data 11345000 142.452805 -1.947834 -0.000000 5
data 11346000 142.412262 1.947774 0.000000 5
data 11347000 142.347763 -1.947733 -0.000000 5
data 11348000 142.271805 1.947667 0.000000 5
data 11349000 142.175735 -1.947631 -0.000000 5
data 11350000 142.031754 1.947553 0.000000 5
data 11351000 141.889359 -1.947526 -0.000000 5
data 11352000 141.685516 1.947437 0.000000 5
data 11353000 141.417374 -1.947432 -0.000000 5
data 11354000 141.111816 1.947326 0.000000 5
data 11355000 140.772797 -1.947333 -0.000000 5
data 11356000 140.419968 1.947218 0.000000 5
data 11357000 140.070908 -1.947227 -0.000000 5
data 11358000 139.715134 1.947112 0.000000 5
data 11359000 139.364990 -1.947121 -0.000000 5
data 11360000 139.020416 1.947008 0.000000 5
data 11361000 138.681381 -1.947015 -0.000000 5
data 11362000 138.346115 1.946903 0.000000 5
data 11363000 138.016327 -1.946909 -0.000000 5
data 11364000 137.693695 1.946800 0.000000 5
data 11365000 137.369446 -1.946804 -0.000000 5
data 11366000 137.050598 1.946696 0.000000 5
data 11367000 136.737106 -1.946698 -0.000000 5
data 11368000 136.428925 1.946592 0.000000 5
data 11369000 136.113724 -1.946595 -0.000000 5
data 11370000 135.803879 1.946488 0.000000 5
data 11371000 135.501144 -1.946488 -0.000000 5
data 11372000 135.214157 1.946386 0.000000 5
data 11373000 134.932251 -1.946383 -0.000000 5
data 11374000 134.662369 1.946283 0.000000 5
data 11375000 134.407944 -1.946275 -0.000000 5
data 11376000 134.160004 1.946179 0.000000 5
data 11377000 133.922043 -1.946169 -0.000000 5
data 11378000 133.692215 1.946076 0.000000 5
data 11379000 133.482681 -1.946060 -0.000000 5
data 11380000 133.277466 1.945972 0.000000 5
data 11381000 133.060776 -1.945957 -0.000000 5
data 11382000 132.844971 1.945867 0.000000 5
data 11383000 132.628311 -1.945853 -0.000000 5
data 11384000 132.402084 1.945761 0.000000 5
data 11385000 132.180359 -1.945747 -0.000000 5
data 11386000 131.959564 1.945656 0.000000 5
data 11387000 131.732712 -1.945643 -0.000000 5
data 11388000 131.510361 1.945552 0.000000 5
data 11389000 131.292480 -1.945538 -0.000000 5
data 11390000 131.079010 1.945448 0.000000 5
data 11391000 130.869919 -1.945433 -0.000000 5
data 11392000 130.665146 1.945344 0.000000 5
data 11393000 130.464661 -1.945327 -0.000000 5
data 11394000 130.268417 1.945240 0.000000 5
data 11395000 130.076370 -1.945222 -0.000000 5
data 11396000 129.888458 1.945136 0.000000 5
data 11397000 129.704651 -1.945116 -0.000000 5
data 11398000 129.519638 1.945032 0.000000 5
data 11399000 129.338699 -1.945011 -0.000000 5
data 11400000 129.135529 1.944923 0.000000 5
data 11401000 128.917389 -1.944909 -0.000000 5
data 11402000 128.694885 1.944818 0.000000 5
data 11403000 128.459351 -1.944807 -0.000000 5
data 11404000 128.202194 1.944710 0.000000 5
data 11405000 127.939339 -1.944703 -0.000000 5
data 11406000 127.679573 1.944606 0.000000 5
data 11407000 127.419403 -1.944599 -0.000000 5
data 11408000 127.151848 1.944500 0.000000 5
data 11409000 126.878792 -1.944495 -0.000000 5
data 11410000 126.601959 1.944395 0.000000 5
data 11411000 126.326653 -1.944391 -0.000000 5
data 11412000 126.040688 1.944288 0.000000 5
data 11413000 125.759872 -1.944285 -0.000000 5
data 11414000 125.484161 1.944185 0.000000 5
data 11415000 125.213516 -1.944180 -0.000000 5
data 11416000 124.947891 1.944081 0.000000 5
data 11417000 124.687225 -1.944075 -0.000000 5
data 11418000 124.445450 1.943980 0.000000 5
data 11419000 124.210136 -1.943969 -0.000000 5
data 11420000 123.979485 1.943877 0.000000 5
data 11421000 123.755241 -1.943864 -0.000000 5
data 11422000 123.539017 1.943774 0.000000 5
data 11423000 123.327263 -1.943759 -0.000000 5
data 11424000 123.125183 1.943671 0.000000 5
data 11425000 122.930946 -1.943653 -0.000000 5
data 11426000 122.742683 1.943568 0.000000 5
data 11427000 122.574348 -1.943545 -0.000000 5
data 11428000 122.409981 1.943465 0.000000 5
data 11429000 122.249535 -1.943441 -0.000000 5
data 11430000 122.077202 1.943358 0.000000 5
data 11431000 121.907135 -1.943336 -0.000000 5
data 11432000 121.739296 1.943254 0.000000 5
data 11433000 121.573601 -1.943231 -0.000000 5
data 11434000 121.404831 1.943150 0.000000 5
data 11435000 121.233009 -1.943128 -0.000000 5
data 11436000 121.056381 1.943045 0.000000 5
data 11437000 120.878510 -1.943024 -0.000000 5
data 11438000 120.702919 1.942941 0.000000 5
data 11439000 120.531319 -1.942919 -0.000000 5
data 11440000 120.363655 1.942838 0.000000 5
data 11441000 120.201614 -1.942814 -0.000000 5
data 11442000 120.043411 1.942734 0.000000 5
data 11443000 119.887260 -1.942710 -0.000000 5
data 11444000 119.722633 1.942629 0.000000 5
data 11445000 119.558388 -1.942605 -0.000000 5
data 11446000 119.397980 1.942525 0.000000 5
data 11447000 119.241364 -1.942501 -0.000000 5
data 11448000 119.086700 1.942422 0.000000 5
data 11449000 118.918274 -1.942399 -0.000000 5
data 11450000 118.741470 1.942316 0.000000 5
data 11451000 118.568611 -1.942294 -0.000000 5
data 11452000 118.375175 1.942209 0.000000 5
data 11453000 118.182381 -1.942190 -0.000000 5
data 11454000 117.990166 1.942105 0.000000 5
data 11455000 117.798515 -1.942086 -0.000000 5
data 11456000 117.602226 1.942000 0.000000 5
data 11457000 117.406555 -1.941982 -0.000000 5
data 11458000 117.213264 1.941897 0.000000 5
data 11459000 116.989151 -1.941884 -0.000000 5
data 11460000 116.769447 1.941794 0.000000 5
data 11461000 116.547134 -1.941781 -0.000000 5
data 11462000 116.323959 1.941690 0.000000 5
data 11463000 116.103409 -1.941676 -0.000000 5
data 11464000 115.887245 1.941587 0.000000 5
data 11465000 115.668434 -1.941573 -0.000000 5
data 11466000 115.453987 1.941484 0.000000 5
data 11467000 115.219444 -1.941473 -0.000000 5
data 11468000 114.968437 1.941377 0.000000 5
data 11469000 114.720398 -1.941368 -0.000000 5
data 11470000 114.456085 1.941270 0.000000 5
data 11471000 114.177399 -1.941267 -0.000000 5
data 11472000 113.895004 1.941166 0.000000 5
data 11473000 113.608894 -1.941164 -0.000000 5
data 11474000 113.327881 1.941063 0.000000 5
data 11475000 113.036217 -1.941062 -0.000000 5
data 11476000 112.749725 1.940960 0.000000 5
data 11477000 112.463104 -1.940959 -0.000000 5
data 11478000 112.172905 1.940856 0.000000 5
data 11479000 111.896599 -1.940853 -0.000000 5
data 11480000 111.623604 1.940753 0.000000 5
data 11481000 111.357353 -1.940748 -0.000000 5
data 11482000 111.096054 1.940650 0.000000 5
data 11483000 110.837921 -1.940644 -0.000000 5
data 11484000 110.584671 1.940548 0.000000 5
data 11485000 110.327530 -1.940541 -0.000000 5
data 11486000 110.028114 1.940437 0.000000 5
data 11487000 109.734016 -1.940436 -0.000000 5
data 11488000 109.441719 1.940334 0.000000 5
data 11489000 109.144180 -1.940334 -0.000000 5
data 11490000 108.843246 1.940230 0.000000 5
data 11491000 108.547676 -1.940229 -0.000000 5
data 11492000 108.245193 1.940125 0.000000 5
data 11493000 107.934128 -1.940127 -0.000000 5
data 11494000 107.628555 1.940022 0.000000 5
data 11495000 107.321449 -1.940024 -0.000000 5
data 11496000 107.018074 1.939919 0.000000 5
data 11497000 106.720139 -1.939920 -0.000000 5
data 11498000 106.422348 1.939816 0.000000 5
data 11499000 106.129959 -1.939815 -0.000000 5
data 11500000 105.829002 1.939711 0.000000 5
data 11501000 105.535217 -1.939711 -0.000000 5
data 11502000 105.245079 1.939609 0.000000 5
data 11503000 104.960289 -1.939606 -0.000000 5
data 11504000 104.680794 1.939506 0.000000 5
data 11505000 104.401283 -1.939503 -0.000000 5
data 11506000 104.100830 1.939399 0.000000 5
data 11507000 103.791939 -1.939401 -0.000000 5
data 11508000 103.485100 1.939296 0.000000 5
data 11509000 103.182076 -1.939297 -0.000000 5
data 11510000 102.870605 1.939191 0.000000 5
data 11511000 102.564758 -1.939193 -0.000000 5
data 11512000 102.264481 1.939089 0.000000 5
data 11513000 101.969719 -1.939089 -0.000000 5
data 11514000 101.680420 1.938987 0.000000 5
data 11515000 101.396538 -1.938985 -0.000000 5
data 11516000 101.119751 1.938885 0.000000 5
data 11517000 100.857033 -1.938879 -0.000000 5
data 11518000 100.620361 1.938786 0.000000 5
data 11519000 100.397301 -1.938774 -0.000000 5
data 11520000 100.187691 1.938686 0.000000 5
data 11521000 100.000175 -1.938667 -0.000000 5
data 11522000 99.829216 1.938585 0.000000 5
data 11523000 99.671211 -1.938561 -0.000000 5
data 11524000 99.518997 1.938483 0.000000 5
data 11525000 99.372505 -1.938457 -0.000000 5
data 11526000 99.229935 1.938381 0.000000 5
data 11527000 99.108711 -1.938350 -0.000000 5
data 11528000 98.996323 1.938279 0.000000 5
data 11529000 98.890984 -1.938246 -0.000000 5
data 11530000 98.785576 1.938176 0.000000 5
data 11531000 98.687126 -1.938142 -0.000000 5
data 11532000 98.592026 1.938074 0.000000 5
data 11533000 98.496704 -1.938039 -0.000000 5
data 11534000 98.408188 1.937972 0.000000 5
data 11535000 98.322884 -1.937935 -0.000000 5
data 11536000 98.242470 1.937870 0.000000 5
data 11537000 98.165154 -1.937832 -0.000000 5
data 11538000 98.092606 1.937768 0.000000 5
data 11539000 98.023048 -1.937728 -0.000000 5
data 11540000 97.956429 1.937665 0.000000 5
data 11541000 97.892693 -1.937625 -0.000000 5
data 11542000 97.831795 1.937563 0.000000 5
data 11543000 97.770233 -1.937522 -0.000000 5
data 11544000 97.711464 1.937461 0.000000 5
data 11545000 97.639732 -1.937422 -0.000000 5
data 11546000 97.562103 1.937357 0.000000 5
data 11547000 97.473412 -1.937321 -0.000000 5
data 11548000 97.379021 1.937253 0.000000 5
data 11549000 97.277237 -1.937219 -0.000000 5
data 11550000 97.150642 1.937146 0.000000 5
data 11551000 97.023949 -1.937116 -0.000000 5
data 11552000 96.879669 1.937040 0.000000 5
data 11553000 96.705788 -1.937019 -0.000000 5
data 11554000 96.523506 1.936936 0.000000 5
data 11555000 96.259720 -1.936930 -0.000000 5
data 11556000 95.998962 1.936834 0.000000 5
data 11557000 95.728981 -1.936829 -0.000000 5
data 11558000 95.394112 1.936720 0.000000 5
data 11559000 95.040398 -1.936729 -0.000000 5
data 11560000 94.681908 1.936616 0.000000 5
data 11561000 94.317032 -1.936628 -0.000000 5
data 11562000 93.951042 1.936513 0.000000 5
data 11563000 93.584030 -1.936525 -0.000000 5
data 11564000 93.212494 1.936410 0.000000 5
data 11565000 92.832985 -1.936424 -0.000000 5
data 11566000 92.454369 1.936307 0.000000 5
data 11567000 92.064423 -1.936324 -0.000000 5
data 11568000 91.680710 1.936206 0.000000 5
data 11569000 91.303185 -1.936220 -0.000000 5
data 11570000 90.931793 1.936104 0.000000 5
data 11571000 90.571693 -1.936115 -0.000000 5
data 11572000 90.224564 1.936004 0.000000 5
data 11573000 89.883308 -1.936012 -0.000000 5
data 11574000 89.551338 1.935903 0.000000 5
data 11575000 89.225113 -1.935908 -0.000000 5
data 11576000 88.949883 1.935809 0.000000 5
data 11577000 88.683350 -1.935804 -0.000000 5
data 11578000 88.442802 1.935712 0.000000 5
data 11579000 88.208817 -1.935701 -0.000000 5
data 11580000 87.990036 1.935612 0.000000 5
data 11581000 87.824677 -1.935589 -0.000000 5
data 11582000 87.665100 1.935510 0.000000 5
data 11583000 87.516434 -1.935485 -0.000000 5
data 11584000 87.371620 1.935408 0.000000 5
data 11585000 87.234131 -1.935381 -0.000000 5
data 11586000 87.100372 1.935307 0.000000 5
data 11587000 86.970291 -1.935278 -0.000000 5
data 11588000 86.843842 1.935205 0.000000 5
data 11589000 86.720970 -1.935175 -0.000000 5
data 11590000 86.598122 1.935103 0.000000 5
data 11591000 86.461365 -1.935075 -0.000000 5
data 11592000 86.319603 1.934999 0.000000 5
data 11593000 86.181549 -1.934972 -0.000000 5
data 11594000 86.012283 1.934892 0.000000 5
data 11595000 85.834747 -1.934871 -0.000000 5
data 11596000 85.654343 1.934789 0.000000 5
data 11597000 85.446609 -1.934774 -0.000000 5
data 11598000 85.210152 1.934682 0.000000 5
data 11599000 84.934822 -1.934678 -0.000000 5
data 11600000 84.605331 1.934570 0.000000 5
data 11601000 84.279724 -1.934575 -0.000000 5
data 11602000 83.933563 1.934465 0.000000 5
data 11603000 83.588028 -1.934473 -0.000000 5
data 11604000 83.244850 1.934363 0.000000 5
data 11605000 82.869156 -1.934376 -0.000000 5
data 11606000 82.496155 1.934261 0.000000 5
data 11607000 82.127571 -1.934274 -0.000000 5
data 11608000 81.749413 1.934157 0.000000 5
data 11609000 81.377480 -1.934170 -0.000000 5
data 11610000 81.006538 1.934055 0.000000 5
data 11611000 80.641785 -1.934067 -0.000000 5
data 11612000 80.288361 1.933955 0.000000 5
data 11613000 79.946228 -1.933963 -0.000000 5
data 11614000 79.606560 1.933854 0.000000 5
data 11615000 79.276268 -1.933859 -0.000000 5
data 11616000 78.951813 1.933753 0.000000 5
data 11617000 78.633141 -1.933756 -0.000000 5
data 11618000 78.332375 1.933654 0.000000 5
data 11619000 78.037155 -1.933653 -0.000000 5
data 11620000 77.764816 1.933556 0.000000 5
data 11621000 77.480377 -1.933554 -0.000000 5
data 11622000 77.216972 1.933457 0.000000 5
data 11623000 76.960487 -1.933450 -0.000000 5
data 11624000 76.709114 1.933356 0.000000 5
data 11625000 76.461075 -1.933348 -0.000000 5
data 11626000 76.218063 1.933255 0.000000 5
data 11627000 75.973106 -1.933246 -0.000000 5
data 11628000 75.740074 1.933155 0.000000 5
data 11629000 75.511917 -1.933144 -0.000000 5
data 11630000 75.302498 1.933057 0.000000 5
data 11631000 75.106422 -1.933039 -0.000000 5
data 11632000 74.914833 1.932956 0.000000 5
data 11633000 74.727676 -1.932937 -0.000000 5
data 11634000 74.546638 1.932855 0.000000 5
data 11635000 74.373436 -1.932834 -0.000000 5
data 11636000 74.230553 1.932758 0.000000 5
data 11637000 74.107277 -1.932729 -0.000000 5
data 11638000 73.987694 1.932657 0.000000 5
data 11639000 73.876953 -1.932625 -0.000000 5
data 11640000 73.769753 1.932556 0.000000 5
data 11641000 73.666046 -1.932523 -0.000000 5
data 11642000 73.565781 1.932455 0.000000 5
data 11643000 73.472366 -1.932420 -0.000000 5
data 11644000 73.378792 1.932353 0.000000 5
data 11645000 73.288521 -1.932318 -0.000000 5
data 11646000 73.192772 1.932250 0.000000 5
data 11647000 73.091599 -1.932217 -0.000000 5
data 11648000 72.990288 1.932149 0.000000 5
data 11649000 72.888840 -1.932115 -0.000000 5
data 11650000 72.790695 1.932048 0.000000 5
data 11651000 72.694077 -1.932013 -0.000000 5
data 11652000 72.590240 1.931945 0.000000 5
data 11653000 72.479256 -1.931913 -0.000000 5
data 11654000 72.369888 1.931843 0.000000 5
data 11655000 72.234238 -1.931816 -0.000000 5
data 11656000 72.095192 1.931741 0.000000 5
data 11657000 71.959763 -1.931714 -0.000000 5
data 11658000 71.824440 1.931640 0.000000 5
data 11659000 71.692673 -1.931612 -0.000000 5
data 11660000 71.564423 1.931539 0.000000 5
data 11661000 71.434441 -1.931510 -0.000000 5
data 11662000 71.304428 1.931437 0.000000 5
data 11663000 71.177887 -1.931408 -0.000000 5
data 11664000 71.054764 1.931336 0.000000 5
data 11665000 70.901955 -1.931312 -0.000000 5
data 11666000 70.752823 1.931235 0.000000 5
data 11667000 70.605598 -1.931210 -0.000000 5
data 11668000 70.453323 1.931133 0.000000 5
data 11669000 70.302925 -1.931108 -0.000000 5
data 11670000 70.152695 1.931032 0.000000 5
data 11671000 70.006088 -1.931006 -0.000000 5
data 11672000 69.863068 1.930931 0.000000 5
data 11673000 69.699219 -1.930908 -0.000000 5
data 11674000 69.533928 1.930829 0.000000 5
data 11675000 69.372398 -1.930806 -0.000000 5
data 11676000 69.209328 1.930728 0.000000 5
data 11677000 69.055237 -1.930704 -0.000000 5
data 11678000 68.899529 1.930626 0.000000 5
data 11679000 68.747467 -1.930601 -0.000000 5
data 11680000 68.599007 1.930525 0.000000 5
data 11681000 68.454102 -1.930500 -0.000000 5
data 11682000 68.312714 1.930425 0.000000 5
data 11683000 68.174805 -1.930398 -0.000000 5
data 11684000 68.040321 1.930324 0.000000 5
data 11685000 67.895317 -1.930298 -0.000000 5
data 11686000 67.753807 1.930223 0.000000 5
data 11687000 67.608818 -1.930198 -0.000000 5
data 11688000 67.463844 1.930122 0.000000 5
data 11689000 67.320564 -1.930096 -0.000000 5
data 11690000 67.182518 1.930022 0.000000 5
data 11691000 67.051338 -1.929994 -0.000000 5
data 11692000 66.923470 1.929921 0.000000 5
data 11693000 66.798882 -1.929892 -0.000000 5
data 11694000 66.672272 1.929820 0.000000 5
data 11695000 66.547180 -1.929791 -0.000000 5
data 11696000 66.425316 1.929719 0.000000 5
data 11697000 66.306641 -1.929689 -0.000000 5
data 11698000 66.172005 1.929615 0.000000 5
data 11699000 66.035477 -1.929588 -0.000000 5
data 11700000 65.884834 1.929512 0.000000 5
data 11701000 65.720276 -1.929489 -0.000000 5
data 11702000 65.554115 1.929411 0.000000 5
data 11703000 65.389839 -1.929388 -0.000000 5
data 11704000 65.229149 1.929310 0.000000 5
data 11705000 65.047653 -1.929291 -0.000000 5
data 11706000 64.866455 1.929209 0.000000 5
data 11707000 64.687241 -1.929189 -0.000000 5
data 11708000 64.487457 1.929105 0.000000 5
data 11709000 64.255135 -1.929094 -0.000000 5
data 11710000 64.001015 1.929000 0.000000 5
data 11711000 63.751419 -1.928992 -0.000000 5
data 11712000 63.485462 1.928896 0.000000 5
data 11713000 63.213715 -1.928892 -0.000000 5
data 11714000 62.943226 1.928796 0.000000 5
data 11715000 62.677460 -1.928790 -0.000000 5
data 11716000 62.395531 1.928692 0.000000 5
data 11717000 62.114994 -1.928689 -0.000000 5
data 11718000 61.821934 1.928589 0.000000 5
data 11719000 61.533859 -1.928588 -0.000000 5
data 11720000 61.250736 1.928489 0.000000 5
data 11721000 60.972519 -1.928486 -0.000000 5
data 11722000 60.695648 1.928388 0.000000 5
data 11723000 60.413246 -1.928386 -0.000000 5
data 11724000 60.135769 1.928288 0.000000 5
data 11725000 59.863178 -1.928284 -0.000000 5
data 11726000 59.588501 1.928187 0.000000 5
data 11727000 59.309975 -1.928184 -0.000000 5
data 11728000 59.036373 1.928087 0.000000 5
data 11729000 58.762447 -1.928084 -0.000000 5
data 11730000 58.493408 1.927987 0.000000 5
data 11731000 58.229210 -1.927982 -0.000000 5
data 11732000 57.969814 1.927887 0.000000 5
data 11733000 57.715176 -1.927881 -0.000000 5
data 11734000 57.465252 1.927788 0.000000 5
data 11735000 57.219994 -1.927779 -0.000000 5
data 11736000 56.935951 1.927680 0.000000 5
data 11737000 56.651745 -1.927678 -0.000000 5
data 11738000 56.369061 1.927580 0.000000 5
data 11739000 56.079281 -1.927579 -0.000000 5
data 11740000 55.792889 1.927480 0.000000 5
data 11741000 55.511581 -1.927477 -0.000000 5
data 11742000 55.235321 1.927380 0.000000 5
data 11743000 54.936234 -1.927381 -0.000000 5
data 11744000 54.630264 1.927278 0.000000 5
data 11745000 54.329617 -1.927279 -0.000000 5
data 11746000 54.034248 1.927179 0.000000 5
data 11747000 53.744114 -1.927178 -0.000000 5
data 11748000 53.455700 1.927078 0.000000 5
data 11749000 53.175926 -1.927076 -0.000000 5
data 11750000 52.896049 1.926978 0.000000 5
data 11751000 52.619545 -1.926975 -0.000000 5
data 11752000 52.337666 1.926876 0.000000 5
data 11753000 52.060925 -1.926873 -0.000000 5
data 11754000 51.758034 1.926772 0.000000 5
data 11755000 51.458778 -1.926772 -0.000000 5
data 11756000 51.164860 1.926672 0.000000 5
data 11757000 50.874496 -1.926671 -0.000000 5
data 11758000 50.582466 1.926571 0.000000 5
data 11759000 50.288738 -1.926571 -0.000000 5
data 11760000 50.000320 1.926472 0.000000 5
data 11761000 49.705040 -1.926472 -0.000000 5
data 11762000 49.415096 1.926372 0.000000 5
data 11763000 49.125248 -1.926371 -0.000000 5
data 11764000 48.825054 1.926270 0.000000 5
data 11765000 48.526806 -1.926271 -0.000000 5
data 11766000 48.227028 1.926170 0.000000 5
data 11767000 47.930939 -1.926170 -0.000000 5
data 11768000 47.640244 1.926070 0.000000 5
data 11769000 47.351425 -1.926069 -0.000000 5
data 11770000 47.069672 1.925971 0.000000 5
data 11771000 46.791443 -1.925968 -0.000000 5
data 11772000 46.518448 1.925872 0.000000 5
data 11773000 46.250637 -1.925867 -0.000000 5
data 11774000 45.987957 1.925772 0.000000 5
data 11775000 45.730358 -1.925766 -0.000000 5
data 11776000 45.477795 1.925673 0.000000 5
data 11777000 45.218033 -1.925667 -0.000000 5
data 11778000 44.959869 1.925573 0.000000 5
data 11779000 44.706749 -1.925566 -0.000000 5
data 11780000 44.462090 1.925474 0.000000 5
data 11781000 44.222340 -1.925465 -0.000000 5
data 11782000 43.987453 1.925375 0.000000 5
data 11783000 43.753918 -1.925364 -0.000000 5
data 11784000 43.535622 1.925277 0.000000 5
data 11785000 43.308056 -1.925266 -0.000000 5
data 11786000 43.085224 1.925178 0.000000 5
data 11787000 42.867077 -1.925165 -0.000000 5
data 11788000 42.653561 1.925079 0.000000 5
data 11789000 42.442902 -1.925064 -0.000000 5
data 11790000 42.236794 1.924979 0.000000 5
data 11791000 42.029995 -1.924965 -0.000000 5
data 11792000 41.829433 1.924881 0.000000 5
data 11793000 41.633312 -1.924864 -0.000000 5
data 11794000 41.441582 1.924781 0.000000 5
data 11795000 41.254196 -1.924763 -0.000000 5
data 11796000 41.074566 1.924682 0.000000 5
data 11797000 40.899143 -1.924662 -0.000000 5
data 11798000 40.726147 1.924583 0.000000 5
data 11799000 40.557278 -1.924562 -0.000000 5
data 11800000 40.394218 1.924484 0.000000 5
data 11801000 40.235172 -1.924461 -0.000000 5
data 11802000 40.080090 1.924385 0.000000 5
data 11803000 39.928921 -1.924360 -0.000000 5
data 11804000 39.781620 1.924285 0.000000 5
data 11805000 39.636406 -1.924260 -0.000000 5
data 11806000 39.494984 1.924186 0.000000 5
data 11807000 39.355568 -1.924160 -0.000000 5
data 11808000 39.209473 1.924085 0.000000 5
data 11809000 39.065418 -1.924060 -0.000000 5
data 11810000 38.923374 1.923986 0.000000 5
data 11811000 38.785046 -1.923959 -0.000000 5
data 11812000 38.650383 1.923886 0.000000 5
data 11813000 38.515877 -1.923859 -0.000000 5
data 11814000 38.384983 1.923787 0.000000 5
data 11815000 38.254189 -1.923759 -0.000000 5
data 11816000 38.126949 1.923688 0.000000 5
data 11817000 37.965054 -1.923666 -0.000000 5
data 11818000 37.789639 1.923586 0.000000 5
data 11819000 37.614750 -1.923566 -0.000000 5
data 11820000 37.442112 1.923487 0.000000 5
data 11821000 37.273430 -1.923465 -0.000000 5
data 11822000 37.108658 1.923388 0.000000 5
data 11823000 36.923496 -1.923369 -0.000000 5
data 11824000 36.719837 1.923285 0.000000 5
data 11825000 36.516972 -1.923269 -0.000000 5
data 11826000 36.288906 1.923181 0.000000 5
data 11827000 36.063564 -1.923169 -0.000000 5
data 11828000 35.823650 1.923079 0.000000 5
data 11829000 35.588371 -1.923069 -0.000000 5
data 11830000 35.357681 1.922980 0.000000 5
data 11831000 35.135002 -1.922968 -0.000000 5
data 11832000 34.916790 1.922881 0.000000 5
data 11833000 34.702995 -1.922867 -0.000000 5
data 11834000 34.503967 1.922784 0.000000 5
data 11835000 34.298767 -1.922769 -0.000000 5
data 11836000 34.097851 1.922685 0.000000 5
data 11837000 33.904636 -1.922668 -0.000000 5
data 11838000 33.715580 1.922586 0.000000 5
data 11839000 33.534100 -1.922567 -0.000000 5
data 11840000 33.353188 1.922487 0.000000 5
data 11841000 33.174561 -1.922467 -0.000000 5
data 11842000 32.999931 1.922388 0.000000 5
data 11843000 32.825787 -1.922368 -0.000000 5
data 11844000 32.655586 1.922289 0.000000 5
data 11845000 32.492748 -1.922267 -0.000000 5
data 11846000 32.330257 1.922190 0.000000 5
data 11847000 32.171574 -1.922167 -0.000000 5
data 11848000 32.016655 1.922091 0.000000 5
data 11849000 31.863724 -1.922067 -0.000000 5
data 11850000 31.714487 1.921992 0.000000 5
data 11851000 31.570631 -1.921967 -0.000000 5
data 11852000 31.418236 1.921891 0.000000 5
data 11853000 31.269510 -1.921867 -0.000000 5
data 11854000 31.122677 1.921792 0.000000 5
data 11855000 30.970781 -1.921768 -0.000000 5
data 11856000 30.800014 1.921690 0.000000 5
data 11857000 30.626152 -1.921669 -0.000000 5
data 11858000 30.404135 1.921582 0.000000 5
data 11859000 30.181280 -1.921570 -0.000000 5
data 11860000 29.950672 1.921482 0.000000 5
data 11861000 29.701996 -1.921474 -0.000000 5
data 11862000 29.435444 1.921379 0.000000 5
data 11863000 29.151205 -1.921378 -0.000000 5
data 11864000 28.840807 1.921276 0.000000 5
data 11865000 28.528837 -1.921279 -0.000000 5
data 11866000 28.208336 1.921175 0.000000 5
data 11867000 27.882868 -1.921180 -0.000000 5
data 11868000 27.559427 1.921076 0.000000 5
data 11869000 27.234539 -1.921081 -0.000000 5
data 11870000 26.906498 1.920977 0.000000 5
data 11871000 26.570150 -1.920984 -0.000000 5
data 11872000 26.222132 1.920875 0.000000 5
data 11873000 25.879898 -1.920883 -0.000000 5
data 11874000 25.543404 1.920777 0.000000 5
data 11875000 25.212599 -1.920783 -0.000000 5
data 11876000 24.887442 1.920679 0.000000 5
data 11877000 24.586935 -1.920680 -0.000000 5
data 11878000 24.303909 1.920583 0.000000 5
data 11879000 24.032995 -1.920579 -0.000000 5
data 11880000 23.781002 1.920487 0.000000 5
data 11881000 23.537346 -1.920478 -0.000000 5
data 11882000 23.319212 1.920392 0.000000 5
data 11883000 23.107336 -1.920378 -0.000000 5
data 11884000 22.908585 1.920295 0.000000 5
data 11885000 22.731480 -1.920276 -0.000000 5
data 11886000 22.558474 1.920197 0.000000 5
data 11887000 22.412035 -1.920172 -0.000000 5
data 11888000 22.269367 1.920099 0.000000 5
data 11889000 22.111370 -1.920076 -0.000000 5
data 11890000 21.957247 1.920000 0.000000 5
data 11891000 21.819075 -1.919974 -0.000000 5
data 11892000 21.672434 1.919900 0.000000 5
data 11893000 21.529528 -1.919875 -0.000000 5
data 11894000 21.385113 1.919801 0.000000 5
data 11895000 21.249588 -1.919774 -0.000000 5
data 11896000 21.112463 1.919702 0.000000 5
data 11897000 20.963354 -1.919677 -0.000000 5
data 11898000 20.814501 1.919603 0.000000 5
data 11899000 20.664162 -1.919579 -0.000000 5
data 11900000 20.510612 1.919503 0.000000 5
data 11901000 20.366005 -1.919478 -0.000000 5
data 11902000 20.221579 1.919405 0.000000 5
data 11903000 20.079060 -1.919379 -0.000000 5
data 11904000 19.924616 1.919304 0.000000 5
data 11905000 19.772167 -1.919280 -0.000000 5
data 11906000 19.623419 1.919206 0.000000 5
data 11907000 19.476595 -1.919181 -0.000000 5
data 11908000 19.323009 1.919106 0.000000 5
data 11909000 19.159262 -1.919084 -0.000000 5
data 11910000 18.992378 1.919006 0.000000 5
data 11911000 18.829315 -1.918984 -0.000000 5
data 11912000 18.645779 1.918904 0.000000 5
data 11913000 18.461031 -1.918886 -0.000000 5
data 11914000 18.250885 1.918801 0.000000 5
data 11915000 18.034603 -1.918788 -0.000000 5
data 11916000 17.812248 1.918701 0.000000 5
data 11917000 17.592545 -1.918689 -0.000000 5
data 11918000 17.375467 1.918603 0.000000 5
data 11919000 17.154062 -1.918591 -0.000000 5
data 11920000 16.904177 1.918500 0.000000 5
data 11921000 16.658968 -1.918492 -0.000000 5
data 11922000 16.407997 1.918400 0.000000 5
data 11923000 16.161720 -1.918392 -0.000000 5
data 11924000 15.920094 1.918302 0.000000 5
data 11925000 15.669271 -1.918295 -0.000000 5
data 11926000 15.436956 1.918207 0.000000 5
data 11927000 15.190161 -1.918199 -0.000000 5
data 11928000 14.927250 1.918106 0.000000 5
data 11929000 14.669181 -1.918100 -0.000000 5
data 11930000 14.415909 1.918008 0.000000 5
data 11931000 14.156997 -1.918002 -0.000000 5
data 11932000 13.902900 1.917910 0.000000 5
data 11933000 13.657038 -1.917902 -0.000000 5
data 11934000 13.405526 1.917811 0.000000 5
data 11935000 13.158767 -1.917803 -0.000000 5
data 11936000 12.927053 1.917715 0.000000 5
data 11937000 12.699895 -1.917704 -0.000000 5
data 11938000 12.475514 1.917617 0.000000 5
data 11939000 12.257348 -1.917604 -0.000000 5
data 11940000 12.043601 1.917519 0.000000 5
data 11941000 11.834229 -1.917505 -0.000000 5
data 11942000 11.643042 1.917424 0.000000 5
data 11943000 11.455996 -1.917406 -0.000000 5
data 11944000 11.273045 1.917326 0.000000 5
data 11945000 11.078554 -1.917309 -0.000000 5
data 11946000 10.888229 1.917228 0.000000 5
data 11947000 10.700294 -1.917211 -0.000000 5
data 11948000 10.511311 1.917130 0.000000 5
data 11949000 10.310840 -1.917114 -0.000000 5
data 11950000 10.105927 1.917031 0.000000 5
data 11951000 9.901814 -1.917016 -0.000000 5
data 11952000 9.691617 1.916932 0.000000 5
data 11953000 9.475344 -1.916919 -0.000000 5
data 11954000 9.263451 1.916834 0.000000 5
data 11955000 9.031696 -1.916824 -0.000000 5
data 11956000 8.768160 1.916730 0.000000 5
data 11957000 8.495692 -1.916727 -0.000000 5
data 11958000 8.226462 1.916633 0.000000 5
data 11959000 7.956978 -1.916629 -0.000000 5
data 11960000 7.690713 1.916535 0.000000 5
data 11961000 7.420711 -1.916531 -0.000000 5
data 11962000 7.150533 1.916437 0.000000 5
data 11963000 6.857671 -1.916437 -0.000000 5
data 11964000 6.568292 1.916339 0.000000 5
data 11965000 6.278905 -1.916338 -0.000000 5
data 11966000 5.989517 1.916241 0.000000 5
data 11967000 5.703600 -1.916240 -0.000000 5
data 11968000 5.421126 1.916143 0.000000 5
data 11969000 5.136924 -1.916142 -0.000000 5
data 11970000 4.857893 1.916046 0.000000 5
data 11971000 4.583985 -1.916043 -0.000000 5
data 11972000 4.308226 1.915948 0.000000 5
data 11973000 4.028908 -1.915945 -0.000000 5
data 11974000 3.751325 1.915850 0.000000 5
data 11975000 3.478873 -1.915846 -0.000000 5
data 11976000 3.211507 1.915753 0.000000 5
data 11977000 2.949178 -1.915748 -0.000000 5
data 11978000 2.681447 1.915654 0.000000 5
data 11979000 2.418765 -1.915649 -0.000000 5
data 11980000 2.161085 1.915557 0.000000 5
data 11981000 1.908360 -1.915550 -0.000000 5
data 11982000 1.660541 1.915460 0.000000 5
data 11983000 1.421045 -1.915451 -0.000000 5
data 11984000 1.182858 1.915362 0.000000 5
data 11985000 0.949435 -1.915352 -0.000000 5
data 11986000 0.724189 1.915265 0.000000 5
data 11987000 0.503575 -1.915253 -0.000000 5
data 11988000 0.254685 1.915163 0.000000 5
data 11989000 -0.032474 -1.915162 -0.000000 5
data 11990000 -0.359287 1.915058 0.000000 5
data 11991000 -0.680412 -1.915063 -0.000000 5
data 11992000 -1.007967 1.914959 0.000000 5
data 11993000 -1.329805 -1.914964 -0.000000 5
data 11994000 -1.645975 1.914862 0.000000 5
data 11995000 -1.958258 -1.914865 -0.000000 5
data 11996000 -2.264953 1.914765 0.000000 5
data 11997000 -2.566110 -1.914767 -0.000000 5
data 11998000 -2.868707 1.914667 0.000000 5
data 11999000 -3.158864 -1.914667 -0.000000 5
data 12000000 -3.450561 1.914569 0.000000 5
data 12001000 -3.740312 -1.914569 -0.000000 5
data 12002000 -4.024667 1.914472 0.000000 5
data 12003000 -4.300211 -1.914469 -0.000000 5
data 12004000 -4.563567 1.914377 0.000000 5
data 12005000 -4.821784 -1.914371 -0.000000 5
data 12006000 -5.074915 1.914280 0.000000 5
data 12007000 -5.321277 -1.914272 -0.000000 5
data 12008000 -5.562670 1.914183 0.000000 5
data 12009000 -5.795681 -1.914173 -0.000000 5
data 12010000 -6.023861 1.914086 0.000000 5
data 12011000 -6.247261 -1.914074 -0.000000 5
data 12012000 -6.465931 1.913989 0.000000 5
data 12013000 -6.686850 -1.913977 -0.000000 5
data 12014000 -6.906533 1.913892 0.000000 5
data 12015000 -7.121530 -1.913879 -0.000000 5
data 12016000 -7.331891 1.913795 0.000000 5
data 12017000 -7.537667 -1.913780 -0.000000 5
data 12018000 -7.740641 1.913698 0.000000 5
data 12019000 -7.939112 -1.913682 -0.000000 5
data 12020000 -8.131398 1.913601 0.000000 5
data 12021000 -8.319300 -1.913584 -0.000000 5
data 12022000 -8.497670 1.913505 0.000000 5
data 12023000 -8.668346 -1.913485 -0.000000 5
data 12024000 -8.838341 1.913408 0.000000 5
data 12025000 -9.004204 -1.913387 -0.000000 5
data 12026000 -9.165985 1.913311 0.000000 5
data 12027000 -9.320270 -1.913288 -0.000000 5
data 12028000 -9.470607 1.913214 0.000000 5
data 12029000 -9.618777 -1.913190 -0.000000 5
data 12030000 -9.763080 1.913117 0.000000 5
data 12031000 -9.907027 -1.913092 -0.000000 5
data 12032000 -10.047168 1.913020 0.000000 5
data 12033000 -10.183551 -1.912995 -0.000000 5
data 12034000 -10.316224 1.912924 0.000000 5
data 12035000 -10.445235 -1.912896 -0.000000 5
data 12036000 -10.570632 1.912827 0.000000 5
data 12037000 -10.692461 -1.912798 -0.000000 5
data 12038000 -10.810770 1.912730 0.000000 5
data 12039000 -10.923874 -1.912700 -0.000000 5
data 12040000 -11.031837 1.912634 0.000000 5
data 12041000 -11.136458 -1.912602 -0.000000 5
data 12042000 -11.234317 1.912537 0.000000 5
data 12043000 -11.313424 -1.912502 -0.000000 5
data 12044000 -11.389523 1.912441 0.000000 5
data 12045000 -11.462659 -1.912404 -0.000000 5
data 12046000 -11.532877 1.912344 0.000000 5
data 12047000 -11.600222 -1.912306 -0.000000 5
data 12048000 -11.664738 1.912247 0.000000 5
data 12049000 -11.728202 -1.912209 -0.000000 5
data 12050000 -11.790640 1.912150 0.000000 5
data 12051000 -11.855541 -1.912112 -0.000000 5
data 12052000 -11.917700 1.912053 0.000000 5
data 12053000 -11.985765 -1.912016 -0.000000 5
data 12054000 -12.044209 1.911957 0.000000 5
data 12055000 -12.100020 -1.911918 -0.000000 5
data 12056000 -12.160116 1.911860 0.000000 5
data 12057000 -12.219323 -1.911821 -0.000000 5
data 12058000 -12.275934 1.911763 0.000000 5
data 12059000 -12.329990 -1.911723 -0.000000 5
data 12060000 -12.381531 1.911666 0.000000 5
data 12061000 -12.432330 -1.911626 -0.000000 5
data 12062000 -12.478946 1.911570 0.000000 5
data 12063000 -12.523168 -1.911528 -0.000000 5
data 12064000 -12.565036 1.911473 0.000000 5
data 12065000 -12.589053 -1.911428 -0.000000 5
data 12066000 -12.610956 1.911376 0.000000 5
data 12067000 -12.648051 -1.911334 -0.000000 5
data 12068000 -12.682929 1.911279 0.000000 5
data 12069000 -12.707022 -1.911235 -0.000000 5
data 12070000 -12.711795 1.911186 0.000000 5
data 12071000 -12.732000 -1.911140 -0.000000 5
data 12072000 -12.762300 1.911087 0.000000 5
data 12073000 -12.790533 -1.911043 -0.000000 5
data 12074000 -12.816737 1.910990 0.000000 5
data 12075000 -12.828877 -1.910944 -0.000000 5
data 12076000 -12.839185 1.910893 0.000000 5
data 12077000 -12.835569 -1.910844 -0.000000 5
data 12078000 -12.830317 1.910797 0.000000 5
data 12079000 -12.823462 -1.910747 -0.000000 5
data 12080000 -12.815040 1.910700 0.000000 5
data 12081000 -12.801674 -1.910649 -0.000000 5
data 12082000 -12.790253 1.910603 0.000000 5
data 12083000 -12.780828 -1.910553 -0.000000 5
data 12084000 -12.782004 1.910504 0.000000 5
data 12085000 -12.781618 -1.910456 -0.000000 5
data 12086000 -12.779700 1.910408 0.000000 5
data 12087000 -12.778016 -1.910359 -0.000000 5
data 12088000 -12.785240 1.910309 0.000000 5
data 12089000 -12.794366 -1.910262 -0.000000 5
data 12090000 -12.807068 1.910212 0.000000 5
data 12091000 -12.821643 -1.910166 -0.000000 5
data 12092000 -12.831159 1.910116 0.000000 5
data 12093000 -12.839145 -1.910069 -0.000000 5
data 12094000 -12.842167 1.910020 0.000000 5
data 12095000 -12.843754 -1.909972 -0.000000 5
data 12096000 -12.843935 1.909923 0.000000 5
data 12097000 -12.842740 -1.909875 -0.000000 5
data 12098000 -12.838518 1.909827 0.000000 5
data 12099000 -12.832994 -1.909778 -0.000000 5
data 12100000 -12.822730 1.909731 0.000000 5
data 12101000 -12.814719 -1.909681 -0.000000 5
data 12102000 -12.805488 1.909635 0.000000 5
data 12103000 -12.791598 -1.909584 -0.000000 5
data 12104000 -12.776579 1.909538 0.000000 5
data 12105000 -12.755258 -1.909486 -0.000000 5
data 12106000 -12.738109 1.909441 0.000000 5
data 12107000 -12.718175 -1.909389 -0.000000 5
data 12108000 -12.697232 1.909344 0.000000 5
data 12109000 -12.677037 -1.909293 -0.000000 5
data 12110000 -12.654133 1.909248 0.000000 5
data 12111000 -12.630294 -1.909196 -0.000000 5
data 12112000 -12.605543 1.909152 0.000000 5
data 12113000 -12.574710 -1.909098 -0.000000 5
data 12114000 -12.543068 1.909055 0.000000 5
data 12115000 -12.505443 -1.909001 -0.000000 5
data 12116000 -12.460234 1.908960 0.000000 5
data 12117000 -12.414409 -1.908904 -0.000000 5
data 12118000 -12.367990 1.908863 0.000000 5
data 12119000 -12.321002 -1.908807 -0.000000 5
data 12120000 -12.270000 1.908767 0.000000 5
data 12121000 -12.218504 -1.908711 -0.000000 5
data 12122000 -12.164805 1.908671 0.000000 5
data 12123000 -12.112407 -1.908614 -0.000000 5
data 12124000 -12.064774 1.908574 0.000000 5
data 12125000 -12.030479 -1.908520 -0.000000 5
data 12126000 -11.981795 1.908480 0.000000 5
data 12127000 -11.930954 -1.908423 -0.000000 5
data 12128000 -11.881456 1.908383 0.000000 5
data 12129000 -11.836715 -1.908328 -0.000000 5
data 12130000 -11.793283 1.908287 0.000000 5
data 12131000 -11.756357 -1.908232 -0.000000 5
data 12132000 -11.712029 1.908191 0.000000 5
data 12133000 -11.667315 -1.908136 -0.000000 5
data 12134000 -11.622232 1.908095 0.000000 5
data 12135000 -11.576798 -1.908039 -0.000000 5
data 12136000 -11.541422 1.907997 0.000000 5
data 12137000 -11.505621 -1.907943 -0.000000 5
data 12138000 -11.469411 1.907901 0.000000 5
data 12139000 -11.432807 -1.907847 -0.000000 5
data 12140000 -11.395825 1.907805 0.000000 5
data 12141000 -11.361947 -1.907751 -0.000000 5
data 12142000 -11.324222 1.907709 0.000000 5
data 12143000 -11.286164 -1.907655 -0.000000 5
data 12144000 -11.247791 1.907613 0.000000 5
data 12145000 -11.207384 -1.907558 -0.000000 5
data 12146000 -11.168439 1.907516 0.000000 5
data 12147000 -11.129221 -1.907462 -0.000000 5
data 12148000 -11.088011 1.907420 0.000000 5
data 12149000 -11.044841 -1.907365 -0.000000 5
data 12150000 -11.001474 1.907324 0.000000 5
data 12151000 -10.959657 -1.907269 -0.000000 5
data 12152000 -10.915918 1.907228 0.000000 5
data 12153000 -10.873755 -1.907173 -0.000000 5
data 12154000 -10.836626 1.907131 0.000000 5
data 12155000 -10.799293 -1.907077 -0.000000 5
data 12156000 -10.766909 1.907034 0.000000 5
data 12157000 -10.734292 -1.906981 -0.000000 5
data 12158000 -10.701453 1.906938 0.000000 5
data 12159000 -10.663260 -1.906884 -0.000000 5
data 12160000 -10.624923 1.906842 0.000000 5
data 12161000 -10.591593 -1.906788 -0.000000 5
data 12162000 -10.552943 1.906747 0.000000 5
data 12163000 -10.510716 -1.906692 -0.000000 5
data 12164000 -10.468423 1.906651 0.000000 5
data 12165000 -10.426072 -1.906596 -0.000000 5
data 12166000 -10.383676 1.906555 0.000000 5
data 12167000 -10.342976 -1.906500 -0.000000 5
data 12168000 -10.302231 1.906459 0.000000 5
data 12169000 -10.254522 -1.906403 -0.000000 5
data 12170000 -10.205129 1.906363 0.000000 5
data 12171000 -10.157539 -1.906307 -0.000000 5
data 12172000 -10.116943 1.906266 0.000000 5
data 12173000 -10.076348 -1.906211 -0.000000 5
data 12174000 -10.035763 1.906170 0.000000 5
data 12175000 -9.998607 -1.906116 -0.000000 5
data 12176000 -9.963174 1.906074 0.000000 5
data 12177000 -9.931187 -1.906020 -0.000000 5
data 12178000 -9.899153 1.905978 0.000000 5
data 12179000 -9.867080 -1.905924 -0.000000 5
data 12180000 -9.834975 1.905882 0.000000 5
data 12181000 -9.802848 -1.905829 -0.000000 5
data 12182000 -9.770702 1.905786 0.000000 5
data 12183000 -9.729941 -1.905731 -0.000000 5
data 12184000 -9.689267 1.905690 0.000000 5
data 12185000 -9.648687 -1.905635 -0.000000 5
data 12186000 -9.604743 1.905595 0.000000 5
data 12187000 -9.560942 -1.905540 -0.000000 5
data 12188000 -9.517289 1.905499 0.000000 5
data 12189000 -9.477256 -1.905444 -0.000000 5
data 12190000 -9.442491 1.905402 0.000000 5
data 12191000 -9.402660 -1.905348 -0.000000 5
data 12192000 -9.368110 1.905306 0.000000 5
data 12193000 -9.328506 -1.905251 -0.000000 5
data 12194000 -9.289051 1.905210 0.000000 5
data 12195000 -9.254891 -1.905156 -0.000000 5
data 12196000 -9.220838 1.905114 0.000000 5
data 12197000 -9.186894 -1.905061 -0.000000 5
data 12198000 -9.153067 1.905018 0.000000 5
data 12199000 -9.121091 -1.904965 -0.000000 5
data 12200000 -9.089222 1.904922 0.000000 5
test/test_fsm.cpp:194:test_FSM_CSV:PASS

-----------------------
1 Tests 0 Failures 0 Ignored 
OK

----------------------- sil:* [PASSED] Took 2.57 seconds -----------------------

=================================== SUMMARY ===================================
Environment    Test    Status    Duration
-------------  ------  --------  ------------
nucleo_f411re  *       SKIPPED
sil            *       PASSED    00:00:02.570
================== 1 test cases: 1 succeeded in 00:00:02.570 ==================
